condition,seed,horizon,scope,rmse_kw,nrmse,mae_kw,r2,trajectory_diff_mae_kw,parameter_count,parameter_difference_vs_mean_only_pct,actual_epochs,best_epoch,best_validation_rmse_kw,training_seconds,mean_epoch_seconds,inference_seconds,inference_ms_per_sample,test_samples,ramp_threshold_kw
MEAN_ONLY,42,3,regular_full_timeline,0.40308155077020325,0.0639811985349529,0.19502899050712585,0.9512907045306201,0.1351211667060852,74444,1.2895599376712696,20,15,0.4413650929927826,56.87204120000001,2.8317091600000026,0.40628209999999854,0.02334820412619956,17401,0.15069979429244995
MEAN_ONLY,42,3,daylight,0.559670830397977,0.08883663974571064,0.34368544816970825,0.9039271894439168,0.1351211667060852,74444,1.2895599376712696,20,15,0.4413650929927826,56.87204120000001,2.8317091600000026,0.40628209999999854,0.02334820412619956,17401,0.15069979429244995
MEAN_ONLY,42,3,ramp,0.8548354848895481,0.13568817220469018,0.6353240013122559,0.6451753190698581,0.1351211667060852,74444,1.2895599376712696,20,15,0.4413650929927826,56.87204120000001,2.8317091600000026,0.40628209999999854,0.02334820412619956,17401,0.15069979429244995
MEAN_ONLY,42,6,regular_full_timeline,0.44002306113714573,0.06984493033922948,0.2094784677028656,0.9419520120783026,0.1326143592596054,74444,1.2895599376712696,20,15,0.4413650929927826,56.87204120000001,2.8317091600000026,0.40628209999999854,0.02334820412619956,17401,0.15069979429244995
MEAN_ONLY,42,6,daylight,0.6117913925281827,0.09710974484574329,0.37958788871765137,0.8852058060488285,0.1326143592596054,74444,1.2895599376712696,20,15,0.4413650929927826,56.87204120000001,2.8317091600000026,0.40628209999999854,0.02334820412619956,17401,0.15069979429244995
MEAN_ONLY,42,6,ramp,0.9048041945388058,0.14361971341885807,0.671321451663971,0.6025526191661563,0.1326143592596054,74444,1.2895599376712696,20,15,0.4413650929927826,56.87204120000001,2.8317091600000026,0.40628209999999854,0.02334820412619956,17401,0.15069979429244995
MEAN_ONLY,42,12,regular_full_timeline,0.4817674653906419,0.07647102625248285,0.2312507927417755,0.9303750158137819,0.13394679129123688,74444,1.2895599376712696,20,15,0.4413650929927826,56.87204120000001,2.8317091600000026,0.40628209999999854,0.02334820412619956,17401,0.15069979429244995
MEAN_ONLY,42,12,daylight,0.6701190980702234,0.10636811080479737,0.4227704405784607,0.8622063120984487,0.13394679129123688,74444,1.2895599376712696,20,15,0.4413650929927826,56.87204120000001,2.8317091600000026,0.40628209999999854,0.02334820412619956,17401,0.15069979429244995
MEAN_ONLY,42,12,ramp,0.9608326986585927,0.15251312677120518,0.7169058918952942,0.5510155934826902,0.13394679129123688,74444,1.2895599376712696,20,15,0.4413650929927826,56.87204120000001,2.8317091600000026,0.40628209999999854,0.02334820412619956,17401,0.15069979429244995
MEAN_ONLY,43,3,regular_full_timeline,0.4123814484715611,0.06545737277326368,0.19590820372104645,0.949017136829928,0.13355237245559692,74444,1.2895599376712696,18,13,0.4465055465698242,51.4404069000002,2.8460326611111038,0.381890999999996,0.021946497327739553,17401,0.15069979429244995
MEAN_ONLY,43,3,daylight,0.5736554035833658,0.09105641326720092,0.36020007729530334,0.8990660339337784,0.13355237245559692,74444,1.2895599376712696,18,13,0.4465055465698242,51.4404069000002,2.8460326611111038,0.381890999999996,0.021946497327739553,17401,0.15069979429244995
MEAN_ONLY,43,3,ramp,0.8633180498245667,0.13703461108326456,0.6435917615890503,0.6380985009283873,0.13355237245559692,74444,1.2895599376712696,18,13,0.4465055465698242,51.4404069000002,2.8460326611111038,0.381890999999996,0.021946497327739553,17401,0.15069979429244995
MEAN_ONLY,43,6,regular_full_timeline,0.4475229847189196,0.0710353943998285,0.21256747841835022,0.9399563664589307,0.13295644521713257,74444,1.2895599376712696,18,13,0.4465055465698242,51.4404069000002,2.8460326611111038,0.381890999999996,0.021946497327739553,17401,0.15069979429244995
MEAN_ONLY,43,6,daylight,0.6225169927123819,0.09881222106545745,0.3879808783531189,0.8811455039013064,0.13295644521713257,74444,1.2895599376712696,18,13,0.4465055465698242,51.4404069000002,2.8460326611111038,0.381890999999996,0.021946497327739553,17401,0.15069979429244995
MEAN_ONLY,43,6,ramp,0.9159564098747546,0.14538990632932614,0.6818859577178955,0.5926947231601596,0.13295644521713257,74444,1.2895599376712696,18,13,0.4465055465698242,51.4404069000002,2.8460326611111038,0.381890999999996,0.021946497327739553,17401,0.15069979429244995
MEAN_ONLY,43,12,regular_full_timeline,0.4876216706028064,0.07740026517504864,0.23452074825763702,0.9286726380584689,0.13141803443431854,74444,1.2895599376712696,18,13,0.4465055465698242,51.4404069000002,2.8460326611111038,0.381890999999996,0.021946497327739553,17401,0.15069979429244995
MEAN_ONLY,43,12,daylight,0.678385792522851,0.10768028452743668,0.4270092844963074,0.8587856570318875,0.13141803443431854,74444,1.2895599376712696,18,13,0.4465055465698242,51.4404069000002,2.8460326611111038,0.381890999999996,0.021946497327739553,17401,0.15069979429244995
MEAN_ONLY,43,12,ramp,0.9724853549335075,0.15436275475135042,0.7279741168022156,0.5400592719375836,0.13141803443431854,74444,1.2895599376712696,18,13,0.4465055465698242,51.4404069000002,2.8460326611111038,0.381890999999996,0.021946497327739553,17401,0.15069979429244995
MEAN_ONLY,44,3,regular_full_timeline,0.40727747683510424,0.06464721854525464,0.18773534893989563,0.9502713358698962,0.13048310577869415,74444,1.2895599376712696,22,17,0.44905948638916016,61.77579229999992,2.796280449999999,0.36803509999981543,0.02115022699843776,17401,0.15069979429244995
MEAN_ONLY,44,3,daylight,0.5663833876632572,0.08990212502591385,0.3409993350505829,0.9016088144619707,0.13048310577869415,74444,1.2895599376712696,22,17,0.44905948638916016,61.77579229999992,2.796280449999999,0.36803509999981543,0.02115022699843776,17401,0.15069979429244995
MEAN_ONLY,44,3,ramp,0.8694307336007164,0.13800487834932007,0.649350643157959,0.6329555157934843,0.13048310577869415,74444,1.2895599376712696,22,17,0.44905948638916016,61.77579229999992,2.796280449999999,0.36803509999981543,0.02115022699843776,17401,0.15069979429244995
MEAN_ONLY,44,6,regular_full_timeline,0.4464519211929738,0.07086538431634505,0.20687218010425568,0.940243428048403,0.1329408586025238,74444,1.2895599376712696,22,17,0.44905948638916016,61.77579229999992,2.796280449999999,0.36803509999981543,0.02115022699843776,17401,0.15069979429244995
MEAN_ONLY,44,6,daylight,0.6207279111547864,0.09852823986583911,0.37437283992767334,0.8818276870298148,0.1329408586025238,74444,1.2895599376712696,22,17,0.44905948638916016,61.77579229999992,2.796280449999999,0.36803509999981543,0.02115022699843776,17401,0.15069979429244995
MEAN_ONLY,44,6,ramp,0.9245539711072929,0.14675459858845918,0.6885971426963806,0.5850125336395657,0.1329408586025238,74444,1.2895599376712696,22,17,0.44905948638916016,61.77579229999992,2.796280449999999,0.36803509999981543,0.02115022699843776,17401,0.15069979429244995
MEAN_ONLY,44,12,regular_full_timeline,0.49055273046156467,0.07786551277167693,0.2345530092716217,0.9278125714650507,0.13210412859916687,74444,1.2895599376712696,22,17,0.44905948638916016,61.77579229999992,2.796280449999999,0.36803509999981543,0.02115022699843776,17401,0.15069979429244995
MEAN_ONLY,44,12,daylight,0.6818392008012467,0.10822844457162646,0.4201297461986542,0.8573442580333882,0.13210412859916687,74444,1.2895599376712696,22,17,0.44905948638916016,61.77579229999992,2.796280449999999,0.36803509999981543,0.02115022699843776,17401,0.15069979429244995
MEAN_ONLY,44,12,ramp,0.9792927227989762,0.15544328933317084,0.7342929244041443,0.5335976018806068,0.13210412859916687,74444,1.2895599376712696,22,17,0.44905948638916016,61.77579229999992,2.796280449999999,0.36803509999981543,0.02115022699843776,17401,0.15069979429244995
HF_DYNAMICS,42,3,regular_full_timeline,0.40508758695729025,0.06429961697734767,0.20395494997501373,0.9508046731694133,0.1367175132036209,75404,1.2895599376712696,12,7,0.4553034007549286,35.795547199999874,2.972611625000013,0.46736220000002504,0.026858352968221658,17401,0.15069979429244995
HF_DYNAMICS,42,3,daylight,0.561699960577408,0.08915872390117588,0.3505460321903229,0.9032292849671948,0.1367175132036209,75404,1.2895599376712696,12,7,0.4553034007549286,35.795547199999874,2.972611625000013,0.46736220000002504,0.026858352968221658,17401,0.15069979429244995
HF_DYNAMICS,42,3,ramp,0.8321734383025697,0.13209102195278885,0.6223961114883423,0.6637390414226308,0.1367175132036209,75404,1.2895599376712696,12,7,0.4553034007549286,35.795547199999874,2.972611625000013,0.46736220000002504,0.026858352968221658,17401,0.15069979429244995
HF_DYNAMICS,42,6,regular_full_timeline,0.4445784525289044,0.07056800833792133,0.2142404466867447,0.9407438957909897,0.13302414119243622,75404,1.2895599376712696,12,7,0.4553034007549286,35.795547199999874,2.972611625000013,0.46736220000002504,0.026858352968221658,17401,0.15069979429244995
HF_DYNAMICS,42,6,daylight,0.6178050754006444,0.09806429768264198,0.38429388403892517,0.8829379406837551,0.13302414119243622,75404,1.2895599376712696,12,7,0.4553034007549286,35.795547199999874,2.972611625000013,0.46736220000002504,0.026858352968221658,17401,0.15069979429244995
HF_DYNAMICS,42,6,ramp,0.8987232583090496,0.1426544854458809,0.6694749593734741,0.6078769235849886,0.13302414119243622,75404,1.2895599376712696,12,7,0.4553034007549286,35.795547199999874,2.972611625000013,0.46736220000002504,0.026858352968221658,17401,0.15069979429244995
HF_DYNAMICS,42,12,regular_full_timeline,0.4929209043616772,0.0782414133907424,0.24139860272407532,0.9271139087026934,0.13625378906726837,75404,1.2895599376712696,12,7,0.4553034007549286,35.795547199999874,2.972611625000013,0.46736220000002504,0.026858352968221658,17401,0.15069979429244995
HF_DYNAMICS,42,12,daylight,0.6852378692207323,0.10876791574932258,0.43558013439178467,0.8559185606947047,0.13625378906726837,75404,1.2895599376712696,12,7,0.4553034007549286,35.795547199999874,2.972611625000013,0.46736220000002504,0.026858352968221658,17401,0.15069979429244995
HF_DYNAMICS,42,12,ramp,0.9681284972017487,0.1536711900320236,0.7244724035263062,0.5441712248582662,0.13625378906726837,75404,1.2895599376712696,12,7,0.4553034007549286,35.795547199999874,2.972611625000013,0.46736220000002504,0.026858352968221658,17401,0.15069979429244995
HF_DYNAMICS,43,3,regular_full_timeline,0.4021310892388152,0.06383033162520876,0.19024556875228882,0.951520145341789,0.1370059996843338,75404,1.2895599376712696,12,7,0.46047940850257874,35.758162200000015,2.968269249999935,0.40088630000013836,0.02303811849894479,17401,0.15069979429244995
HF_DYNAMICS,43,3,daylight,0.5591261667213403,0.08875018519386355,0.3471675217151642,0.9041140846141476,0.1370059996843338,75404,1.2895599376712696,12,7,0.46047940850257874,35.758162200000015,2.968269249999935,0.40088630000013836,0.02303811849894479,17401,0.15069979429244995
HF_DYNAMICS,43,3,ramp,0.84021945800025,0.13336816793654763,0.6243423223495483,0.6572052143336558,0.1370059996843338,75404,1.2895599376712696,12,7,0.46047940850257874,35.758162200000015,2.968269249999935,0.40088630000013836,0.02303811849894479,17401,0.15069979429244995
HF_DYNAMICS,43,6,regular_full_timeline,0.4442338427952735,0.07051330838020214,0.2117704153060913,0.940835722522086,0.1386689841747284,75404,1.2895599376712696,12,7,0.46047940850257874,35.758162200000015,2.968269249999935,0.40088630000013836,0.02303811849894479,17401,0.15069979429244995
HF_DYNAMICS,43,6,daylight,0.6175496933899326,0.09802376085554486,0.3841594457626343,0.8830347051955374,0.1386689841747284,75404,1.2895599376712696,12,7,0.46047940850257874,35.758162200000015,2.968269249999935,0.40088630000013836,0.02303811849894479,17401,0.15069979429244995
HF_DYNAMICS,43,6,ramp,0.9051336779316053,0.14367201237009608,0.6719246506690979,0.6022631117198097,0.1386689841747284,75404,1.2895599376712696,12,7,0.46047940850257874,35.758162200000015,2.968269249999935,0.40088630000013836,0.02303811849894479,17401,0.15069979429244995
HF_DYNAMICS,43,12,regular_full_timeline,0.49352696729256046,0.07833761385596198,0.2424035668373108,0.9269345698655804,0.1371934562921524,75404,1.2895599376712696,12,7,0.46047940850257874,35.758162200000015,2.968269249999935,0.40088630000013836,0.02303811849894479,17401,0.15069979429244995
HF_DYNAMICS,43,12,daylight,0.6857856052249088,0.10885485797220776,0.4363522529602051,0.8556881285288617,0.1371934562921524,75404,1.2895599376712696,12,7,0.46047940850257874,35.758162200000015,2.968269249999935,0.40088630000013836,0.02303811849894479,17401,0.15069979429244995
HF_DYNAMICS,43,12,ramp,0.9726599574497145,0.15439046943646262,0.7269906401634216,0.5398941127735097,0.1371934562921524,75404,1.2895599376712696,12,7,0.46047940850257874,35.758162200000015,2.968269249999935,0.40088630000013836,0.02303811849894479,17401,0.15069979429244995
HF_DYNAMICS,44,3,regular_full_timeline,0.42110951169440525,0.06684277963403258,0.22718165814876556,0.9468361900623947,0.1446014791727066,75404,1.2895599376712696,10,5,0.45533809065818787,29.959463900000173,2.9849630600000183,0.4064917000000605,0.02336024941095687,17401,0.15069979429244995
HF_DYNAMICS,44,3,daylight,0.5789996824658961,0.09190471150252319,0.36975088715553284,0.8971766351808058,0.1446014791727066,75404,1.2895599376712696,10,5,0.45533809065818787,29.959463900000173,2.9849630600000183,0.4064917000000605,0.02336024941095687,17401,0.15069979429244995
HF_DYNAMICS,44,3,ramp,0.8535397174848021,0.13548249483885746,0.6373874545097351,0.6462501927110829,0.1446014791727066,75404,1.2895599376712696,10,5,0.45533809065818787,29.959463900000173,2.9849630600000183,0.4064917000000605,0.02336024941095687,17401,0.15069979429244995
HF_DYNAMICS,44,6,regular_full_timeline,0.4536611246392502,0.0720097023236905,0.23556941747665405,0.9382979778265337,0.14750239253044128,75404,1.2895599376712696,10,5,0.45533809065818787,29.959463900000173,2.9849630600000183,0.4064917000000605,0.02336024941095687,17401,0.15069979429244995
HF_DYNAMICS,44,6,daylight,0.6269150481738339,0.09951032510695777,0.39683088660240173,0.8794601626783776,0.14750239253044128,75404,1.2895599376712696,10,5,0.45533809065818787,29.959463900000173,2.9849630600000183,0.4064917000000605,0.02336024941095687,17401,0.15069979429244995
HF_DYNAMICS,44,6,ramp,0.9112462732581604,0.1446422655965334,0.6780335307121277,0.59687294052747,0.14750239253044128,75404,1.2895599376712696,10,5,0.45533809065818787,29.959463900000173,2.9849630600000183,0.4064917000000605,0.02336024941095687,17401,0.15069979429244995
HF_DYNAMICS,44,12,regular_full_timeline,0.49387104989077035,0.07839223014139213,0.24901290237903595,0.9268326500971453,0.14104034006595612,75404,1.2895599376712696,10,5,0.45533809065818787,29.959463900000173,2.9849630600000183,0.4064917000000605,0.02336024941095687,17401,0.15069979429244995
HF_DYNAMICS,44,12,daylight,0.6847330680806666,0.1086877885842328,0.43627452850341797,0.8561307615507828,0.14104034006595612,75404,1.2895599376712696,10,5,0.45533809065818787,29.959463900000173,2.9849630600000183,0.4064917000000605,0.02336024941095687,17401,0.15069979429244995
HF_DYNAMICS,44,12,ramp,0.9729881792654029,0.15444256813736554,0.7260832786560059,0.539583528153806,0.14104034006595612,75404,1.2895599376712696,10,5,0.45533809065818787,29.959463900000173,2.9849630600000183,0.4064917000000605,0.02336024941095687,17401,0.15069979429244995
