section,entity,year,stage,metric,value,unit,status,source_path,notes
decision,C1-S2,,,verdict,C1_FORMAL_DATA_FAIL,,FAIL,,Read-only evidence decision; no training authorization is implied.
second_level_irradiance,Alice Springs MB0/MB1/MB2,2021,,file_exists,false,boolean,FAIL,C:\Users\Zhujiangkun-Yohkoh\Desktop\光伏项目_最新\PV_improve_v1\原始Dataset\高分辨率气象数据集\fsm1m_7111_ekistica-alice-springs-ekistica-alice-springs_irradiancedata_1sec_2021.csv,UTC is authoritative; exported Local is not used; structural bins are left-closed calendar bins.
second_level_irradiance,Alice Springs MB0/MB1/MB2,2021,,file_size_bytes,0,bytes,FAIL,C:\Users\Zhujiangkun-Yohkoh\Desktop\光伏项目_最新\PV_improve_v1\原始Dataset\高分辨率气象数据集\fsm1m_7111_ekistica-alice-springs-ekistica-alice-springs_irradiancedata_1sec_2021.csv,UTC is authoritative; exported Local is not used; structural bins are left-closed calendar bins.
second_level_irradiance,Alice Springs MB0/MB1/MB2,2021,,physical_lines,0,lines,FAIL,C:\Users\Zhujiangkun-Yohkoh\Desktop\光伏项目_最新\PV_improve_v1\原始Dataset\高分辨率气象数据集\fsm1m_7111_ekistica-alice-springs-ekistica-alice-springs_irradiancedata_1sec_2021.csv,UTC is authoritative; exported Local is not used; structural bins are left-closed calendar bins.
second_level_irradiance,Alice Springs MB0/MB1/MB2,2021,,expected_seconds,31536000,seconds,FAIL,C:\Users\Zhujiangkun-Yohkoh\Desktop\光伏项目_最新\PV_improve_v1\原始Dataset\高分辨率气象数据集\fsm1m_7111_ekistica-alice-springs-ekistica-alice-springs_irradiancedata_1sec_2021.csv,UTC is authoritative; exported Local is not used; structural bins are left-closed calendar bins.
second_level_irradiance,Alice Springs MB0/MB1/MB2,2021,,parseable_target_year_unique_seconds,0,seconds,FAIL,C:\Users\Zhujiangkun-Yohkoh\Desktop\光伏项目_最新\PV_improve_v1\原始Dataset\高分辨率气象数据集\fsm1m_7111_ekistica-alice-springs-ekistica-alice-springs_irradiancedata_1sec_2021.csv,UTC is authoritative; exported Local is not used; structural bins are left-closed calendar bins.
second_level_irradiance,Alice Springs MB0/MB1/MB2,2021,,first_parseable_utc,UNKNOWN,UTC,FAIL,C:\Users\Zhujiangkun-Yohkoh\Desktop\光伏项目_最新\PV_improve_v1\原始Dataset\高分辨率气象数据集\fsm1m_7111_ekistica-alice-springs-ekistica-alice-springs_irradiancedata_1sec_2021.csv,UTC is authoritative; exported Local is not used; structural bins are left-closed calendar bins.
second_level_irradiance,Alice Springs MB0/MB1/MB2,2021,,last_parseable_utc,UNKNOWN,UTC,FAIL,C:\Users\Zhujiangkun-Yohkoh\Desktop\光伏项目_最新\PV_improve_v1\原始Dataset\高分辨率气象数据集\fsm1m_7111_ekistica-alice-springs-ekistica-alice-springs_irradiancedata_1sec_2021.csv,UTC is authoritative; exported Local is not used; structural bins are left-closed calendar bins.
second_level_irradiance,Alice Springs MB0/MB1/MB2,2021,,first_target_year_utc,UNKNOWN,UTC,FAIL,C:\Users\Zhujiangkun-Yohkoh\Desktop\光伏项目_最新\PV_improve_v1\原始Dataset\高分辨率气象数据集\fsm1m_7111_ekistica-alice-springs-ekistica-alice-springs_irradiancedata_1sec_2021.csv,UTC is authoritative; exported Local is not used; structural bins are left-closed calendar bins.
second_level_irradiance,Alice Springs MB0/MB1/MB2,2021,,last_target_year_utc,UNKNOWN,UTC,FAIL,C:\Users\Zhujiangkun-Yohkoh\Desktop\光伏项目_最新\PV_improve_v1\原始Dataset\高分辨率气象数据集\fsm1m_7111_ekistica-alice-springs-ekistica-alice-springs_irradiancedata_1sec_2021.csv,UTC is authoritative; exported Local is not used; structural bins are left-closed calendar bins.
second_level_irradiance,Alice Springs MB0/MB1/MB2,2021,,main_interval_seconds,UNKNOWN,seconds,FAIL,C:\Users\Zhujiangkun-Yohkoh\Desktop\光伏项目_最新\PV_improve_v1\原始Dataset\高分辨率气象数据集\fsm1m_7111_ekistica-alice-springs-ekistica-alice-springs_irradiancedata_1sec_2021.csv,UTC is authoritative; exported Local is not used; structural bins are left-closed calendar bins.
second_level_irradiance,Alice Springs MB0/MB1/MB2,2021,,missing_timestamps,31536000,seconds,FAIL,C:\Users\Zhujiangkun-Yohkoh\Desktop\光伏项目_最新\PV_improve_v1\原始Dataset\高分辨率气象数据集\fsm1m_7111_ekistica-alice-springs-ekistica-alice-springs_irradiancedata_1sec_2021.csv,UTC is authoritative; exported Local is not used; structural bins are left-closed calendar bins.
second_level_irradiance,Alice Springs MB0/MB1/MB2,2021,,duplicate_timestamps,0,records,FAIL,C:\Users\Zhujiangkun-Yohkoh\Desktop\光伏项目_最新\PV_improve_v1\原始Dataset\高分辨率气象数据集\fsm1m_7111_ekistica-alice-springs-ekistica-alice-springs_irradiancedata_1sec_2021.csv,UTC is authoritative; exported Local is not used; structural bins are left-closed calendar bins.
second_level_irradiance,Alice Springs MB0/MB1/MB2,2021,,inverse_timestamps,0,records,FAIL,C:\Users\Zhujiangkun-Yohkoh\Desktop\光伏项目_最新\PV_improve_v1\原始Dataset\高分辨率气象数据集\fsm1m_7111_ekistica-alice-springs-ekistica-alice-springs_irradiancedata_1sec_2021.csv,UTC is authoritative; exported Local is not used; structural bins are left-closed calendar bins.
second_level_irradiance,Alice Springs MB0/MB1/MB2,2021,,column_count_anomalies,0,lines,FAIL,C:\Users\Zhujiangkun-Yohkoh\Desktop\光伏项目_最新\PV_improve_v1\原始Dataset\高分辨率气象数据集\fsm1m_7111_ekistica-alice-springs-ekistica-alice-springs_irradiancedata_1sec_2021.csv,UTC is authoritative; exported Local is not used; structural bins are left-closed calendar bins.
second_level_irradiance,Alice Springs MB0/MB1/MB2,2021,,quote_anomalies,0,lines,FAIL,C:\Users\Zhujiangkun-Yohkoh\Desktop\光伏项目_最新\PV_improve_v1\原始Dataset\高分辨率气象数据集\fsm1m_7111_ekistica-alice-springs-ekistica-alice-springs_irradiancedata_1sec_2021.csv,UTC is authoritative; exported Local is not used; structural bins are left-closed calendar bins.
second_level_irradiance,Alice Springs MB0/MB1/MB2,2021,,glued_records,0,lines,FAIL,C:\Users\Zhujiangkun-Yohkoh\Desktop\光伏项目_最新\PV_improve_v1\原始Dataset\高分辨率气象数据集\fsm1m_7111_ekistica-alice-springs-ekistica-alice-springs_irradiancedata_1sec_2021.csv,UTC is authoritative; exported Local is not used; structural bins are left-closed calendar bins.
second_level_irradiance,Alice Springs MB0/MB1/MB2,2021,,truncated_records,0,lines,FAIL,C:\Users\Zhujiangkun-Yohkoh\Desktop\光伏项目_最新\PV_improve_v1\原始Dataset\高分辨率气象数据集\fsm1m_7111_ekistica-alice-springs-ekistica-alice-springs_irradiancedata_1sec_2021.csv,UTC is authoritative; exported Local is not used; structural bins are left-closed calendar bins.
second_level_irradiance,Alice Springs MB0/MB1/MB2,2021,,duplicate_headers,0,lines,FAIL,C:\Users\Zhujiangkun-Yohkoh\Desktop\光伏项目_最新\PV_improve_v1\原始Dataset\高分辨率气象数据集\fsm1m_7111_ekistica-alice-springs-ekistica-alice-springs_irradiancedata_1sec_2021.csv,UTC is authoritative; exported Local is not used; structural bins are left-closed calendar bins.
second_level_irradiance,Alice Springs MB0/MB1/MB2,2021,,data_error_lines,0,lines,FAIL,C:\Users\Zhujiangkun-Yohkoh\Desktop\光伏项目_最新\PV_improve_v1\原始Dataset\高分辨率气象数据集\fsm1m_7111_ekistica-alice-springs-ekistica-alice-springs_irradiancedata_1sec_2021.csv,UTC is authoritative; exported Local is not used; structural bins are left-closed calendar bins.
second_level_irradiance,Alice Springs MB0/MB1/MB2,2021,,MB0_missing,UNKNOWN,values,FAIL,C:\Users\Zhujiangkun-Yohkoh\Desktop\光伏项目_最新\PV_improve_v1\原始Dataset\高分辨率气象数据集\fsm1m_7111_ekistica-alice-springs-ekistica-alice-springs_irradiancedata_1sec_2021.csv,UTC is authoritative; exported Local is not used; structural bins are left-closed calendar bins.
second_level_irradiance,Alice Springs MB0/MB1/MB2,2021,,MB1_missing,UNKNOWN,values,FAIL,C:\Users\Zhujiangkun-Yohkoh\Desktop\光伏项目_最新\PV_improve_v1\原始Dataset\高分辨率气象数据集\fsm1m_7111_ekistica-alice-springs-ekistica-alice-springs_irradiancedata_1sec_2021.csv,UTC is authoritative; exported Local is not used; structural bins are left-closed calendar bins.
second_level_irradiance,Alice Springs MB0/MB1/MB2,2021,,MB2_missing,UNKNOWN,values,FAIL,C:\Users\Zhujiangkun-Yohkoh\Desktop\光伏项目_最新\PV_improve_v1\原始Dataset\高分辨率气象数据集\fsm1m_7111_ekistica-alice-springs-ekistica-alice-springs_irradiancedata_1sec_2021.csv,UTC is authoritative; exported Local is not used; structural bins are left-closed calendar bins.
second_level_irradiance,Alice Springs MB0/MB1/MB2,2021,,five_minute_timestamp_complete_bins,0,bins,FAIL,C:\Users\Zhujiangkun-Yohkoh\Desktop\光伏项目_最新\PV_improve_v1\原始Dataset\高分辨率气象数据集\fsm1m_7111_ekistica-alice-springs-ekistica-alice-springs_irradiancedata_1sec_2021.csv,UTC is authoritative; exported Local is not used; structural bins are left-closed calendar bins.
second_level_irradiance,Alice Springs MB0/MB1/MB2,2021,,five_minute_all_channel_complete_bins,0,bins,FAIL,C:\Users\Zhujiangkun-Yohkoh\Desktop\光伏项目_最新\PV_improve_v1\原始Dataset\高分辨率气象数据集\fsm1m_7111_ekistica-alice-springs-ekistica-alice-springs_irradiancedata_1sec_2021.csv,UTC is authoritative; exported Local is not used; structural bins are left-closed calendar bins.
second_level_irradiance,Alice Springs MB0/MB1/MB2,2021,,five_minute_partial_bins,0,bins,FAIL,C:\Users\Zhujiangkun-Yohkoh\Desktop\光伏项目_最新\PV_improve_v1\原始Dataset\高分辨率气象数据集\fsm1m_7111_ekistica-alice-springs-ekistica-alice-springs_irradiancedata_1sec_2021.csv,UTC is authoritative; exported Local is not used; structural bins are left-closed calendar bins.
second_level_irradiance,Alice Springs MB0/MB1/MB2,2021,,five_minute_empty_bins,105120,bins,FAIL,C:\Users\Zhujiangkun-Yohkoh\Desktop\光伏项目_最新\PV_improve_v1\原始Dataset\高分辨率气象数据集\fsm1m_7111_ekistica-alice-springs-ekistica-alice-springs_irradiancedata_1sec_2021.csv,UTC is authoritative; exported Local is not used; structural bins are left-closed calendar bins.
second_level_irradiance,Alice Springs MB0/MB1/MB2,2021,,structurally_full_calendar,false,boolean,FAIL,C:\Users\Zhujiangkun-Yohkoh\Desktop\光伏项目_最新\PV_improve_v1\原始Dataset\高分辨率气象数据集\fsm1m_7111_ekistica-alice-springs-ekistica-alice-springs_irradiancedata_1sec_2021.csv,UTC is authoritative; exported Local is not used; structural bins are left-closed calendar bins.
second_level_irradiance,Alice Springs MB0/MB1/MB2,2022,,file_exists,true,boolean,PASS,C:\Users\Zhujiangkun-Yohkoh\Desktop\光伏项目_最新\PV_improve_v1\GFNODE_experiments\asoc_multirate_redownload_validation\fsm1m_7111_ekistica-alice-springs-ekistica-alice-springs_irradiancedata_1sec_2022.csv,UTC is authoritative; exported Local is not used; structural bins are left-closed calendar bins.
second_level_irradiance,Alice Springs MB0/MB1/MB2,2022,,file_size_bytes,3011901400,bytes,PASS,C:\Users\Zhujiangkun-Yohkoh\Desktop\光伏项目_最新\PV_improve_v1\GFNODE_experiments\asoc_multirate_redownload_validation\fsm1m_7111_ekistica-alice-springs-ekistica-alice-springs_irradiancedata_1sec_2022.csv,UTC is authoritative; exported Local is not used; structural bins are left-closed calendar bins.
second_level_irradiance,Alice Springs MB0/MB1/MB2,2022,,physical_lines,31536001,lines,PASS,C:\Users\Zhujiangkun-Yohkoh\Desktop\光伏项目_最新\PV_improve_v1\GFNODE_experiments\asoc_multirate_redownload_validation\fsm1m_7111_ekistica-alice-springs-ekistica-alice-springs_irradiancedata_1sec_2022.csv,UTC is authoritative; exported Local is not used; structural bins are left-closed calendar bins.
second_level_irradiance,Alice Springs MB0/MB1/MB2,2022,,expected_seconds,31536000,seconds,PASS,C:\Users\Zhujiangkun-Yohkoh\Desktop\光伏项目_最新\PV_improve_v1\GFNODE_experiments\asoc_multirate_redownload_validation\fsm1m_7111_ekistica-alice-springs-ekistica-alice-springs_irradiancedata_1sec_2022.csv,UTC is authoritative; exported Local is not used; structural bins are left-closed calendar bins.
second_level_irradiance,Alice Springs MB0/MB1/MB2,2022,,parseable_target_year_unique_seconds,31536000,seconds,PASS,C:\Users\Zhujiangkun-Yohkoh\Desktop\光伏项目_最新\PV_improve_v1\GFNODE_experiments\asoc_multirate_redownload_validation\fsm1m_7111_ekistica-alice-springs-ekistica-alice-springs_irradiancedata_1sec_2022.csv,UTC is authoritative; exported Local is not used; structural bins are left-closed calendar bins.
second_level_irradiance,Alice Springs MB0/MB1/MB2,2022,,first_parseable_utc,2022-01-01 00:00:00,UTC,PASS,C:\Users\Zhujiangkun-Yohkoh\Desktop\光伏项目_最新\PV_improve_v1\GFNODE_experiments\asoc_multirate_redownload_validation\fsm1m_7111_ekistica-alice-springs-ekistica-alice-springs_irradiancedata_1sec_2022.csv,UTC is authoritative; exported Local is not used; structural bins are left-closed calendar bins.
second_level_irradiance,Alice Springs MB0/MB1/MB2,2022,,last_parseable_utc,2022-12-31 23:59:59,UTC,PASS,C:\Users\Zhujiangkun-Yohkoh\Desktop\光伏项目_最新\PV_improve_v1\GFNODE_experiments\asoc_multirate_redownload_validation\fsm1m_7111_ekistica-alice-springs-ekistica-alice-springs_irradiancedata_1sec_2022.csv,UTC is authoritative; exported Local is not used; structural bins are left-closed calendar bins.
second_level_irradiance,Alice Springs MB0/MB1/MB2,2022,,first_target_year_utc,2022-01-01 00:00:00,UTC,PASS,C:\Users\Zhujiangkun-Yohkoh\Desktop\光伏项目_最新\PV_improve_v1\GFNODE_experiments\asoc_multirate_redownload_validation\fsm1m_7111_ekistica-alice-springs-ekistica-alice-springs_irradiancedata_1sec_2022.csv,UTC is authoritative; exported Local is not used; structural bins are left-closed calendar bins.
second_level_irradiance,Alice Springs MB0/MB1/MB2,2022,,last_target_year_utc,2022-12-31 23:59:59,UTC,PASS,C:\Users\Zhujiangkun-Yohkoh\Desktop\光伏项目_最新\PV_improve_v1\GFNODE_experiments\asoc_multirate_redownload_validation\fsm1m_7111_ekistica-alice-springs-ekistica-alice-springs_irradiancedata_1sec_2022.csv,UTC is authoritative; exported Local is not used; structural bins are left-closed calendar bins.
second_level_irradiance,Alice Springs MB0/MB1/MB2,2022,,main_interval_seconds,1,seconds,PASS,C:\Users\Zhujiangkun-Yohkoh\Desktop\光伏项目_最新\PV_improve_v1\GFNODE_experiments\asoc_multirate_redownload_validation\fsm1m_7111_ekistica-alice-springs-ekistica-alice-springs_irradiancedata_1sec_2022.csv,UTC is authoritative; exported Local is not used; structural bins are left-closed calendar bins.
second_level_irradiance,Alice Springs MB0/MB1/MB2,2022,,missing_timestamps,0,seconds,PASS,C:\Users\Zhujiangkun-Yohkoh\Desktop\光伏项目_最新\PV_improve_v1\GFNODE_experiments\asoc_multirate_redownload_validation\fsm1m_7111_ekistica-alice-springs-ekistica-alice-springs_irradiancedata_1sec_2022.csv,UTC is authoritative; exported Local is not used; structural bins are left-closed calendar bins.
second_level_irradiance,Alice Springs MB0/MB1/MB2,2022,,duplicate_timestamps,0,records,PASS,C:\Users\Zhujiangkun-Yohkoh\Desktop\光伏项目_最新\PV_improve_v1\GFNODE_experiments\asoc_multirate_redownload_validation\fsm1m_7111_ekistica-alice-springs-ekistica-alice-springs_irradiancedata_1sec_2022.csv,UTC is authoritative; exported Local is not used; structural bins are left-closed calendar bins.
second_level_irradiance,Alice Springs MB0/MB1/MB2,2022,,inverse_timestamps,0,records,PASS,C:\Users\Zhujiangkun-Yohkoh\Desktop\光伏项目_最新\PV_improve_v1\GFNODE_experiments\asoc_multirate_redownload_validation\fsm1m_7111_ekistica-alice-springs-ekistica-alice-springs_irradiancedata_1sec_2022.csv,UTC is authoritative; exported Local is not used; structural bins are left-closed calendar bins.
second_level_irradiance,Alice Springs MB0/MB1/MB2,2022,,column_count_anomalies,0,lines,PASS,C:\Users\Zhujiangkun-Yohkoh\Desktop\光伏项目_最新\PV_improve_v1\GFNODE_experiments\asoc_multirate_redownload_validation\fsm1m_7111_ekistica-alice-springs-ekistica-alice-springs_irradiancedata_1sec_2022.csv,UTC is authoritative; exported Local is not used; structural bins are left-closed calendar bins.
second_level_irradiance,Alice Springs MB0/MB1/MB2,2022,,quote_anomalies,0,lines,PASS,C:\Users\Zhujiangkun-Yohkoh\Desktop\光伏项目_最新\PV_improve_v1\GFNODE_experiments\asoc_multirate_redownload_validation\fsm1m_7111_ekistica-alice-springs-ekistica-alice-springs_irradiancedata_1sec_2022.csv,UTC is authoritative; exported Local is not used; structural bins are left-closed calendar bins.
second_level_irradiance,Alice Springs MB0/MB1/MB2,2022,,glued_records,0,lines,PASS,C:\Users\Zhujiangkun-Yohkoh\Desktop\光伏项目_最新\PV_improve_v1\GFNODE_experiments\asoc_multirate_redownload_validation\fsm1m_7111_ekistica-alice-springs-ekistica-alice-springs_irradiancedata_1sec_2022.csv,UTC is authoritative; exported Local is not used; structural bins are left-closed calendar bins.
second_level_irradiance,Alice Springs MB0/MB1/MB2,2022,,truncated_records,0,lines,PASS,C:\Users\Zhujiangkun-Yohkoh\Desktop\光伏项目_最新\PV_improve_v1\GFNODE_experiments\asoc_multirate_redownload_validation\fsm1m_7111_ekistica-alice-springs-ekistica-alice-springs_irradiancedata_1sec_2022.csv,UTC is authoritative; exported Local is not used; structural bins are left-closed calendar bins.
second_level_irradiance,Alice Springs MB0/MB1/MB2,2022,,duplicate_headers,0,lines,PASS,C:\Users\Zhujiangkun-Yohkoh\Desktop\光伏项目_最新\PV_improve_v1\GFNODE_experiments\asoc_multirate_redownload_validation\fsm1m_7111_ekistica-alice-springs-ekistica-alice-springs_irradiancedata_1sec_2022.csv,UTC is authoritative; exported Local is not used; structural bins are left-closed calendar bins.
second_level_irradiance,Alice Springs MB0/MB1/MB2,2022,,data_error_lines,0,lines,PASS,C:\Users\Zhujiangkun-Yohkoh\Desktop\光伏项目_最新\PV_improve_v1\GFNODE_experiments\asoc_multirate_redownload_validation\fsm1m_7111_ekistica-alice-springs-ekistica-alice-springs_irradiancedata_1sec_2022.csv,UTC is authoritative; exported Local is not used; structural bins are left-closed calendar bins.
second_level_irradiance,Alice Springs MB0/MB1/MB2,2022,,MB0_missing,3992,values,PASS,C:\Users\Zhujiangkun-Yohkoh\Desktop\光伏项目_最新\PV_improve_v1\GFNODE_experiments\asoc_multirate_redownload_validation\fsm1m_7111_ekistica-alice-springs-ekistica-alice-springs_irradiancedata_1sec_2022.csv,UTC is authoritative; exported Local is not used; structural bins are left-closed calendar bins.
second_level_irradiance,Alice Springs MB0/MB1/MB2,2022,,MB1_missing,3236,values,PASS,C:\Users\Zhujiangkun-Yohkoh\Desktop\光伏项目_最新\PV_improve_v1\GFNODE_experiments\asoc_multirate_redownload_validation\fsm1m_7111_ekistica-alice-springs-ekistica-alice-springs_irradiancedata_1sec_2022.csv,UTC is authoritative; exported Local is not used; structural bins are left-closed calendar bins.
second_level_irradiance,Alice Springs MB0/MB1/MB2,2022,,MB2_missing,3320,values,PASS,C:\Users\Zhujiangkun-Yohkoh\Desktop\光伏项目_最新\PV_improve_v1\GFNODE_experiments\asoc_multirate_redownload_validation\fsm1m_7111_ekistica-alice-springs-ekistica-alice-springs_irradiancedata_1sec_2022.csv,UTC is authoritative; exported Local is not used; structural bins are left-closed calendar bins.
second_level_irradiance,Alice Springs MB0/MB1/MB2,2022,,five_minute_timestamp_complete_bins,105120,bins,PASS,C:\Users\Zhujiangkun-Yohkoh\Desktop\光伏项目_最新\PV_improve_v1\GFNODE_experiments\asoc_multirate_redownload_validation\fsm1m_7111_ekistica-alice-springs-ekistica-alice-springs_irradiancedata_1sec_2022.csv,UTC is authoritative; exported Local is not used; structural bins are left-closed calendar bins.
second_level_irradiance,Alice Springs MB0/MB1/MB2,2022,,five_minute_all_channel_complete_bins,99211,bins,PASS,C:\Users\Zhujiangkun-Yohkoh\Desktop\光伏项目_最新\PV_improve_v1\GFNODE_experiments\asoc_multirate_redownload_validation\fsm1m_7111_ekistica-alice-springs-ekistica-alice-springs_irradiancedata_1sec_2022.csv,UTC is authoritative; exported Local is not used; structural bins are left-closed calendar bins.
second_level_irradiance,Alice Springs MB0/MB1/MB2,2022,,five_minute_partial_bins,5909,bins,PASS,C:\Users\Zhujiangkun-Yohkoh\Desktop\光伏项目_最新\PV_improve_v1\GFNODE_experiments\asoc_multirate_redownload_validation\fsm1m_7111_ekistica-alice-springs-ekistica-alice-springs_irradiancedata_1sec_2022.csv,UTC is authoritative; exported Local is not used; structural bins are left-closed calendar bins.
second_level_irradiance,Alice Springs MB0/MB1/MB2,2022,,five_minute_empty_bins,0,bins,PASS,C:\Users\Zhujiangkun-Yohkoh\Desktop\光伏项目_最新\PV_improve_v1\GFNODE_experiments\asoc_multirate_redownload_validation\fsm1m_7111_ekistica-alice-springs-ekistica-alice-springs_irradiancedata_1sec_2022.csv,UTC is authoritative; exported Local is not used; structural bins are left-closed calendar bins.
second_level_irradiance,Alice Springs MB0/MB1/MB2,2022,,structurally_full_calendar,true,boolean,PASS,C:\Users\Zhujiangkun-Yohkoh\Desktop\光伏项目_最新\PV_improve_v1\GFNODE_experiments\asoc_multirate_redownload_validation\fsm1m_7111_ekistica-alice-springs-ekistica-alice-springs_irradiancedata_1sec_2022.csv,UTC is authoritative; exported Local is not used; structural bins are left-closed calendar bins.
second_level_irradiance,Alice Springs MB0/MB1/MB2,2023,,file_exists,true,boolean,FAIL,C:\Users\Zhujiangkun-Yohkoh\Desktop\光伏项目_最新\PV_improve_v1\原始Dataset\高分辨率气象数据集\fsm1m_7111_ekistica-alice-springs-ekistica-alice-springs_irradiancedata_1sec_2023.csv,UTC is authoritative; exported Local is not used; structural bins are left-closed calendar bins.
second_level_irradiance,Alice Springs MB0/MB1/MB2,2023,,file_size_bytes,1774300504,bytes,FAIL,C:\Users\Zhujiangkun-Yohkoh\Desktop\光伏项目_最新\PV_improve_v1\原始Dataset\高分辨率气象数据集\fsm1m_7111_ekistica-alice-springs-ekistica-alice-springs_irradiancedata_1sec_2023.csv,UTC is authoritative; exported Local is not used; structural bins are left-closed calendar bins.
second_level_irradiance,Alice Springs MB0/MB1/MB2,2023,,physical_lines,18657728,lines,FAIL,C:\Users\Zhujiangkun-Yohkoh\Desktop\光伏项目_最新\PV_improve_v1\原始Dataset\高分辨率气象数据集\fsm1m_7111_ekistica-alice-springs-ekistica-alice-springs_irradiancedata_1sec_2023.csv,UTC is authoritative; exported Local is not used; structural bins are left-closed calendar bins.
second_level_irradiance,Alice Springs MB0/MB1/MB2,2023,,expected_seconds,31536000,seconds,FAIL,C:\Users\Zhujiangkun-Yohkoh\Desktop\光伏项目_最新\PV_improve_v1\原始Dataset\高分辨率气象数据集\fsm1m_7111_ekistica-alice-springs-ekistica-alice-springs_irradiancedata_1sec_2023.csv,UTC is authoritative; exported Local is not used; structural bins are left-closed calendar bins.
second_level_irradiance,Alice Springs MB0/MB1/MB2,2023,,parseable_target_year_unique_seconds,167952,seconds,FAIL,C:\Users\Zhujiangkun-Yohkoh\Desktop\光伏项目_最新\PV_improve_v1\原始Dataset\高分辨率气象数据集\fsm1m_7111_ekistica-alice-springs-ekistica-alice-springs_irradiancedata_1sec_2023.csv,UTC is authoritative; exported Local is not used; structural bins are left-closed calendar bins.
second_level_irradiance,Alice Springs MB0/MB1/MB2,2023,,first_parseable_utc,2023-01-01 00:00:01,UTC,FAIL,C:\Users\Zhujiangkun-Yohkoh\Desktop\光伏项目_最新\PV_improve_v1\原始Dataset\高分辨率气象数据集\fsm1m_7111_ekistica-alice-springs-ekistica-alice-springs_irradiancedata_1sec_2023.csv,UTC is authoritative; exported Local is not used; structural bins are left-closed calendar bins.
second_level_irradiance,Alice Springs MB0/MB1/MB2,2023,,last_parseable_utc,2025-05-15 23:59:58,UTC,FAIL,C:\Users\Zhujiangkun-Yohkoh\Desktop\光伏项目_最新\PV_improve_v1\原始Dataset\高分辨率气象数据集\fsm1m_7111_ekistica-alice-springs-ekistica-alice-springs_irradiancedata_1sec_2023.csv,UTC is authoritative; exported Local is not used; structural bins are left-closed calendar bins.
second_level_irradiance,Alice Springs MB0/MB1/MB2,2023,,first_target_year_utc,2023-01-01 00:00:01,UTC,FAIL,C:\Users\Zhujiangkun-Yohkoh\Desktop\光伏项目_最新\PV_improve_v1\原始Dataset\高分辨率气象数据集\fsm1m_7111_ekistica-alice-springs-ekistica-alice-springs_irradiancedata_1sec_2023.csv,UTC is authoritative; exported Local is not used; structural bins are left-closed calendar bins.
second_level_irradiance,Alice Springs MB0/MB1/MB2,2023,,last_target_year_utc,2023-01-02 22:39:12,UTC,FAIL,C:\Users\Zhujiangkun-Yohkoh\Desktop\光伏项目_最新\PV_improve_v1\原始Dataset\高分辨率气象数据集\fsm1m_7111_ekistica-alice-springs-ekistica-alice-springs_irradiancedata_1sec_2023.csv,UTC is authoritative; exported Local is not used; structural bins are left-closed calendar bins.
second_level_irradiance,Alice Springs MB0/MB1/MB2,2023,,main_interval_seconds,1,seconds,FAIL,C:\Users\Zhujiangkun-Yohkoh\Desktop\光伏项目_最新\PV_improve_v1\原始Dataset\高分辨率气象数据集\fsm1m_7111_ekistica-alice-springs-ekistica-alice-springs_irradiancedata_1sec_2023.csv,UTC is authoritative; exported Local is not used; structural bins are left-closed calendar bins.
second_level_irradiance,Alice Springs MB0/MB1/MB2,2023,,missing_timestamps,31368048,seconds,FAIL,C:\Users\Zhujiangkun-Yohkoh\Desktop\光伏项目_最新\PV_improve_v1\原始Dataset\高分辨率气象数据集\fsm1m_7111_ekistica-alice-springs-ekistica-alice-springs_irradiancedata_1sec_2023.csv,UTC is authoritative; exported Local is not used; structural bins are left-closed calendar bins.
second_level_irradiance,Alice Springs MB0/MB1/MB2,2023,,duplicate_timestamps,0,records,FAIL,C:\Users\Zhujiangkun-Yohkoh\Desktop\光伏项目_最新\PV_improve_v1\原始Dataset\高分辨率气象数据集\fsm1m_7111_ekistica-alice-springs-ekistica-alice-springs_irradiancedata_1sec_2023.csv,UTC is authoritative; exported Local is not used; structural bins are left-closed calendar bins.
second_level_irradiance,Alice Springs MB0/MB1/MB2,2023,,inverse_timestamps,0,records,FAIL,C:\Users\Zhujiangkun-Yohkoh\Desktop\光伏项目_最新\PV_improve_v1\原始Dataset\高分辨率气象数据集\fsm1m_7111_ekistica-alice-springs-ekistica-alice-springs_irradiancedata_1sec_2023.csv,UTC is authoritative; exported Local is not used; structural bins are left-closed calendar bins.
second_level_irradiance,Alice Springs MB0/MB1/MB2,2023,,column_count_anomalies,209,lines,FAIL,C:\Users\Zhujiangkun-Yohkoh\Desktop\光伏项目_最新\PV_improve_v1\原始Dataset\高分辨率气象数据集\fsm1m_7111_ekistica-alice-springs-ekistica-alice-springs_irradiancedata_1sec_2023.csv,UTC is authoritative; exported Local is not used; structural bins are left-closed calendar bins.
second_level_irradiance,Alice Springs MB0/MB1/MB2,2023,,quote_anomalies,0,lines,FAIL,C:\Users\Zhujiangkun-Yohkoh\Desktop\光伏项目_最新\PV_improve_v1\原始Dataset\高分辨率气象数据集\fsm1m_7111_ekistica-alice-springs-ekistica-alice-springs_irradiancedata_1sec_2023.csv,UTC is authoritative; exported Local is not used; structural bins are left-closed calendar bins.
second_level_irradiance,Alice Springs MB0/MB1/MB2,2023,,glued_records,2,lines,FAIL,C:\Users\Zhujiangkun-Yohkoh\Desktop\光伏项目_最新\PV_improve_v1\原始Dataset\高分辨率气象数据集\fsm1m_7111_ekistica-alice-springs-ekistica-alice-springs_irradiancedata_1sec_2023.csv,UTC is authoritative; exported Local is not used; structural bins are left-closed calendar bins.
second_level_irradiance,Alice Springs MB0/MB1/MB2,2023,,truncated_records,208,lines,FAIL,C:\Users\Zhujiangkun-Yohkoh\Desktop\光伏项目_最新\PV_improve_v1\原始Dataset\高分辨率气象数据集\fsm1m_7111_ekistica-alice-springs-ekistica-alice-springs_irradiancedata_1sec_2023.csv,UTC is authoritative; exported Local is not used; structural bins are left-closed calendar bins.
second_level_irradiance,Alice Springs MB0/MB1/MB2,2023,,duplicate_headers,0,lines,FAIL,C:\Users\Zhujiangkun-Yohkoh\Desktop\光伏项目_最新\PV_improve_v1\原始Dataset\高分辨率气象数据集\fsm1m_7111_ekistica-alice-springs-ekistica-alice-springs_irradiancedata_1sec_2023.csv,UTC is authoritative; exported Local is not used; structural bins are left-closed calendar bins.
second_level_irradiance,Alice Springs MB0/MB1/MB2,2023,,data_error_lines,208,lines,FAIL,C:\Users\Zhujiangkun-Yohkoh\Desktop\光伏项目_最新\PV_improve_v1\原始Dataset\高分辨率气象数据集\fsm1m_7111_ekistica-alice-springs-ekistica-alice-springs_irradiancedata_1sec_2023.csv,UTC is authoritative; exported Local is not used; structural bins are left-closed calendar bins.
second_level_irradiance,Alice Springs MB0/MB1/MB2,2023,,MB0_missing,59,values,FAIL,C:\Users\Zhujiangkun-Yohkoh\Desktop\光伏项目_最新\PV_improve_v1\原始Dataset\高分辨率气象数据集\fsm1m_7111_ekistica-alice-springs-ekistica-alice-springs_irradiancedata_1sec_2023.csv,UTC is authoritative; exported Local is not used; structural bins are left-closed calendar bins.
second_level_irradiance,Alice Springs MB0/MB1/MB2,2023,,MB1_missing,58,values,FAIL,C:\Users\Zhujiangkun-Yohkoh\Desktop\光伏项目_最新\PV_improve_v1\原始Dataset\高分辨率气象数据集\fsm1m_7111_ekistica-alice-springs-ekistica-alice-springs_irradiancedata_1sec_2023.csv,UTC is authoritative; exported Local is not used; structural bins are left-closed calendar bins.
second_level_irradiance,Alice Springs MB0/MB1/MB2,2023,,MB2_missing,42,values,FAIL,C:\Users\Zhujiangkun-Yohkoh\Desktop\光伏项目_最新\PV_improve_v1\原始Dataset\高分辨率气象数据集\fsm1m_7111_ekistica-alice-springs-ekistica-alice-springs_irradiancedata_1sec_2023.csv,UTC is authoritative; exported Local is not used; structural bins are left-closed calendar bins.
second_level_irradiance,Alice Springs MB0/MB1/MB2,2023,,five_minute_timestamp_complete_bins,558,bins,FAIL,C:\Users\Zhujiangkun-Yohkoh\Desktop\光伏项目_最新\PV_improve_v1\原始Dataset\高分辨率气象数据集\fsm1m_7111_ekistica-alice-springs-ekistica-alice-springs_irradiancedata_1sec_2023.csv,UTC is authoritative; exported Local is not used; structural bins are left-closed calendar bins.
second_level_irradiance,Alice Springs MB0/MB1/MB2,2023,,five_minute_all_channel_complete_bins,464,bins,FAIL,C:\Users\Zhujiangkun-Yohkoh\Desktop\光伏项目_最新\PV_improve_v1\原始Dataset\高分辨率气象数据集\fsm1m_7111_ekistica-alice-springs-ekistica-alice-springs_irradiancedata_1sec_2023.csv,UTC is authoritative; exported Local is not used; structural bins are left-closed calendar bins.
second_level_irradiance,Alice Springs MB0/MB1/MB2,2023,,five_minute_partial_bins,96,bins,FAIL,C:\Users\Zhujiangkun-Yohkoh\Desktop\光伏项目_最新\PV_improve_v1\原始Dataset\高分辨率气象数据集\fsm1m_7111_ekistica-alice-springs-ekistica-alice-springs_irradiancedata_1sec_2023.csv,UTC is authoritative; exported Local is not used; structural bins are left-closed calendar bins.
second_level_irradiance,Alice Springs MB0/MB1/MB2,2023,,five_minute_empty_bins,104560,bins,FAIL,C:\Users\Zhujiangkun-Yohkoh\Desktop\光伏项目_最新\PV_improve_v1\原始Dataset\高分辨率气象数据集\fsm1m_7111_ekistica-alice-springs-ekistica-alice-springs_irradiancedata_1sec_2023.csv,UTC is authoritative; exported Local is not used; structural bins are left-closed calendar bins.
second_level_irradiance,Alice Springs MB0/MB1/MB2,2023,,structurally_full_calendar,false,boolean,FAIL,C:\Users\Zhujiangkun-Yohkoh\Desktop\光伏项目_最新\PV_improve_v1\原始Dataset\高分辨率气象数据集\fsm1m_7111_ekistica-alice-springs-ekistica-alice-springs_irradiancedata_1sec_2023.csv,UTC is authoritative; exported Local is not used; structural bins are left-closed calendar bins.
pv_metadata,Site 17 Sanyo,2021,BASE_TRAIN,base_train_positive_power_p99_9_kw,5.9843339920044,kW,MEASURED,C:\Users\Zhujiangkun-Yohkoh\Desktop\光伏项目_最新\PV_improve_v1\原始Dataset\5min pv active power data\17 Sanyo.csv,Train-only fallback daylight reference because official array rating is DC nameplate evidence.
pv_metadata,Site 17 Sanyo,2021,BASE_TRAIN,origin_daylight_threshold_kw,0.059843339920044,kW,PROPOSED,C:\Users\Zhujiangkun-Yohkoh\Desktop\光伏项目_最新\PV_improve_v1\原始Dataset\5min pv active power data\17 Sanyo.csv,1% of BASE_TRAIN positive Active_Power p99.9; no FINAL_TEST distribution accessed.
five_minute_pv,Site 17 Sanyo,2021,,expected_timestamps,105120,5min rows,MEASURED,C:\Users\Zhujiangkun-Yohkoh\Desktop\光伏项目_最新\PV_improve_v1\原始Dataset\5min pv active power data\17 Sanyo.csv,PV timestamps are treated as audited ACST.
five_minute_pv,Site 17 Sanyo,2021,,present_timestamps,100539,5min rows,MEASURED,C:\Users\Zhujiangkun-Yohkoh\Desktop\光伏项目_最新\PV_improve_v1\原始Dataset\5min pv active power data\17 Sanyo.csv,PV timestamps are treated as audited ACST.
five_minute_pv,Site 17 Sanyo,2021,,missing_timestamps,4581,5min rows,MEASURED,C:\Users\Zhujiangkun-Yohkoh\Desktop\光伏项目_最新\PV_improve_v1\原始Dataset\5min pv active power data\17 Sanyo.csv,PV timestamps are treated as audited ACST.
five_minute_pv,Site 17 Sanyo,2021,,valid_active_power,100534,5min rows,MEASURED,C:\Users\Zhujiangkun-Yohkoh\Desktop\光伏项目_最新\PV_improve_v1\原始Dataset\5min pv active power data\17 Sanyo.csv,PV timestamps are treated as audited ACST.
five_minute_pv,Site 17 Sanyo,2021,,missing_active_power,5,5min rows,MEASURED,C:\Users\Zhujiangkun-Yohkoh\Desktop\光伏项目_最新\PV_improve_v1\原始Dataset\5min pv active power data\17 Sanyo.csv,PV timestamps are treated as audited ACST.
five_minute_pv,Site 17 Sanyo,2022,,expected_timestamps,105120,5min rows,MEASURED,C:\Users\Zhujiangkun-Yohkoh\Desktop\光伏项目_最新\PV_improve_v1\原始Dataset\5min pv active power data\17 Sanyo.csv,PV timestamps are treated as audited ACST.
five_minute_pv,Site 17 Sanyo,2022,,present_timestamps,102901,5min rows,MEASURED,C:\Users\Zhujiangkun-Yohkoh\Desktop\光伏项目_最新\PV_improve_v1\原始Dataset\5min pv active power data\17 Sanyo.csv,PV timestamps are treated as audited ACST.
five_minute_pv,Site 17 Sanyo,2022,,missing_timestamps,2219,5min rows,MEASURED,C:\Users\Zhujiangkun-Yohkoh\Desktop\光伏项目_最新\PV_improve_v1\原始Dataset\5min pv active power data\17 Sanyo.csv,PV timestamps are treated as audited ACST.
five_minute_pv,Site 17 Sanyo,2022,,valid_active_power,102890,5min rows,MEASURED,C:\Users\Zhujiangkun-Yohkoh\Desktop\光伏项目_最新\PV_improve_v1\原始Dataset\5min pv active power data\17 Sanyo.csv,PV timestamps are treated as audited ACST.
five_minute_pv,Site 17 Sanyo,2022,,missing_active_power,11,5min rows,MEASURED,C:\Users\Zhujiangkun-Yohkoh\Desktop\光伏项目_最新\PV_improve_v1\原始Dataset\5min pv active power data\17 Sanyo.csv,PV timestamps are treated as audited ACST.
five_minute_pv,Site 17 Sanyo,2023,,expected_timestamps,105120,5min rows,MEASURED,C:\Users\Zhujiangkun-Yohkoh\Desktop\光伏项目_最新\PV_improve_v1\原始Dataset\5min pv active power data\17 Sanyo.csv,PV timestamps are treated as audited ACST.
five_minute_pv,Site 17 Sanyo,2023,,present_timestamps,101797,5min rows,MEASURED,C:\Users\Zhujiangkun-Yohkoh\Desktop\光伏项目_最新\PV_improve_v1\原始Dataset\5min pv active power data\17 Sanyo.csv,PV timestamps are treated as audited ACST.
five_minute_pv,Site 17 Sanyo,2023,,missing_timestamps,3323,5min rows,MEASURED,C:\Users\Zhujiangkun-Yohkoh\Desktop\光伏项目_最新\PV_improve_v1\原始Dataset\5min pv active power data\17 Sanyo.csv,PV timestamps are treated as audited ACST.
five_minute_pv,Site 17 Sanyo,2023,,valid_active_power,96941,5min rows,MEASURED,C:\Users\Zhujiangkun-Yohkoh\Desktop\光伏项目_最新\PV_improve_v1\原始Dataset\5min pv active power data\17 Sanyo.csv,PV timestamps are treated as audited ACST.
five_minute_pv,Site 17 Sanyo,2023,,missing_active_power,4856,5min rows,MEASURED,C:\Users\Zhujiangkun-Yohkoh\Desktop\光伏项目_最新\PV_improve_v1\原始Dataset\5min pv active power data\17 Sanyo.csv,PV timestamps are treated as audited ACST.
pv_metadata,Site 25 Hanwha,2021,BASE_TRAIN,base_train_positive_power_p99_9_kw,5.5657334327698,kW,MEASURED,C:\Users\Zhujiangkun-Yohkoh\Desktop\光伏项目_最新\PV_improve_v1\原始Dataset\5min pv active power data\25 Hanwha.csv,Train-only fallback daylight reference because official array rating is DC nameplate evidence.
pv_metadata,Site 25 Hanwha,2021,BASE_TRAIN,origin_daylight_threshold_kw,0.055657334327698,kW,PROPOSED,C:\Users\Zhujiangkun-Yohkoh\Desktop\光伏项目_最新\PV_improve_v1\原始Dataset\5min pv active power data\25 Hanwha.csv,1% of BASE_TRAIN positive Active_Power p99.9; no FINAL_TEST distribution accessed.
five_minute_pv,Site 25 Hanwha,2021,,expected_timestamps,105120,5min rows,MEASURED,C:\Users\Zhujiangkun-Yohkoh\Desktop\光伏项目_最新\PV_improve_v1\原始Dataset\5min pv active power data\25 Hanwha.csv,PV timestamps are treated as audited ACST.
five_minute_pv,Site 25 Hanwha,2021,,present_timestamps,100541,5min rows,MEASURED,C:\Users\Zhujiangkun-Yohkoh\Desktop\光伏项目_最新\PV_improve_v1\原始Dataset\5min pv active power data\25 Hanwha.csv,PV timestamps are treated as audited ACST.
five_minute_pv,Site 25 Hanwha,2021,,missing_timestamps,4579,5min rows,MEASURED,C:\Users\Zhujiangkun-Yohkoh\Desktop\光伏项目_最新\PV_improve_v1\原始Dataset\5min pv active power data\25 Hanwha.csv,PV timestamps are treated as audited ACST.
five_minute_pv,Site 25 Hanwha,2021,,valid_active_power,99076,5min rows,MEASURED,C:\Users\Zhujiangkun-Yohkoh\Desktop\光伏项目_最新\PV_improve_v1\原始Dataset\5min pv active power data\25 Hanwha.csv,PV timestamps are treated as audited ACST.
five_minute_pv,Site 25 Hanwha,2021,,missing_active_power,1465,5min rows,MEASURED,C:\Users\Zhujiangkun-Yohkoh\Desktop\光伏项目_最新\PV_improve_v1\原始Dataset\5min pv active power data\25 Hanwha.csv,PV timestamps are treated as audited ACST.
five_minute_pv,Site 25 Hanwha,2022,,expected_timestamps,105120,5min rows,MEASURED,C:\Users\Zhujiangkun-Yohkoh\Desktop\光伏项目_最新\PV_improve_v1\原始Dataset\5min pv active power data\25 Hanwha.csv,PV timestamps are treated as audited ACST.
five_minute_pv,Site 25 Hanwha,2022,,present_timestamps,102901,5min rows,MEASURED,C:\Users\Zhujiangkun-Yohkoh\Desktop\光伏项目_最新\PV_improve_v1\原始Dataset\5min pv active power data\25 Hanwha.csv,PV timestamps are treated as audited ACST.
five_minute_pv,Site 25 Hanwha,2022,,missing_timestamps,2219,5min rows,MEASURED,C:\Users\Zhujiangkun-Yohkoh\Desktop\光伏项目_最新\PV_improve_v1\原始Dataset\5min pv active power data\25 Hanwha.csv,PV timestamps are treated as audited ACST.
five_minute_pv,Site 25 Hanwha,2022,,valid_active_power,100501,5min rows,MEASURED,C:\Users\Zhujiangkun-Yohkoh\Desktop\光伏项目_最新\PV_improve_v1\原始Dataset\5min pv active power data\25 Hanwha.csv,PV timestamps are treated as audited ACST.
five_minute_pv,Site 25 Hanwha,2022,,missing_active_power,2400,5min rows,MEASURED,C:\Users\Zhujiangkun-Yohkoh\Desktop\光伏项目_最新\PV_improve_v1\原始Dataset\5min pv active power data\25 Hanwha.csv,PV timestamps are treated as audited ACST.
five_minute_pv,Site 25 Hanwha,2023,,expected_timestamps,105120,5min rows,MEASURED,C:\Users\Zhujiangkun-Yohkoh\Desktop\光伏项目_最新\PV_improve_v1\原始Dataset\5min pv active power data\25 Hanwha.csv,PV timestamps are treated as audited ACST.
five_minute_pv,Site 25 Hanwha,2023,,present_timestamps,101833,5min rows,MEASURED,C:\Users\Zhujiangkun-Yohkoh\Desktop\光伏项目_最新\PV_improve_v1\原始Dataset\5min pv active power data\25 Hanwha.csv,PV timestamps are treated as audited ACST.
five_minute_pv,Site 25 Hanwha,2023,,missing_timestamps,3287,5min rows,MEASURED,C:\Users\Zhujiangkun-Yohkoh\Desktop\光伏项目_最新\PV_improve_v1\原始Dataset\5min pv active power data\25 Hanwha.csv,PV timestamps are treated as audited ACST.
five_minute_pv,Site 25 Hanwha,2023,,valid_active_power,95908,5min rows,MEASURED,C:\Users\Zhujiangkun-Yohkoh\Desktop\光伏项目_最新\PV_improve_v1\原始Dataset\5min pv active power data\25 Hanwha.csv,PV timestamps are treated as audited ACST.
five_minute_pv,Site 25 Hanwha,2023,,missing_active_power,5925,5min rows,MEASURED,C:\Users\Zhujiangkun-Yohkoh\Desktop\光伏项目_最新\PV_improve_v1\原始Dataset\5min pv active power data\25 Hanwha.csv,PV timestamps are treated as audited ACST.
pv_metadata,Site 38 Q CELLS,2021,BASE_TRAIN,base_train_positive_power_p99_9_kw,5.6048669815063,kW,MEASURED,C:\Users\Zhujiangkun-Yohkoh\Desktop\光伏项目_最新\PV_improve_v1\原始Dataset\5min pv active power data\38 Q CELLS.csv,Train-only fallback daylight reference because official array rating is DC nameplate evidence.
pv_metadata,Site 38 Q CELLS,2021,BASE_TRAIN,origin_daylight_threshold_kw,0.056048669815063,kW,PROPOSED,C:\Users\Zhujiangkun-Yohkoh\Desktop\光伏项目_最新\PV_improve_v1\原始Dataset\5min pv active power data\38 Q CELLS.csv,1% of BASE_TRAIN positive Active_Power p99.9; no FINAL_TEST distribution accessed.
five_minute_pv,Site 38 Q CELLS,2021,,expected_timestamps,105120,5min rows,MEASURED,C:\Users\Zhujiangkun-Yohkoh\Desktop\光伏项目_最新\PV_improve_v1\原始Dataset\5min pv active power data\38 Q CELLS.csv,PV timestamps are treated as audited ACST.
five_minute_pv,Site 38 Q CELLS,2021,,present_timestamps,100539,5min rows,MEASURED,C:\Users\Zhujiangkun-Yohkoh\Desktop\光伏项目_最新\PV_improve_v1\原始Dataset\5min pv active power data\38 Q CELLS.csv,PV timestamps are treated as audited ACST.
five_minute_pv,Site 38 Q CELLS,2021,,missing_timestamps,4581,5min rows,MEASURED,C:\Users\Zhujiangkun-Yohkoh\Desktop\光伏项目_最新\PV_improve_v1\原始Dataset\5min pv active power data\38 Q CELLS.csv,PV timestamps are treated as audited ACST.
five_minute_pv,Site 38 Q CELLS,2021,,valid_active_power,99074,5min rows,MEASURED,C:\Users\Zhujiangkun-Yohkoh\Desktop\光伏项目_最新\PV_improve_v1\原始Dataset\5min pv active power data\38 Q CELLS.csv,PV timestamps are treated as audited ACST.
five_minute_pv,Site 38 Q CELLS,2021,,missing_active_power,1465,5min rows,MEASURED,C:\Users\Zhujiangkun-Yohkoh\Desktop\光伏项目_最新\PV_improve_v1\原始Dataset\5min pv active power data\38 Q CELLS.csv,PV timestamps are treated as audited ACST.
five_minute_pv,Site 38 Q CELLS,2022,,expected_timestamps,105120,5min rows,MEASURED,C:\Users\Zhujiangkun-Yohkoh\Desktop\光伏项目_最新\PV_improve_v1\原始Dataset\5min pv active power data\38 Q CELLS.csv,PV timestamps are treated as audited ACST.
five_minute_pv,Site 38 Q CELLS,2022,,present_timestamps,102901,5min rows,MEASURED,C:\Users\Zhujiangkun-Yohkoh\Desktop\光伏项目_最新\PV_improve_v1\原始Dataset\5min pv active power data\38 Q CELLS.csv,PV timestamps are treated as audited ACST.
five_minute_pv,Site 38 Q CELLS,2022,,missing_timestamps,2219,5min rows,MEASURED,C:\Users\Zhujiangkun-Yohkoh\Desktop\光伏项目_最新\PV_improve_v1\原始Dataset\5min pv active power data\38 Q CELLS.csv,PV timestamps are treated as audited ACST.
five_minute_pv,Site 38 Q CELLS,2022,,valid_active_power,100501,5min rows,MEASURED,C:\Users\Zhujiangkun-Yohkoh\Desktop\光伏项目_最新\PV_improve_v1\原始Dataset\5min pv active power data\38 Q CELLS.csv,PV timestamps are treated as audited ACST.
five_minute_pv,Site 38 Q CELLS,2022,,missing_active_power,2400,5min rows,MEASURED,C:\Users\Zhujiangkun-Yohkoh\Desktop\光伏项目_最新\PV_improve_v1\原始Dataset\5min pv active power data\38 Q CELLS.csv,PV timestamps are treated as audited ACST.
five_minute_pv,Site 38 Q CELLS,2023,,expected_timestamps,105120,5min rows,MEASURED,C:\Users\Zhujiangkun-Yohkoh\Desktop\光伏项目_最新\PV_improve_v1\原始Dataset\5min pv active power data\38 Q CELLS.csv,PV timestamps are treated as audited ACST.
five_minute_pv,Site 38 Q CELLS,2023,,present_timestamps,101812,5min rows,MEASURED,C:\Users\Zhujiangkun-Yohkoh\Desktop\光伏项目_最新\PV_improve_v1\原始Dataset\5min pv active power data\38 Q CELLS.csv,PV timestamps are treated as audited ACST.
five_minute_pv,Site 38 Q CELLS,2023,,missing_timestamps,3308,5min rows,MEASURED,C:\Users\Zhujiangkun-Yohkoh\Desktop\光伏项目_最新\PV_improve_v1\原始Dataset\5min pv active power data\38 Q CELLS.csv,PV timestamps are treated as audited ACST.
five_minute_pv,Site 38 Q CELLS,2023,,valid_active_power,95981,5min rows,MEASURED,C:\Users\Zhujiangkun-Yohkoh\Desktop\光伏项目_最新\PV_improve_v1\原始Dataset\5min pv active power data\38 Q CELLS.csv,PV timestamps are treated as audited ACST.
five_minute_pv,Site 38 Q CELLS,2023,,missing_active_power,5831,5min rows,MEASURED,C:\Users\Zhujiangkun-Yohkoh\Desktop\光伏项目_最新\PV_improve_v1\原始Dataset\5min pv active power data\38 Q CELLS.csv,PV timestamps are treated as audited ACST.
formal_windows,Site 17 Sanyo,,BASE_TRAIN,expected_calendar_origins,105037,origins,UNAVAILABLE,computed_from_raw_PV_and_second_level_sources,Secondary array-specific population.
formal_windows,Site 17 Sanyo,,BASE_TRAIN,formal_masked_origins,0,origins,UNAVAILABLE,computed_from_raw_PV_and_second_level_sources,Secondary array-specific population.
formal_windows,Site 17 Sanyo,,BASE_TRAIN,strict_all_channel_complete_origins,0,origins,UNAVAILABLE,computed_from_raw_PV_and_second_level_sources,Secondary array-specific population.
formal_windows,Site 17 Sanyo,,BASE_TRAIN,window_loss_total,105037,origins,UNAVAILABLE,computed_from_raw_PV_and_second_level_sources,Secondary array-specific population.
formal_windows,Site 17 Sanyo,,BASE_TRAIN,window_loss_pv,6021,origins,UNAVAILABLE,computed_from_raw_PV_and_second_level_sources,Secondary array-specific population.
formal_windows,Site 17 Sanyo,,BASE_TRAIN,window_loss_hf_zero_timestamp,99016,origins,UNAVAILABLE,computed_from_raw_PV_and_second_level_sources,Secondary array-specific population.
formal_windows,Site 17 Sanyo,,BASE_TRAIN,first_legal_origin,NONE,origins,UNAVAILABLE,computed_from_raw_PV_and_second_level_sources,Secondary array-specific population.
formal_windows,Site 17 Sanyo,,BASE_TRAIN,last_legal_origin,NONE,origins,UNAVAILABLE,computed_from_raw_PV_and_second_level_sources,Secondary array-specific population.
formal_windows,Site 17 Sanyo,,BASE_TRAIN,eligible_origin_segments,0,origins,UNAVAILABLE,computed_from_raw_PV_and_second_level_sources,Secondary array-specific population.
formal_windows,Site 17 Sanyo,,BASE_TRAIN,months,,,UNAVAILABLE,computed_from_raw_PV_and_second_level_sources,Secondary array-specific population.
formal_windows,Site 17 Sanyo,,BASE_TRAIN,seasons,,,UNAVAILABLE,computed_from_raw_PV_and_second_level_sources,Secondary array-specific population.
formal_windows,Site 25 Hanwha,,BASE_TRAIN,expected_calendar_origins,105037,origins,UNAVAILABLE,computed_from_raw_PV_and_second_level_sources,Secondary array-specific population.
formal_windows,Site 25 Hanwha,,BASE_TRAIN,formal_masked_origins,0,origins,UNAVAILABLE,computed_from_raw_PV_and_second_level_sources,Secondary array-specific population.
formal_windows,Site 25 Hanwha,,BASE_TRAIN,strict_all_channel_complete_origins,0,origins,UNAVAILABLE,computed_from_raw_PV_and_second_level_sources,Secondary array-specific population.
formal_windows,Site 25 Hanwha,,BASE_TRAIN,window_loss_total,105037,origins,UNAVAILABLE,computed_from_raw_PV_and_second_level_sources,Secondary array-specific population.
formal_windows,Site 25 Hanwha,,BASE_TRAIN,window_loss_pv,7231,origins,UNAVAILABLE,computed_from_raw_PV_and_second_level_sources,Secondary array-specific population.
formal_windows,Site 25 Hanwha,,BASE_TRAIN,window_loss_hf_zero_timestamp,97806,origins,UNAVAILABLE,computed_from_raw_PV_and_second_level_sources,Secondary array-specific population.
formal_windows,Site 25 Hanwha,,BASE_TRAIN,first_legal_origin,NONE,origins,UNAVAILABLE,computed_from_raw_PV_and_second_level_sources,Secondary array-specific population.
formal_windows,Site 25 Hanwha,,BASE_TRAIN,last_legal_origin,NONE,origins,UNAVAILABLE,computed_from_raw_PV_and_second_level_sources,Secondary array-specific population.
formal_windows,Site 25 Hanwha,,BASE_TRAIN,eligible_origin_segments,0,origins,UNAVAILABLE,computed_from_raw_PV_and_second_level_sources,Secondary array-specific population.
formal_windows,Site 25 Hanwha,,BASE_TRAIN,months,,,UNAVAILABLE,computed_from_raw_PV_and_second_level_sources,Secondary array-specific population.
formal_windows,Site 25 Hanwha,,BASE_TRAIN,seasons,,,UNAVAILABLE,computed_from_raw_PV_and_second_level_sources,Secondary array-specific population.
formal_windows,Site 38 Q CELLS,,BASE_TRAIN,expected_calendar_origins,105037,origins,UNAVAILABLE,computed_from_raw_PV_and_second_level_sources,Secondary array-specific population.
formal_windows,Site 38 Q CELLS,,BASE_TRAIN,formal_masked_origins,0,origins,UNAVAILABLE,computed_from_raw_PV_and_second_level_sources,Secondary array-specific population.
formal_windows,Site 38 Q CELLS,,BASE_TRAIN,strict_all_channel_complete_origins,0,origins,UNAVAILABLE,computed_from_raw_PV_and_second_level_sources,Secondary array-specific population.
formal_windows,Site 38 Q CELLS,,BASE_TRAIN,window_loss_total,105037,origins,UNAVAILABLE,computed_from_raw_PV_and_second_level_sources,Secondary array-specific population.
formal_windows,Site 38 Q CELLS,,BASE_TRAIN,window_loss_pv,7316,origins,UNAVAILABLE,computed_from_raw_PV_and_second_level_sources,Secondary array-specific population.
formal_windows,Site 38 Q CELLS,,BASE_TRAIN,window_loss_hf_zero_timestamp,97721,origins,UNAVAILABLE,computed_from_raw_PV_and_second_level_sources,Secondary array-specific population.
formal_windows,Site 38 Q CELLS,,BASE_TRAIN,first_legal_origin,NONE,origins,UNAVAILABLE,computed_from_raw_PV_and_second_level_sources,Secondary array-specific population.
formal_windows,Site 38 Q CELLS,,BASE_TRAIN,last_legal_origin,NONE,origins,UNAVAILABLE,computed_from_raw_PV_and_second_level_sources,Secondary array-specific population.
formal_windows,Site 38 Q CELLS,,BASE_TRAIN,eligible_origin_segments,0,origins,UNAVAILABLE,computed_from_raw_PV_and_second_level_sources,Secondary array-specific population.
formal_windows,Site 38 Q CELLS,,BASE_TRAIN,months,,,UNAVAILABLE,computed_from_raw_PV_and_second_level_sources,Secondary array-specific population.
formal_windows,Site 38 Q CELLS,,BASE_TRAIN,seasons,,,UNAVAILABLE,computed_from_raw_PV_and_second_level_sources,Secondary array-specific population.
formal_windows,THREE_ARRAY_COMMON,,BASE_TRAIN,expected_calendar_origins,105037,origins,UNAVAILABLE,computed_from_raw_PV_and_second_level_sources,Primary common-origin population.
formal_windows,THREE_ARRAY_COMMON,,BASE_TRAIN,formal_masked_origins,0,origins,UNAVAILABLE,computed_from_raw_PV_and_second_level_sources,Primary common-origin population.
formal_windows,THREE_ARRAY_COMMON,,BASE_TRAIN,strict_all_channel_complete_origins,0,origins,UNAVAILABLE,computed_from_raw_PV_and_second_level_sources,Primary common-origin population.
formal_windows,THREE_ARRAY_COMMON,,BASE_TRAIN,window_loss_total,105037,origins,UNAVAILABLE,computed_from_raw_PV_and_second_level_sources,Primary common-origin population.
formal_windows,THREE_ARRAY_COMMON,,BASE_TRAIN,window_loss_pv,7485,origins,UNAVAILABLE,computed_from_raw_PV_and_second_level_sources,Primary common-origin population.
formal_windows,THREE_ARRAY_COMMON,,BASE_TRAIN,window_loss_hf_zero_timestamp,97552,origins,UNAVAILABLE,computed_from_raw_PV_and_second_level_sources,Primary common-origin population.
formal_windows,THREE_ARRAY_COMMON,,BASE_TRAIN,first_legal_origin,NONE,origins,UNAVAILABLE,computed_from_raw_PV_and_second_level_sources,Primary common-origin population.
formal_windows,THREE_ARRAY_COMMON,,BASE_TRAIN,last_legal_origin,NONE,origins,UNAVAILABLE,computed_from_raw_PV_and_second_level_sources,Primary common-origin population.
formal_windows,THREE_ARRAY_COMMON,,BASE_TRAIN,eligible_origin_segments,0,origins,UNAVAILABLE,computed_from_raw_PV_and_second_level_sources,Primary common-origin population.
formal_windows,THREE_ARRAY_COMMON,,BASE_TRAIN,months,,,UNAVAILABLE,computed_from_raw_PV_and_second_level_sources,Primary common-origin population.
formal_windows,THREE_ARRAY_COMMON,,BASE_TRAIN,seasons,,,UNAVAILABLE,computed_from_raw_PV_and_second_level_sources,Primary common-origin population.
formal_windows,Site 17 Sanyo,,BASE_MODEL_VALIDATION,expected_calendar_origins,34477,origins,AVAILABLE,computed_from_raw_PV_and_second_level_sources,Secondary array-specific population.
formal_windows,Site 17 Sanyo,,BASE_MODEL_VALIDATION,formal_masked_origins,31641,origins,AVAILABLE,computed_from_raw_PV_and_second_level_sources,Secondary array-specific population.
formal_windows,Site 17 Sanyo,,BASE_MODEL_VALIDATION,strict_all_channel_complete_origins,31205,origins,AVAILABLE,computed_from_raw_PV_and_second_level_sources,Secondary array-specific population.
formal_windows,Site 17 Sanyo,,BASE_MODEL_VALIDATION,window_loss_total,2836,origins,AVAILABLE,computed_from_raw_PV_and_second_level_sources,Secondary array-specific population.
formal_windows,Site 17 Sanyo,,BASE_MODEL_VALIDATION,window_loss_pv,2722,origins,AVAILABLE,computed_from_raw_PV_and_second_level_sources,Secondary array-specific population.
formal_windows,Site 17 Sanyo,,BASE_MODEL_VALIDATION,window_loss_hf_zero_timestamp,114,origins,AVAILABLE,computed_from_raw_PV_and_second_level_sources,Secondary array-specific population.
formal_windows,Site 17 Sanyo,,BASE_MODEL_VALIDATION,first_legal_origin,2022-01-01T15:25,origins,AVAILABLE,computed_from_raw_PV_and_second_level_sources,Secondary array-specific population.
formal_windows,Site 17 Sanyo,,BASE_MODEL_VALIDATION,last_legal_origin,2022-04-30T22:55,origins,AVAILABLE,computed_from_raw_PV_and_second_level_sources,Secondary array-specific population.
formal_windows,Site 17 Sanyo,,BASE_MODEL_VALIDATION,eligible_origin_segments,7,origins,AVAILABLE,computed_from_raw_PV_and_second_level_sources,Secondary array-specific population.
formal_windows,Site 17 Sanyo,,BASE_MODEL_VALIDATION,months,1;2;3;4,,AVAILABLE,computed_from_raw_PV_and_second_level_sources,Secondary array-specific population.
formal_windows,Site 17 Sanyo,,BASE_MODEL_VALIDATION,seasons,autumn;summer,,AVAILABLE,computed_from_raw_PV_and_second_level_sources,Secondary array-specific population.
formal_windows,Site 25 Hanwha,,BASE_MODEL_VALIDATION,expected_calendar_origins,34477,origins,AVAILABLE,computed_from_raw_PV_and_second_level_sources,Secondary array-specific population.
formal_windows,Site 25 Hanwha,,BASE_MODEL_VALIDATION,formal_masked_origins,31643,origins,AVAILABLE,computed_from_raw_PV_and_second_level_sources,Secondary array-specific population.
formal_windows,Site 25 Hanwha,,BASE_MODEL_VALIDATION,strict_all_channel_complete_origins,31207,origins,AVAILABLE,computed_from_raw_PV_and_second_level_sources,Secondary array-specific population.
formal_windows,Site 25 Hanwha,,BASE_MODEL_VALIDATION,window_loss_total,2834,origins,AVAILABLE,computed_from_raw_PV_and_second_level_sources,Secondary array-specific population.
formal_windows,Site 25 Hanwha,,BASE_MODEL_VALIDATION,window_loss_pv,2720,origins,AVAILABLE,computed_from_raw_PV_and_second_level_sources,Secondary array-specific population.
formal_windows,Site 25 Hanwha,,BASE_MODEL_VALIDATION,window_loss_hf_zero_timestamp,114,origins,AVAILABLE,computed_from_raw_PV_and_second_level_sources,Secondary array-specific population.
formal_windows,Site 25 Hanwha,,BASE_MODEL_VALIDATION,first_legal_origin,2022-01-01T15:25,origins,AVAILABLE,computed_from_raw_PV_and_second_level_sources,Secondary array-specific population.
formal_windows,Site 25 Hanwha,,BASE_MODEL_VALIDATION,last_legal_origin,2022-04-30T22:55,origins,AVAILABLE,computed_from_raw_PV_and_second_level_sources,Secondary array-specific population.
formal_windows,Site 25 Hanwha,,BASE_MODEL_VALIDATION,eligible_origin_segments,7,origins,AVAILABLE,computed_from_raw_PV_and_second_level_sources,Secondary array-specific population.
formal_windows,Site 25 Hanwha,,BASE_MODEL_VALIDATION,months,1;2;3;4,,AVAILABLE,computed_from_raw_PV_and_second_level_sources,Secondary array-specific population.
formal_windows,Site 25 Hanwha,,BASE_MODEL_VALIDATION,seasons,autumn;summer,,AVAILABLE,computed_from_raw_PV_and_second_level_sources,Secondary array-specific population.
formal_windows,Site 38 Q CELLS,,BASE_MODEL_VALIDATION,expected_calendar_origins,34477,origins,AVAILABLE,computed_from_raw_PV_and_second_level_sources,Secondary array-specific population.
formal_windows,Site 38 Q CELLS,,BASE_MODEL_VALIDATION,formal_masked_origins,31643,origins,AVAILABLE,computed_from_raw_PV_and_second_level_sources,Secondary array-specific population.
formal_windows,Site 38 Q CELLS,,BASE_MODEL_VALIDATION,strict_all_channel_complete_origins,31207,origins,AVAILABLE,computed_from_raw_PV_and_second_level_sources,Secondary array-specific population.
formal_windows,Site 38 Q CELLS,,BASE_MODEL_VALIDATION,window_loss_total,2834,origins,AVAILABLE,computed_from_raw_PV_and_second_level_sources,Secondary array-specific population.
formal_windows,Site 38 Q CELLS,,BASE_MODEL_VALIDATION,window_loss_pv,2720,origins,AVAILABLE,computed_from_raw_PV_and_second_level_sources,Secondary array-specific population.
formal_windows,Site 38 Q CELLS,,BASE_MODEL_VALIDATION,window_loss_hf_zero_timestamp,114,origins,AVAILABLE,computed_from_raw_PV_and_second_level_sources,Secondary array-specific population.
formal_windows,Site 38 Q CELLS,,BASE_MODEL_VALIDATION,first_legal_origin,2022-01-01T15:25,origins,AVAILABLE,computed_from_raw_PV_and_second_level_sources,Secondary array-specific population.
formal_windows,Site 38 Q CELLS,,BASE_MODEL_VALIDATION,last_legal_origin,2022-04-30T22:55,origins,AVAILABLE,computed_from_raw_PV_and_second_level_sources,Secondary array-specific population.
formal_windows,Site 38 Q CELLS,,BASE_MODEL_VALIDATION,eligible_origin_segments,7,origins,AVAILABLE,computed_from_raw_PV_and_second_level_sources,Secondary array-specific population.
formal_windows,Site 38 Q CELLS,,BASE_MODEL_VALIDATION,months,1;2;3;4,,AVAILABLE,computed_from_raw_PV_and_second_level_sources,Secondary array-specific population.
formal_windows,Site 38 Q CELLS,,BASE_MODEL_VALIDATION,seasons,autumn;summer,,AVAILABLE,computed_from_raw_PV_and_second_level_sources,Secondary array-specific population.
formal_windows,THREE_ARRAY_COMMON,,BASE_MODEL_VALIDATION,expected_calendar_origins,34477,origins,AVAILABLE,computed_from_raw_PV_and_second_level_sources,Primary common-origin population.
formal_windows,THREE_ARRAY_COMMON,,BASE_MODEL_VALIDATION,formal_masked_origins,31636,origins,AVAILABLE,computed_from_raw_PV_and_second_level_sources,Primary common-origin population.
formal_windows,THREE_ARRAY_COMMON,,BASE_MODEL_VALIDATION,strict_all_channel_complete_origins,31200,origins,AVAILABLE,computed_from_raw_PV_and_second_level_sources,Primary common-origin population.
formal_windows,THREE_ARRAY_COMMON,,BASE_MODEL_VALIDATION,window_loss_total,2841,origins,AVAILABLE,computed_from_raw_PV_and_second_level_sources,Primary common-origin population.
formal_windows,THREE_ARRAY_COMMON,,BASE_MODEL_VALIDATION,window_loss_pv,2727,origins,AVAILABLE,computed_from_raw_PV_and_second_level_sources,Primary common-origin population.
formal_windows,THREE_ARRAY_COMMON,,BASE_MODEL_VALIDATION,window_loss_hf_zero_timestamp,114,origins,AVAILABLE,computed_from_raw_PV_and_second_level_sources,Primary common-origin population.
formal_windows,THREE_ARRAY_COMMON,,BASE_MODEL_VALIDATION,first_legal_origin,2022-01-01T15:25,origins,AVAILABLE,computed_from_raw_PV_and_second_level_sources,Primary common-origin population.
formal_windows,THREE_ARRAY_COMMON,,BASE_MODEL_VALIDATION,last_legal_origin,2022-04-30T22:55,origins,AVAILABLE,computed_from_raw_PV_and_second_level_sources,Primary common-origin population.
formal_windows,THREE_ARRAY_COMMON,,BASE_MODEL_VALIDATION,eligible_origin_segments,7,origins,AVAILABLE,computed_from_raw_PV_and_second_level_sources,Primary common-origin population.
formal_windows,THREE_ARRAY_COMMON,,BASE_MODEL_VALIDATION,months,1;2;3;4,,AVAILABLE,computed_from_raw_PV_and_second_level_sources,Primary common-origin population.
formal_windows,THREE_ARRAY_COMMON,,BASE_MODEL_VALIDATION,seasons,autumn;summer,,AVAILABLE,computed_from_raw_PV_and_second_level_sources,Primary common-origin population.
formal_windows,Site 17 Sanyo,,RISK_FIT,expected_calendar_origins,35341,origins,AVAILABLE,computed_from_raw_PV_and_second_level_sources,Secondary array-specific population.
formal_windows,Site 17 Sanyo,,RISK_FIT,formal_masked_origins,35004,origins,AVAILABLE,computed_from_raw_PV_and_second_level_sources,Secondary array-specific population.
formal_windows,Site 17 Sanyo,,RISK_FIT,strict_all_channel_complete_origins,34171,origins,AVAILABLE,computed_from_raw_PV_and_second_level_sources,Secondary array-specific population.
formal_windows,Site 17 Sanyo,,RISK_FIT,window_loss_total,337,origins,AVAILABLE,computed_from_raw_PV_and_second_level_sources,Secondary array-specific population.
formal_windows,Site 17 Sanyo,,RISK_FIT,window_loss_pv,337,origins,AVAILABLE,computed_from_raw_PV_and_second_level_sources,Secondary array-specific population.
formal_windows,Site 17 Sanyo,,RISK_FIT,window_loss_hf_zero_timestamp,0,origins,AVAILABLE,computed_from_raw_PV_and_second_level_sources,Secondary array-specific population.
formal_windows,Site 17 Sanyo,,RISK_FIT,first_legal_origin,2022-05-01T05:55,origins,AVAILABLE,computed_from_raw_PV_and_second_level_sources,Secondary array-specific population.
formal_windows,Site 17 Sanyo,,RISK_FIT,last_legal_origin,2022-08-31T22:55,origins,AVAILABLE,computed_from_raw_PV_and_second_level_sources,Secondary array-specific population.
formal_windows,Site 17 Sanyo,,RISK_FIT,eligible_origin_segments,5,origins,AVAILABLE,computed_from_raw_PV_and_second_level_sources,Secondary array-specific population.
formal_windows,Site 17 Sanyo,,RISK_FIT,months,5;6;7;8,,AVAILABLE,computed_from_raw_PV_and_second_level_sources,Secondary array-specific population.
formal_windows,Site 17 Sanyo,,RISK_FIT,seasons,autumn;winter,,AVAILABLE,computed_from_raw_PV_and_second_level_sources,Secondary array-specific population.
formal_windows,Site 25 Hanwha,,RISK_FIT,expected_calendar_origins,35341,origins,AVAILABLE,computed_from_raw_PV_and_second_level_sources,Secondary array-specific population.
formal_windows,Site 25 Hanwha,,RISK_FIT,formal_masked_origins,32593,origins,AVAILABLE,computed_from_raw_PV_and_second_level_sources,Secondary array-specific population.
formal_windows,Site 25 Hanwha,,RISK_FIT,strict_all_channel_complete_origins,31760,origins,AVAILABLE,computed_from_raw_PV_and_second_level_sources,Secondary array-specific population.
formal_windows,Site 25 Hanwha,,RISK_FIT,window_loss_total,2748,origins,AVAILABLE,computed_from_raw_PV_and_second_level_sources,Secondary array-specific population.
formal_windows,Site 25 Hanwha,,RISK_FIT,window_loss_pv,2748,origins,AVAILABLE,computed_from_raw_PV_and_second_level_sources,Secondary array-specific population.
formal_windows,Site 25 Hanwha,,RISK_FIT,window_loss_hf_zero_timestamp,0,origins,AVAILABLE,computed_from_raw_PV_and_second_level_sources,Secondary array-specific population.
formal_windows,Site 25 Hanwha,,RISK_FIT,first_legal_origin,2022-05-01T05:55,origins,AVAILABLE,computed_from_raw_PV_and_second_level_sources,Secondary array-specific population.
formal_windows,Site 25 Hanwha,,RISK_FIT,last_legal_origin,2022-08-31T22:55,origins,AVAILABLE,computed_from_raw_PV_and_second_level_sources,Secondary array-specific population.
formal_windows,Site 25 Hanwha,,RISK_FIT,eligible_origin_segments,5,origins,AVAILABLE,computed_from_raw_PV_and_second_level_sources,Secondary array-specific population.
formal_windows,Site 25 Hanwha,,RISK_FIT,months,5;6;7;8,,AVAILABLE,computed_from_raw_PV_and_second_level_sources,Secondary array-specific population.
formal_windows,Site 25 Hanwha,,RISK_FIT,seasons,autumn;winter,,AVAILABLE,computed_from_raw_PV_and_second_level_sources,Secondary array-specific population.
formal_windows,Site 38 Q CELLS,,RISK_FIT,expected_calendar_origins,35341,origins,AVAILABLE,computed_from_raw_PV_and_second_level_sources,Secondary array-specific population.
formal_windows,Site 38 Q CELLS,,RISK_FIT,formal_masked_origins,32593,origins,AVAILABLE,computed_from_raw_PV_and_second_level_sources,Secondary array-specific population.
formal_windows,Site 38 Q CELLS,,RISK_FIT,strict_all_channel_complete_origins,31760,origins,AVAILABLE,computed_from_raw_PV_and_second_level_sources,Secondary array-specific population.
formal_windows,Site 38 Q CELLS,,RISK_FIT,window_loss_total,2748,origins,AVAILABLE,computed_from_raw_PV_and_second_level_sources,Secondary array-specific population.
formal_windows,Site 38 Q CELLS,,RISK_FIT,window_loss_pv,2748,origins,AVAILABLE,computed_from_raw_PV_and_second_level_sources,Secondary array-specific population.
formal_windows,Site 38 Q CELLS,,RISK_FIT,window_loss_hf_zero_timestamp,0,origins,AVAILABLE,computed_from_raw_PV_and_second_level_sources,Secondary array-specific population.
formal_windows,Site 38 Q CELLS,,RISK_FIT,first_legal_origin,2022-05-01T05:55,origins,AVAILABLE,computed_from_raw_PV_and_second_level_sources,Secondary array-specific population.
formal_windows,Site 38 Q CELLS,,RISK_FIT,last_legal_origin,2022-08-31T22:55,origins,AVAILABLE,computed_from_raw_PV_and_second_level_sources,Secondary array-specific population.
formal_windows,Site 38 Q CELLS,,RISK_FIT,eligible_origin_segments,5,origins,AVAILABLE,computed_from_raw_PV_and_second_level_sources,Secondary array-specific population.
formal_windows,Site 38 Q CELLS,,RISK_FIT,months,5;6;7;8,,AVAILABLE,computed_from_raw_PV_and_second_level_sources,Secondary array-specific population.
formal_windows,Site 38 Q CELLS,,RISK_FIT,seasons,autumn;winter,,AVAILABLE,computed_from_raw_PV_and_second_level_sources,Secondary array-specific population.
formal_windows,THREE_ARRAY_COMMON,,RISK_FIT,expected_calendar_origins,35341,origins,AVAILABLE,computed_from_raw_PV_and_second_level_sources,Primary common-origin population.
formal_windows,THREE_ARRAY_COMMON,,RISK_FIT,formal_masked_origins,32509,origins,AVAILABLE,computed_from_raw_PV_and_second_level_sources,Primary common-origin population.
formal_windows,THREE_ARRAY_COMMON,,RISK_FIT,strict_all_channel_complete_origins,31676,origins,AVAILABLE,computed_from_raw_PV_and_second_level_sources,Primary common-origin population.
formal_windows,THREE_ARRAY_COMMON,,RISK_FIT,window_loss_total,2832,origins,AVAILABLE,computed_from_raw_PV_and_second_level_sources,Primary common-origin population.
formal_windows,THREE_ARRAY_COMMON,,RISK_FIT,window_loss_pv,2832,origins,AVAILABLE,computed_from_raw_PV_and_second_level_sources,Primary common-origin population.
formal_windows,THREE_ARRAY_COMMON,,RISK_FIT,window_loss_hf_zero_timestamp,0,origins,AVAILABLE,computed_from_raw_PV_and_second_level_sources,Primary common-origin population.
formal_windows,THREE_ARRAY_COMMON,,RISK_FIT,first_legal_origin,2022-05-01T05:55,origins,AVAILABLE,computed_from_raw_PV_and_second_level_sources,Primary common-origin population.
formal_windows,THREE_ARRAY_COMMON,,RISK_FIT,last_legal_origin,2022-08-31T22:55,origins,AVAILABLE,computed_from_raw_PV_and_second_level_sources,Primary common-origin population.
formal_windows,THREE_ARRAY_COMMON,,RISK_FIT,eligible_origin_segments,6,origins,AVAILABLE,computed_from_raw_PV_and_second_level_sources,Primary common-origin population.
formal_windows,THREE_ARRAY_COMMON,,RISK_FIT,months,5;6;7;8,,AVAILABLE,computed_from_raw_PV_and_second_level_sources,Primary common-origin population.
formal_windows,THREE_ARRAY_COMMON,,RISK_FIT,seasons,autumn;winter,,AVAILABLE,computed_from_raw_PV_and_second_level_sources,Primary common-origin population.
formal_windows,Site 17 Sanyo,,RISK_CALIBRATION,expected_calendar_origins,35053,origins,AVAILABLE,computed_from_raw_PV_and_second_level_sources,Secondary array-specific population.
formal_windows,Site 17 Sanyo,,RISK_CALIBRATION,formal_masked_origins,34969,origins,AVAILABLE,computed_from_raw_PV_and_second_level_sources,Secondary array-specific population.
formal_windows,Site 17 Sanyo,,RISK_CALIBRATION,strict_all_channel_complete_origins,2300,origins,AVAILABLE,computed_from_raw_PV_and_second_level_sources,Secondary array-specific population.
formal_windows,Site 17 Sanyo,,RISK_CALIBRATION,window_loss_total,84,origins,AVAILABLE,computed_from_raw_PV_and_second_level_sources,Secondary array-specific population.
formal_windows,Site 17 Sanyo,,RISK_CALIBRATION,window_loss_pv,84,origins,AVAILABLE,computed_from_raw_PV_and_second_level_sources,Secondary array-specific population.
formal_windows,Site 17 Sanyo,,RISK_CALIBRATION,window_loss_hf_zero_timestamp,0,origins,AVAILABLE,computed_from_raw_PV_and_second_level_sources,Secondary array-specific population.
formal_windows,Site 17 Sanyo,,RISK_CALIBRATION,first_legal_origin,2022-09-01T05:55,origins,AVAILABLE,computed_from_raw_PV_and_second_level_sources,Secondary array-specific population.
formal_windows,Site 17 Sanyo,,RISK_CALIBRATION,last_legal_origin,2022-12-31T22:55,origins,AVAILABLE,computed_from_raw_PV_and_second_level_sources,Secondary array-specific population.
formal_windows,Site 17 Sanyo,,RISK_CALIBRATION,eligible_origin_segments,2,origins,AVAILABLE,computed_from_raw_PV_and_second_level_sources,Secondary array-specific population.
formal_windows,Site 17 Sanyo,,RISK_CALIBRATION,months,9;10;11;12,,AVAILABLE,computed_from_raw_PV_and_second_level_sources,Secondary array-specific population.
formal_windows,Site 17 Sanyo,,RISK_CALIBRATION,seasons,spring;summer,,AVAILABLE,computed_from_raw_PV_and_second_level_sources,Secondary array-specific population.
formal_windows,Site 25 Hanwha,,RISK_CALIBRATION,expected_calendar_origins,35053,origins,AVAILABLE,computed_from_raw_PV_and_second_level_sources,Secondary array-specific population.
formal_windows,Site 25 Hanwha,,RISK_CALIBRATION,formal_masked_origins,34969,origins,AVAILABLE,computed_from_raw_PV_and_second_level_sources,Secondary array-specific population.
formal_windows,Site 25 Hanwha,,RISK_CALIBRATION,strict_all_channel_complete_origins,2300,origins,AVAILABLE,computed_from_raw_PV_and_second_level_sources,Secondary array-specific population.
formal_windows,Site 25 Hanwha,,RISK_CALIBRATION,window_loss_total,84,origins,AVAILABLE,computed_from_raw_PV_and_second_level_sources,Secondary array-specific population.
formal_windows,Site 25 Hanwha,,RISK_CALIBRATION,window_loss_pv,84,origins,AVAILABLE,computed_from_raw_PV_and_second_level_sources,Secondary array-specific population.
formal_windows,Site 25 Hanwha,,RISK_CALIBRATION,window_loss_hf_zero_timestamp,0,origins,AVAILABLE,computed_from_raw_PV_and_second_level_sources,Secondary array-specific population.
formal_windows,Site 25 Hanwha,,RISK_CALIBRATION,first_legal_origin,2022-09-01T05:55,origins,AVAILABLE,computed_from_raw_PV_and_second_level_sources,Secondary array-specific population.
formal_windows,Site 25 Hanwha,,RISK_CALIBRATION,last_legal_origin,2022-12-31T22:55,origins,AVAILABLE,computed_from_raw_PV_and_second_level_sources,Secondary array-specific population.
formal_windows,Site 25 Hanwha,,RISK_CALIBRATION,eligible_origin_segments,2,origins,AVAILABLE,computed_from_raw_PV_and_second_level_sources,Secondary array-specific population.
formal_windows,Site 25 Hanwha,,RISK_CALIBRATION,months,9;10;11;12,,AVAILABLE,computed_from_raw_PV_and_second_level_sources,Secondary array-specific population.
formal_windows,Site 25 Hanwha,,RISK_CALIBRATION,seasons,spring;summer,,AVAILABLE,computed_from_raw_PV_and_second_level_sources,Secondary array-specific population.
formal_windows,Site 38 Q CELLS,,RISK_CALIBRATION,expected_calendar_origins,35053,origins,AVAILABLE,computed_from_raw_PV_and_second_level_sources,Secondary array-specific population.
formal_windows,Site 38 Q CELLS,,RISK_CALIBRATION,formal_masked_origins,34969,origins,AVAILABLE,computed_from_raw_PV_and_second_level_sources,Secondary array-specific population.
formal_windows,Site 38 Q CELLS,,RISK_CALIBRATION,strict_all_channel_complete_origins,2300,origins,AVAILABLE,computed_from_raw_PV_and_second_level_sources,Secondary array-specific population.
formal_windows,Site 38 Q CELLS,,RISK_CALIBRATION,window_loss_total,84,origins,AVAILABLE,computed_from_raw_PV_and_second_level_sources,Secondary array-specific population.
formal_windows,Site 38 Q CELLS,,RISK_CALIBRATION,window_loss_pv,84,origins,AVAILABLE,computed_from_raw_PV_and_second_level_sources,Secondary array-specific population.
formal_windows,Site 38 Q CELLS,,RISK_CALIBRATION,window_loss_hf_zero_timestamp,0,origins,AVAILABLE,computed_from_raw_PV_and_second_level_sources,Secondary array-specific population.
formal_windows,Site 38 Q CELLS,,RISK_CALIBRATION,first_legal_origin,2022-09-01T05:55,origins,AVAILABLE,computed_from_raw_PV_and_second_level_sources,Secondary array-specific population.
formal_windows,Site 38 Q CELLS,,RISK_CALIBRATION,last_legal_origin,2022-12-31T22:55,origins,AVAILABLE,computed_from_raw_PV_and_second_level_sources,Secondary array-specific population.
formal_windows,Site 38 Q CELLS,,RISK_CALIBRATION,eligible_origin_segments,2,origins,AVAILABLE,computed_from_raw_PV_and_second_level_sources,Secondary array-specific population.
formal_windows,Site 38 Q CELLS,,RISK_CALIBRATION,months,9;10;11;12,,AVAILABLE,computed_from_raw_PV_and_second_level_sources,Secondary array-specific population.
formal_windows,Site 38 Q CELLS,,RISK_CALIBRATION,seasons,spring;summer,,AVAILABLE,computed_from_raw_PV_and_second_level_sources,Secondary array-specific population.
formal_windows,THREE_ARRAY_COMMON,,RISK_CALIBRATION,expected_calendar_origins,35053,origins,AVAILABLE,computed_from_raw_PV_and_second_level_sources,Primary common-origin population.
formal_windows,THREE_ARRAY_COMMON,,RISK_CALIBRATION,formal_masked_origins,34969,origins,AVAILABLE,computed_from_raw_PV_and_second_level_sources,Primary common-origin population.
formal_windows,THREE_ARRAY_COMMON,,RISK_CALIBRATION,strict_all_channel_complete_origins,2300,origins,AVAILABLE,computed_from_raw_PV_and_second_level_sources,Primary common-origin population.
formal_windows,THREE_ARRAY_COMMON,,RISK_CALIBRATION,window_loss_total,84,origins,AVAILABLE,computed_from_raw_PV_and_second_level_sources,Primary common-origin population.
formal_windows,THREE_ARRAY_COMMON,,RISK_CALIBRATION,window_loss_pv,84,origins,AVAILABLE,computed_from_raw_PV_and_second_level_sources,Primary common-origin population.
formal_windows,THREE_ARRAY_COMMON,,RISK_CALIBRATION,window_loss_hf_zero_timestamp,0,origins,AVAILABLE,computed_from_raw_PV_and_second_level_sources,Primary common-origin population.
formal_windows,THREE_ARRAY_COMMON,,RISK_CALIBRATION,first_legal_origin,2022-09-01T05:55,origins,AVAILABLE,computed_from_raw_PV_and_second_level_sources,Primary common-origin population.
formal_windows,THREE_ARRAY_COMMON,,RISK_CALIBRATION,last_legal_origin,2022-12-31T22:55,origins,AVAILABLE,computed_from_raw_PV_and_second_level_sources,Primary common-origin population.
formal_windows,THREE_ARRAY_COMMON,,RISK_CALIBRATION,eligible_origin_segments,2,origins,AVAILABLE,computed_from_raw_PV_and_second_level_sources,Primary common-origin population.
formal_windows,THREE_ARRAY_COMMON,,RISK_CALIBRATION,months,9;10;11;12,,AVAILABLE,computed_from_raw_PV_and_second_level_sources,Primary common-origin population.
formal_windows,THREE_ARRAY_COMMON,,RISK_CALIBRATION,seasons,spring;summer,,AVAILABLE,computed_from_raw_PV_and_second_level_sources,Primary common-origin population.
formal_windows,Site 17 Sanyo,,FINAL_TEST,expected_calendar_origins,105037,origins,AVAILABLE,computed_from_raw_PV_and_second_level_sources,Secondary array-specific population.
formal_windows,Site 17 Sanyo,,FINAL_TEST,formal_masked_origins,604,origins,AVAILABLE,computed_from_raw_PV_and_second_level_sources,Secondary array-specific population.
formal_windows,Site 17 Sanyo,,FINAL_TEST,strict_all_channel_complete_origins,0,origins,AVAILABLE,computed_from_raw_PV_and_second_level_sources,Secondary array-specific population.
formal_windows,Site 17 Sanyo,,FINAL_TEST,window_loss_total,104433,origins,AVAILABLE,computed_from_raw_PV_and_second_level_sources,Secondary array-specific population.
formal_windows,Site 17 Sanyo,,FINAL_TEST,window_loss_pv,28452,origins,AVAILABLE,computed_from_raw_PV_and_second_level_sources,Secondary array-specific population.
formal_windows,Site 17 Sanyo,,FINAL_TEST,window_loss_hf_zero_timestamp,75981,origins,AVAILABLE,computed_from_raw_PV_and_second_level_sources,Secondary array-specific population.
formal_windows,Site 17 Sanyo,,FINAL_TEST,first_legal_origin,2023-01-01T05:55,origins,AVAILABLE,computed_from_raw_PV_and_second_level_sources,Secondary array-specific population.
formal_windows,Site 17 Sanyo,,FINAL_TEST,last_legal_origin,2023-01-03T08:10,origins,AVAILABLE,computed_from_raw_PV_and_second_level_sources,Secondary array-specific population.
formal_windows,Site 17 Sanyo,,FINAL_TEST,eligible_origin_segments,1,origins,AVAILABLE,computed_from_raw_PV_and_second_level_sources,Secondary array-specific population.
formal_windows,Site 17 Sanyo,,FINAL_TEST,months,1,,AVAILABLE,computed_from_raw_PV_and_second_level_sources,Secondary array-specific population.
formal_windows,Site 17 Sanyo,,FINAL_TEST,seasons,summer,,AVAILABLE,computed_from_raw_PV_and_second_level_sources,Secondary array-specific population.
formal_windows,Site 25 Hanwha,,FINAL_TEST,expected_calendar_origins,105037,origins,AVAILABLE,computed_from_raw_PV_and_second_level_sources,Secondary array-specific population.
formal_windows,Site 25 Hanwha,,FINAL_TEST,formal_masked_origins,604,origins,AVAILABLE,computed_from_raw_PV_and_second_level_sources,Secondary array-specific population.
formal_windows,Site 25 Hanwha,,FINAL_TEST,strict_all_channel_complete_origins,0,origins,AVAILABLE,computed_from_raw_PV_and_second_level_sources,Secondary array-specific population.
formal_windows,Site 25 Hanwha,,FINAL_TEST,window_loss_total,104433,origins,AVAILABLE,computed_from_raw_PV_and_second_level_sources,Secondary array-specific population.
formal_windows,Site 25 Hanwha,,FINAL_TEST,window_loss_pv,29620,origins,AVAILABLE,computed_from_raw_PV_and_second_level_sources,Secondary array-specific population.
formal_windows,Site 25 Hanwha,,FINAL_TEST,window_loss_hf_zero_timestamp,74813,origins,AVAILABLE,computed_from_raw_PV_and_second_level_sources,Secondary array-specific population.
formal_windows,Site 25 Hanwha,,FINAL_TEST,first_legal_origin,2023-01-01T05:55,origins,AVAILABLE,computed_from_raw_PV_and_second_level_sources,Secondary array-specific population.
formal_windows,Site 25 Hanwha,,FINAL_TEST,last_legal_origin,2023-01-03T08:10,origins,AVAILABLE,computed_from_raw_PV_and_second_level_sources,Secondary array-specific population.
formal_windows,Site 25 Hanwha,,FINAL_TEST,eligible_origin_segments,1,origins,AVAILABLE,computed_from_raw_PV_and_second_level_sources,Secondary array-specific population.
formal_windows,Site 25 Hanwha,,FINAL_TEST,months,1,,AVAILABLE,computed_from_raw_PV_and_second_level_sources,Secondary array-specific population.
formal_windows,Site 25 Hanwha,,FINAL_TEST,seasons,summer,,AVAILABLE,computed_from_raw_PV_and_second_level_sources,Secondary array-specific population.
formal_windows,Site 38 Q CELLS,,FINAL_TEST,expected_calendar_origins,105037,origins,AVAILABLE,computed_from_raw_PV_and_second_level_sources,Secondary array-specific population.
formal_windows,Site 38 Q CELLS,,FINAL_TEST,formal_masked_origins,604,origins,AVAILABLE,computed_from_raw_PV_and_second_level_sources,Secondary array-specific population.
formal_windows,Site 38 Q CELLS,,FINAL_TEST,strict_all_channel_complete_origins,0,origins,AVAILABLE,computed_from_raw_PV_and_second_level_sources,Secondary array-specific population.
formal_windows,Site 38 Q CELLS,,FINAL_TEST,window_loss_total,104433,origins,AVAILABLE,computed_from_raw_PV_and_second_level_sources,Secondary array-specific population.
formal_windows,Site 38 Q CELLS,,FINAL_TEST,window_loss_pv,29539,origins,AVAILABLE,computed_from_raw_PV_and_second_level_sources,Secondary array-specific population.
formal_windows,Site 38 Q CELLS,,FINAL_TEST,window_loss_hf_zero_timestamp,74894,origins,AVAILABLE,computed_from_raw_PV_and_second_level_sources,Secondary array-specific population.
formal_windows,Site 38 Q CELLS,,FINAL_TEST,first_legal_origin,2023-01-01T05:55,origins,AVAILABLE,computed_from_raw_PV_and_second_level_sources,Secondary array-specific population.
formal_windows,Site 38 Q CELLS,,FINAL_TEST,last_legal_origin,2023-01-03T08:10,origins,AVAILABLE,computed_from_raw_PV_and_second_level_sources,Secondary array-specific population.
formal_windows,Site 38 Q CELLS,,FINAL_TEST,eligible_origin_segments,1,origins,AVAILABLE,computed_from_raw_PV_and_second_level_sources,Secondary array-specific population.
formal_windows,Site 38 Q CELLS,,FINAL_TEST,months,1,,AVAILABLE,computed_from_raw_PV_and_second_level_sources,Secondary array-specific population.
formal_windows,Site 38 Q CELLS,,FINAL_TEST,seasons,summer,,AVAILABLE,computed_from_raw_PV_and_second_level_sources,Secondary array-specific population.
formal_windows,THREE_ARRAY_COMMON,,FINAL_TEST,expected_calendar_origins,105037,origins,AVAILABLE,computed_from_raw_PV_and_second_level_sources,Primary common-origin population.
formal_windows,THREE_ARRAY_COMMON,,FINAL_TEST,formal_masked_origins,604,origins,AVAILABLE,computed_from_raw_PV_and_second_level_sources,Primary common-origin population.
formal_windows,THREE_ARRAY_COMMON,,FINAL_TEST,strict_all_channel_complete_origins,0,origins,AVAILABLE,computed_from_raw_PV_and_second_level_sources,Primary common-origin population.
formal_windows,THREE_ARRAY_COMMON,,FINAL_TEST,window_loss_total,104433,origins,AVAILABLE,computed_from_raw_PV_and_second_level_sources,Primary common-origin population.
formal_windows,THREE_ARRAY_COMMON,,FINAL_TEST,window_loss_pv,30306,origins,AVAILABLE,computed_from_raw_PV_and_second_level_sources,Primary common-origin population.
formal_windows,THREE_ARRAY_COMMON,,FINAL_TEST,window_loss_hf_zero_timestamp,74127,origins,AVAILABLE,computed_from_raw_PV_and_second_level_sources,Primary common-origin population.
formal_windows,THREE_ARRAY_COMMON,,FINAL_TEST,first_legal_origin,2023-01-01T05:55,origins,AVAILABLE,computed_from_raw_PV_and_second_level_sources,Primary common-origin population.
formal_windows,THREE_ARRAY_COMMON,,FINAL_TEST,last_legal_origin,2023-01-03T08:10,origins,AVAILABLE,computed_from_raw_PV_and_second_level_sources,Primary common-origin population.
formal_windows,THREE_ARRAY_COMMON,,FINAL_TEST,eligible_origin_segments,1,origins,AVAILABLE,computed_from_raw_PV_and_second_level_sources,Primary common-origin population.
formal_windows,THREE_ARRAY_COMMON,,FINAL_TEST,months,1,,AVAILABLE,computed_from_raw_PV_and_second_level_sources,Primary common-origin population.
formal_windows,THREE_ARRAY_COMMON,,FINAL_TEST,seasons,summer,,AVAILABLE,computed_from_raw_PV_and_second_level_sources,Primary common-origin population.
readiness,C1-S2,,,all_three_irradiance_years_structurally_full_calendar,false,boolean,FAIL,,Both conditions are required for C1_FORMAL_DATA_READY.
readiness,C1-S2,,,every_stage_has_common_formal_and_strict_origins,false,boolean,FAIL,,Both conditions are required for C1_FORMAL_DATA_READY.
self_check,C1-S2,,,source_files_unchanged,true,boolean,PASS,,"Runtime result, not a hard-coded assertion."
self_check,C1-S2,,,training_performed,false,boolean,PASS,,"Runtime result, not a hard-coded assertion."
self_check,C1-S2,,,risk_model_fitted,false,boolean,PASS,,"Runtime result, not a hard-coded assertion."
self_check,C1-S2,,,final_test_predictions_generated_or_read,false,boolean,PASS,,"Runtime result, not a hard-coded assertion."
