section,split,seed,scope,horizon,value,n,rmse_kw,mae_kw,bias_kw,r2,diff_mae_kw,prediction_to_truth_std_ratio,prediction_to_truth_change_amplitude_ratio,change_direction_accuracy,sse_share,mean_window_bias_kw,mean_peak_error_kw,mean_max_abs_error_kw,mean_energy_sum_error_kw_steps,mean_true_tv_kw,mean_pred_tv_kw,aggregate_tv_ratio,mean_peak_rate_ratio,dominant_best_lag_steps,mean_best_lag_steps,raw_window_rmse_kw,lag_aligned_window_rmse_kw,lag_alignment_gain_kw,tv_ratio,event_count,event_rate,threshold_kw,prediction_shape,labels_finite,predictions_finite,checkpoint_epoch,checkpoint_validation_rmse_kw,target_center,target_scale,saved_prediction_max_abs_difference_kw,artifact_source,train_spearman,validation_spearman,uses_only_origin_or_past,validation_r2,validation_mae_kw,baseline_mae_kw
train_threshold,train,all,change_low,NA,0.0,66842,,,,,,,,,,,,,,,,,,,,,,,,,,,,,,,,,,,,,,,,,
train_threshold,train,all,change_high,NA,0.10713335871696472,66842,,,,,,,,,,,,,,,,,,,,,,,,,,,,,,,,,,,,,,,,,
train_threshold,train,all,irr_std_median,NA,0.11680415272712708,66842,,,,,,,,,,,,,,,,,,,,,,,,,,,,,,,,,,,,,,,,,
train_threshold,train,all,power_q33,NA,0.0,66842,,,,,,,,,,,,,,,,,,,,,,,,,,,,,,,,,,,,,,,,,
train_threshold,train,all,power_q67,NA,1.7034980058670044,66842,,,,,,,,,,,,,,,,,,,,,,,,,,,,,,,,,,,,,,,,,
train_threshold,train,all,direction_tol,NA,0.0363999605178833,66842,,,,,,,,,,,,,,,,,,,,,,,,,,,,,,,,,,,,,,,,,
lead_time,train,42,full_timeline,1,,66842,0.23811756828305444,0.09468886256217957,0.0020516831427812576,0.98514959096136,0.09468886256217957,1.0058584213256836,1.018092155456543,0.35280213039705577,0.04504351317882538,,,,,,,,,,,,,,,,,,,,,,,,,,,,,,,,
lead_time,train,42,full_timeline,2,,66842,0.28250177290030987,0.10818349570035934,0.007844789884984493,0.9791014044335643,0.07254225015640259,1.0033659934997559,0.5681798458099365,0.3877651775829568,0.06340035796165466,,,,,,,,,,,,,,,,,,,,,,,,,,,,,,,,
lead_time,train,42,full_timeline,3,,66842,0.2990954705402986,0.11540918797254562,0.011920815333724022,0.9765783571520724,0.0824633538722992,0.9911028146743774,0.5131808519363403,0.35184464857424974,0.07106716930866241,,,,,,,,,,,,,,,,,,,,,,,,,,,,,,,,
lead_time,train,42,full_timeline,4,,66842,0.30931948780283913,0.12367697805166245,0.01067546010017395,0.974954201623826,0.07746445387601852,0.9886996746063232,0.643280565738678,0.4004368510816552,0.07600880414247513,,,,,,,,,,,,,,,,,,,,,,,,,,,,,,,,
lead_time,train,42,full_timeline,5,,66842,0.3173536668746526,0.12862026691436768,0.010223420336842537,0.9736408710287134,0.07126457244157791,0.9874299764633179,0.4315685033798218,0.39753448430627447,0.08000855147838593,,,,,,,,,,,,,,,,,,,,,,,,,,,,,,,,
lead_time,train,42,full_timeline,6,,66842,0.3239155926164414,0.12564773857593536,-3.198542617610656e-05,0.972544134513924,0.08180375397205353,0.9947373867034912,0.509421169757843,0.3723108225367284,0.08335143327713013,,,,,,,,,,,,,,,,,,,,,,,,,,,,,,,,
lead_time,train,42,full_timeline,7,,66842,0.3330644352449189,0.1345972865819931,0.008244998753070831,0.9709759353211125,0.07594852894544601,0.9998675584793091,0.3962957262992859,0.3585619819873732,0.08812636882066727,,,,,,,,,,,,,,,,,,,,,,,,,,,,,,,,
lead_time,train,42,full_timeline,8,,66842,0.3379783626711354,0.13992948830127716,0.011841103434562683,0.9701179413289523,0.07944630086421967,0.988799512386322,0.5904750823974609,0.3895305346937554,0.09074592590332031,,,,,,,,,,,,,,,,,,,,,,,,,,,,,,,,
lead_time,train,42,full_timeline,9,,66842,0.34469750257557896,0.14722876250743866,0.018606411293148994,0.9689227479952887,0.07681245356798172,0.9919129014015198,0.6169843077659607,0.3951258190957781,0.09438992291688919,,,,,,,,,,,,,,,,,,,,,,,,,,,,,,,,
lead_time,train,42,full_timeline,10,,66842,0.3524044656988289,0.14722371101379395,0.009334596805274487,0.967521928981297,0.09005584567785263,1.0051524639129639,0.561779797077179,0.3735375961221986,0.09865796566009521,,,,,,,,,,,,,,,,,,,,,,,,,,,,,,,,
lead_time,train,42,full_timeline,11,,66842,0.3611445192427375,0.15679112076759338,0.027347976341843605,0.9658957143016941,0.08679593354463577,1.0101511478424072,0.759147047996521,0.38424942401484097,0.10361232608556747,,,,,,,,,,,,,,,,,,,,,,,,,,,,,,,,
lead_time,train,42,full_timeline,12,,66842,0.36457093308568767,0.1622907668352127,0.02695580944418907,0.9652504346732373,0.08659710735082626,0.9942442178726196,0.6217703819274902,0.354118667903414,0.10558772087097168,,,,,,,,,,,,,,,,,,,,,,,,,,,,,,,,
failure_type,train,42,all_windows,12,,66842,,,,,,,,,,0.012084590271115303,-0.0418475866317749,0.28760698437690735,0.14501507580280304,1.0042871236801147,0.605112612247467,0.6025294661521912,0.5224155187606812,1,0.5547559917417193,0.1569342017173767,0.12283436954021454,0.034099821001291275,,,,,,,,,,,,,,,,,,,
scenario,train,42,full_timeline,12,,66842,0.32388042124308014,0.13202397525310516,0.012084591202437878,0.9725514382030389,0.08132361620664597,,,,1.0,,,,,,,,,,,,,,0.6025294661521912,,,,,,,,,,,,,,,,,,
scenario,train,42,daylight,12,,32900,0.46009963874180887,0.2418733835220337,0.018362155184149742,0.9403332166663305,0.14692558348178864,,,,0.9933009147644043,,,,,,,,,,,,,,0.4951449930667877,,,,,,,,,,,,,,,,,,
scenario,train,42,sunrise,12,,11153,0.27122137654809836,0.14008457958698273,-0.019052457064390182,0.945802292959257,0.06519242376089096,,,,0.11700937896966934,,,,,,,,,,,,,,0.8039262890815735,,,,,,,,,,,,,,,,,,
scenario,train,42,sunset,12,,11070,0.18083773333130418,0.09044498205184937,-0.023212403059005737,0.9500673890088343,0.05473305657505989,,,,0.051630567759275436,,,,,,,,,,,,,,0.9172323346138,,,,,,,,,,,,,,,,,,
scenario,train,42,stable_low_change,12,,32118,0.03237428008329887,0.024183837696909904,0.007443875540047884,nan,0.017363926395773888,,,,0.004800979979336262,,,,,,,,,,,,,,6692334288764928.0,,,,,,,,,,,,,,,,,,
scenario,train,42,medium_change,12,,12662,0.13034803922451124,0.09073545038700104,0.040150679647922516,0.9966404639988063,0.03832897171378136,,,,0.030682623386383057,,,,,,,,,,,,,,1.5448505878448486,,,,,,,,,,,,,,,,,,
scenario,train,42,high_change,12,,22062,0.5536582423841389,0.31271496415138245,0.0027326561976224184,0.88396731923232,0.19911237061023712,,,,0.9645163416862488,,,,,,,,,,,,,,0.41724884510040283,,,,,,,,,,,,,,,,,,
scenario,train,42,past_irradiance_volatility_low,12,,33401,0.040325106876148736,0.026360267773270607,0.00856418814510107,-0.026321844449403775,0.018097111955285072,,,,0.007746253162622452,,,,,,,,,,,,,,17.107025146484375,,,,,,,,,,,,,,,,,,
scenario,train,42,past_irradiance_volatility_high,12,,33397,0.4563400062199009,0.2376137226819992,0.015701940283179283,0.9427667872632519,0.14458127319812775,,,,0.9918949604034424,,,,,,,,,,,,,,0.49450942873954773,,,,,,,,,,,,,,,,,,
scenario,train,42,input_hf_partly_missing,12,,76,0.2410565241111774,0.15667277574539185,-0.015644684433937073,0.9742169026959566,0.061931874603033066,,,,0.0006298433290794492,,,,,,,,,,,,,,0.9611160755157471,,,,,,,,,,,,,,,,,,
scenario,train,42,input_hf_complete,12,,66766,0.32396265049518136,0.13199591636657715,0.01211615465581417,0.9725503145589539,0.08134569227695465,,,,0.9993701577186584,,,,,,,,,,,,,,0.6021527647972107,,,,,,,,,,,,,,,,,,
scenario,train,42,month_01,12,,7302,0.5220685394405422,0.2488856017589569,-0.008650151081383228,0.9197124894182579,0.1624915599822998,,,,0.28384289145469666,,,,,,,,,,,,,,0.34423232078552246,,,,,,,,,,,,,,,,,,
scenario,train,42,month_02,12,,7895,0.27143697530690036,0.10461687296628952,-0.015849214047193527,0.9833706924039707,0.07177840173244476,,,,0.08296049386262894,,,,,,,,,,,,,,0.6302289366722107,,,,,,,,,,,,,,,,,,
scenario,train,42,month_03,12,,8825,0.23765605454998018,0.09200754016637802,0.014019499532878399,0.9873696498246408,0.06436240673065186,,,,0.0710875615477562,,,,,,,,,,,,,,0.6994954347610474,,,,,,,,,,,,,,,,,,
scenario,train,42,month_04,12,,7745,0.3124826784101683,0.11612219363451004,0.012912940233945847,0.9754427735340856,0.07361336797475815,,,,0.10785853117704391,,,,,,,,,,,,,,0.6435679197311401,,,,,,,,,,,,,,,,,,
scenario,train,42,month_05,12,,8928,0.36910705817462397,0.16079966723918915,0.027117980644106865,0.9554214506162971,0.09543579816818237,,,,0.17347626388072968,,,,,,,,,,,,,,0.525330662727356,,,,,,,,,,,,,,,,,,
scenario,train,42,month_06,12,,8471,0.3189753908923783,0.13961437344551086,0.01920347474515438,0.9682582241334597,0.0765986442565918,,,,0.12292216718196869,,,,,,,,,,,,,,0.6656703352928162,,,,,,,,,,,,,,,,,,
scenario,train,42,month_07,12,,8844,0.18974073935516167,0.0865652784705162,0.02374993823468685,0.9909312597328882,0.04753689095377922,,,,0.04540995508432388,,,,,,,,,,,,,,0.9872931838035583,,,,,,,,,,,,,,,,,,
scenario,train,42,month_08,12,,8832,0.29877515086442397,0.12298738956451416,0.017831960693001747,0.9767849695176096,0.07055723667144775,,,,0.11244215071201324,,,,,,,,,,,,,,0.6748896837234497,,,,,,,,,,,,,,,,,,
scenario,train,42,solar_night,12,,25117,0.027805154354761448,0.02218550257384777,0.014859368093311787,-263127.96159261116,0.017275972291827202,,,,0.002769488375633955,,,,,,,,,,,,,,146266.234375,,,,,,,,,,,,,,,,,,
scenario,train,42,solar_morning,12,,13955,0.3280316742375252,0.16442814469337463,-0.012643956579267979,0.9561108521966651,0.08391233533620834,,,,0.21416206657886505,,,,,,,,,,,,,,0.6832831501960754,,,,,,,,,,,,,,,,,,
scenario,train,42,solar_midday,12,,13945,0.5704294372236213,0.30776458978652954,0.057609520852565765,0.782531428561444,0.19674086570739746,,,,0.6471478939056396,,,,,,,,,,,,,,0.33934882283210754,,,,,,,,,,,,,,,,,,
scenario,train,42,solar_evening,12,,13825,0.2625545138565848,0.12160153687000275,-0.013915582560002804,0.9572886801091565,0.0786520466208458,,,,0.13592059910297394,,,,,,,,,,,,,,0.7233362793922424,,,,,,,,,,,,,,,,,,
scenario,train,42,power_low,12,,35144,0.05640020193092255,0.030246546491980553,0.009128066711127758,0.6935160977000641,0.019505685195326805,,,,0.015943868085741997,,,,,,,,,,,,,,5.370813369750977,,,,,,,,,,,,,,,,,,
scenario,train,42,power_mid,12,,9640,0.40977076626326064,0.2275475412607193,-0.03552047163248062,0.811622473793215,0.11424820870161057,,,,0.23085546493530273,,,,,,,,,,,,,,0.612901508808136,,,,,,,,,,,,,,,,,,
scenario,train,42,power_high,12,,22058,0.48930731730409094,0.2524346709251404,0.03759991005063057,0.8640446721190034,0.16542626917362213,,,,0.7532007098197937,,,,,,,,,,,,,,0.4432625472545624,,,,,,,,,,,,,,,,,,
direction_error,train,42,rise_predicted_down,all12_steps,,802104,,,,,,,,,,,,,,,,,,,,,,,,14807,0.01846019967485513,0.0363999605178833,,,,,,,,,,,,,,,
direction_error,train,42,fall_predicted_up,all12_steps,,802104,,,,,,,,,,,,,,,,,,,,,,,,17515,0.021836320477145107,0.0363999605178833,,,,,,,,,,,,,,,
direction_error,train,42,true_change_predicted_flat,all12_steps,,802104,,,,,,,,,,,,,,,,,,,,,,,,47658,0.05941623530115796,0.0363999605178833,,,,,,,,,,,,,,,
direction_error,train,42,true_flat_predicted_change,all12_steps,,802104,,,,,,,,,,,,,,,,,,,,,,,,94569,0.11790116992310225,0.0363999605178833,,,,,,,,,,,,,,,
artifact_check,train,42,complete_split,12,,66842,,,,,,,,,,,,,,,,,,,,,,,,,,,"(66842, 12)",True,True,15,0.4413650929927826,1.418499231338501,1.9549015760421753,nan,C:\Users\Zhujiangkun-Yohkoh\Desktop\光伏项目_最新\PVforecast16\GFNODE_experiments\asoc_multirate_information_screen\results\MEAN_ONLY\42\best_validation.pt,,,,,,
lead_time,validation,42,full_timeline,1,,17485,0.3132681822489046,0.14244848489761353,-0.021779512986540794,0.9751095188924401,0.14244848489761353,0.9903262853622437,0.8938736915588379,0.33920503288533027,0.041981253772974014,,,,,,,,,,,,,,,,,,,,,,,,,,,,,,,,
lead_time,validation,42,full_timeline,2,,17485,0.371578722825028,0.16428901255130768,-0.012564420700073242,0.9649811098830476,0.11224847286939621,0.9850224852561951,0.5024999380111694,0.3688876179582499,0.059064220637083054,,,,,,,,,,,,,,,,,,,,,,,,,,,,,,,,
lead_time,validation,42,full_timeline,3,,17485,0.4018230031133506,0.1752537339925766,-0.008375306613743305,0.9590484601876297,0.1212615966796875,0.9691919684410095,0.4255741536617279,0.3451529882756649,0.06907046586275101,,,,,,,,,,,,,,,,,,,,,,,,,,,,,,,,
lead_time,validation,42,full_timeline,4,,17485,0.41676360035920346,0.18188674747943878,-0.00713302893564105,0.9559465139637163,0.11531086266040802,0.9672415256500244,0.4743078351020813,0.387875321704318,0.0743023231625557,,,,,,,,,,,,,,,,,,,,,,,,,,,,,,,,
lead_time,validation,42,full_timeline,5,,17485,0.4306136121199174,0.1879073530435562,-0.005731543060392141,0.9529698671526943,0.10829199850559235,0.9675726294517517,0.2918778657913208,0.3755218758936231,0.07932285219430923,,,,,,,,,,,,,,,,,,,,,,,,,,,,,,,,
lead_time,validation,42,full_timeline,6,,17485,0.44394925237838223,0.19339017570018768,-0.014433242380619049,0.9500118219039205,0.11601075530052185,0.9734454154968262,0.33841514587402344,0.35882184729768374,0.08431201428174973,,,,,,,,,,,,,,,,,,,,,,,,,,,,,,,,
lead_time,validation,42,full_timeline,7,,17485,0.4566779931460926,0.2020745724439621,-0.008511297404766083,0.9471042433686846,0.11225823312997818,0.9762997031211853,0.2811211049556732,0.35315985130111527,0.08921604603528976,,,,,,,,,,,,,,,,,,,,,,,,,,,,,,,,
lead_time,validation,42,full_timeline,8,,17485,0.46624916856400145,0.2078520655632019,-0.004994176793843508,0.9448637982790717,0.11371750384569168,0.9664650559425354,0.37522438168525696,0.3722619388046897,0.09299486130475998,,,,,,,,,,,,,,,,,,,,,,,,,,,,,,,,
lead_time,validation,42,full_timeline,9,,17485,0.4753878766546994,0.21534767746925354,0.0026256663259118795,0.9426812221369641,0.11546096950769424,0.9692931175231934,0.46124154329299927,0.38524449528167,0.09667608141899109,,,,,,,,,,,,,,,,,,,,,,,,,,,,,,,,
lead_time,validation,42,full_timeline,10,,17485,0.486393567933043,0.21862193942070007,-0.004858547821640968,0.9399965387765815,0.12401755899190903,0.9814106225967407,0.375394344329834,0.35190162996854446,0.10120417922735214,,,,,,,,,,,,,,,,,,,,,,,,,,,,,,,,
lead_time,validation,42,full_timeline,11,,17485,0.49410362255889295,0.22556781768798828,0.010749259032309055,0.9380791678239966,0.1210717037320137,0.9867845177650452,0.5191230177879333,0.37666571346868744,0.10443808138370514,,,,,,,,,,,,,,,,,,,,,,,,,,,,,,,,
lead_time,validation,42,full_timeline,12,,17485,0.5011023945266464,0.23328496515750885,0.010383239947259426,0.9363125895832729,0.12095528095960617,0.9722436666488647,0.4229740798473358,0.3493279954246497,0.10741767287254333,,,,,,,,,,,,,,,,,,,,,,,,,,,,,,,,
failure_type,validation,42,all_windows,12,,17485,,,,,,,,,,-0.005385243333876133,-0.1245967224240303,0.40570616722106934,-0.0646229162812233,1.4062598943710327,0.6283201575279236,0.4468022882938385,0.4085172116756439,-3,-0.1748927652273377,0.22917404770851135,0.18293151259422302,0.04624255374073982,,,,,,,,,,,,,,,,,,,
scenario,validation,42,full_timeline,12,,17485,0.4413650797320861,0.19566038250923157,-0.005385241471230984,0.9505920768723074,0.11858777701854706,,,,1.0,,,,,,,,,,,,,,0.4468022882938385,,,,,,,,,,,,,,,,,,
scenario,validation,42,daylight,12,,9032,0.6132374887585904,0.35557740926742554,-0.009225262328982353,0.903622333789303,0.21151843667030334,,,,0.9971941709518433,,,,,,,,,,,,,,0.3673366606235504,,,,,,,,,,,,,,,,,,
scenario,validation,42,sunrise,12,,2917,0.4017311914476657,0.2263595014810562,-0.009719761088490486,0.9074657664581801,0.11796160042285919,,,,0.13821205496788025,,,,,,,,,,,,,,0.540347158908844,,,,,,,,,,,,,,,,,,
scenario,validation,42,sunset,12,,2928,0.20196383796478196,0.10388561338186264,-8.559031266486272e-05,0.9153744291010445,0.0626281127333641,,,,0.035063616931438446,,,,,,,,,,,,,,0.8398482203483582,,,,,,,,,,,,,,,,,,
scenario,validation,42,stable_low_change,12,,7947,0.030758195251426243,0.023725513368844986,-0.0008179043070413172,nan,0.0189960990101099,,,,0.0022073101717978716,,,,,,,,,,,,,,1811543788355584.0,,,,,,,,,,,,,,,,,,
scenario,validation,42,medium_change,12,,2914,0.15611188864304557,0.10020043700933456,0.017086775973439217,0.9961172453850203,0.03933030739426613,,,,0.02084970474243164,,,,,,,,,,,,,,1.5692845582962036,,,,,,,,,,,,,,,,,,
scenario,validation,42,high_change,12,,6624,0.7087698788016437,0.4439298212528229,-0.02075059525668621,0.8301591453657401,0.2729373574256897,,,,0.9769430160522461,,,,,,,,,,,,,,0.3181024193763733,,,,,,,,,,,,,,,,,,
scenario,validation,42,past_irradiance_volatility_low,12,,8139,0.04062548067422916,0.026057159528136253,0.0007316894480027258,-0.43755069825987847,0.019430065527558327,,,,0.00394372409209609,,,,,,,,,,,,,,18.038619995117188,,,,,,,,,,,,,,,,,,
scenario,validation,42,past_irradiance_volatility_high,12,,9346,0.6025038945400633,0.3433600068092346,-0.010712194256484509,0.9100098607408235,0.20493966341018677,,,,0.996056318283081,,,,,,,,,,,,,,0.37157300114631653,,,,,,,,,,,,,,,,,,
scenario,validation,42,input_hf_partly_missing,12,,3034,0.43803482063570637,0.19516286253929138,-0.009034593589603901,0.9524768151408245,0.12125160545110703,,,,0.1709114909172058,,,,,,,,,,,,,,0.44394969940185547,,,,,,,,,,,,,,,,,,
scenario,validation,42,input_hf_complete,12,,14451,0.44206109885672323,0.19576482474803925,-0.004619057290256023,0.9501622468796096,0.11802851408720016,,,,0.829088568687439,,,,,,,,,,,,,,0.4474312365055084,,,,,,,,,,,,,,,,,,
scenario,validation,42,month_09,12,,8569,0.38447180048561735,0.1643090397119522,0.018941937014460564,0.9629129694052612,0.09326566010713577,,,,0.37187549471855164,,,,,,,,,,,,,,0.5446754693984985,,,,,,,,,,,,,,,,,,
scenario,validation,42,month_10,12,,8916,0.48985625498992014,0.2257915586233139,-0.028765635564923286,0.9384817644595715,0.14292439818382263,,,,0.6281245946884155,,,,,,,,,,,,,,0.38412073254585266,,,,,,,,,,,,,,,,,,
scenario,validation,42,solar_night,12,,6516,0.027805314500365382,0.022201992571353912,0.003140219720080495,-1511379101.371952,0.018836596980690956,,,,0.001479023601859808,,,,,,,,,,,,,,4418612.5,,,,,,,,,,,,,,,,,,
scenario,validation,42,solar_morning,12,,3649,0.4711944896221573,0.2653944492340088,-0.024241957813501358,0.9215428209752651,0.14676116406917572,,,,0.2378552258014679,,,,,,,,,,,,,,0.4599924087524414,,,,,,,,,,,,,,,,,,
scenario,validation,42,solar_midday,12,,3660,0.7747815716475505,0.4703299403190613,-0.023668991401791573,0.721477900945773,0.2869430184364319,,,,0.6450272798538208,,,,,,,,,,,,,,0.2577727437019348,,,,,,,,,,,,,,,,,,
scenario,validation,42,solar_evening,12,,3660,0.32805121818441885,0.16027913987636566,0.016520429402589798,0.9233710255864647,0.09973366558551788,,,,0.11563859134912491,,,,,,,,,,,,,,0.607506275177002,,,,,,,,,,,,,,,,,,
scenario,validation,42,power_low,12,,8770,0.06312866240443038,0.031816862523555756,0.000692987407092005,0.5045445519525589,0.020993871614336967,,,,0.010261035524308681,,,,,,,,,,,,,,5.980416774749756,,,,,,,,,,,,,,,,,,
scenario,validation,42,power_mid,12,,3064,0.5234722581397083,0.2947103977203369,-0.010539952665567398,0.6903239973919852,0.15197227895259857,,,,0.24649864435195923,,,,,,,,,,,,,,0.49283096194267273,,,,,,,,,,,,,,,,,,
scenario,validation,42,power_high,12,,5651,0.6693183916662411,0.39622992277145386,-0.012023373506963253,0.7779194698257144,0.25194621086120605,,,,0.7432402968406677,,,,,,,,,,,,,,0.3208548426628113,,,,,,,,,,,,,,,,,,
direction_error,validation,42,rise_predicted_down,all12_steps,,209820,,,,,,,,,,,,,,,,,,,,,,,,6240,0.02973977695167286,0.0363999605178833,,,,,,,,,,,,,,,
direction_error,validation,42,fall_predicted_up,all12_steps,,209820,,,,,,,,,,,,,,,,,,,,,,,,6891,0.03284243637403489,0.0363999605178833,,,,,,,,,,,,,,,
direction_error,validation,42,true_change_predicted_flat,all12_steps,,209820,,,,,,,,,,,,,,,,,,,,,,,,18025,0.0859069678772281,0.0363999605178833,,,,,,,,,,,,,,,
direction_error,validation,42,true_flat_predicted_change,all12_steps,,209820,,,,,,,,,,,,,,,,,,,,,,,,23451,0.1117672290534744,0.0363999605178833,,,,,,,,,,,,,,,
artifact_check,validation,42,complete_split,12,,17485,,,,,,,,,,,,,,,,,,,,,,,,,,,"(17485, 12)",True,True,15,0.4413650929927826,1.418499231338501,1.9549015760421753,nan,C:\Users\Zhujiangkun-Yohkoh\Desktop\光伏项目_最新\PVforecast16\GFNODE_experiments\asoc_multirate_information_screen\results\MEAN_ONLY\42\best_validation.pt,,,,,,
lead_time,test,42,full_timeline,1,,17401,0.3432458518472895,0.17417776584625244,-0.043885860592126846,0.9646778218159354,0.17417776584625244,0.975961446762085,0.9713162779808044,0.3277397850698236,0.04230136796832085,,,,,,,,,,,,,,,,,,,,,,,,,,,,,,,,
lead_time,test,42,full_timeline,2,,17401,0.4137502068406709,0.2000407576560974,-0.040499281138181686,0.9486780454388157,0.13079579174518585,0.9667832851409912,0.4479343295097351,0.37658755243951497,0.061463918536901474,,,,,,,,,,,,,,,,,,,,,,,,,,,,,,,,
lead_time,test,42,full_timeline,3,,17401,0.4454405416484087,0.2108684480190277,-0.03298330679535866,0.9405168513136446,0.13944654166698456,0.9505723714828491,0.3570299446582794,0.35170392506177806,0.0712398961186409,,,,,,,,,,,,,,,,,,,,,,,,,,,,,,,,
lead_time,test,42,full_timeline,4,,17401,0.46058287152271277,0.21589849889278412,-0.030895525589585304,0.9364055776813606,0.13196587562561035,0.9478421807289124,0.3874000906944275,0.39451755646227227,0.07616569101810455,,,,,,,,,,,,,,,,,,,,,,,,,,,,,,,,
lead_time,test,42,full_timeline,5,,17401,0.47499949116428625,0.22333207726478577,-0.03436969965696335,0.9323597617690915,0.12700752913951874,0.9470769762992859,0.24617145955562592,0.384748002988334,0.0810084119439125,,,,,,,,,,,,,,,,,,,,,,,,,,,,,,,,
lead_time,test,42,full_timeline,6,,17401,0.4863501853995069,0.23255322873592377,-0.04005512595176697,0.9290723647312018,0.13385604321956635,0.9542519450187683,0.2703949511051178,0.35618642606746737,0.08492625504732132,,,,,,,,,,,,,,,,,,,,,,,,,,,,,,,,
lead_time,test,42,full_timeline,7,,17401,0.49642854942447184,0.23649626970291138,-0.027701890096068382,0.9260771843789722,0.12958301603794098,0.9589529633522034,0.23727662861347198,0.36227802999827596,0.08848248422145844,,,,,,,,,,,,,,,,,,,,,,,,,,,,,,,,
lead_time,test,42,full_timeline,8,,17401,0.5068742741251497,0.24351930618286133,-0.021617118269205093,0.922910936471238,0.13214364647865295,0.9500006437301636,0.3173651397228241,0.3732544106660537,0.09224531054496765,,,,,,,,,,,,,,,,,,,,,,,,,,,,,,,,
lead_time,test,42,full_timeline,9,,17401,0.5167610484742879,0.25066936016082764,-0.017015939578413963,0.9198533752425796,0.13250426948070526,0.9535366892814636,0.37215152382850647,0.3926785816907074,0.095878966152668,,,,,,,,,,,,,,,,,,,,,,,,,,,,,,,,
lead_time,test,42,full_timeline,10,,17401,0.5272361645626489,0.25670647621154785,-0.02407093532383442,0.9165516043934302,0.1403672993183136,0.9662216305732727,0.2998014986515045,0.33842882592954426,0.09980543702840805,,,,,,,,,,,,,,,,,,,,,,,,,,,,,,,,
lead_time,test,42,full_timeline,11,,17401,0.5333211020716192,0.2592962682247162,-0.007018410600721836,0.9145956321125988,0.13735581934452057,0.9718829393386841,0.41791343688964844,0.3838285156025516,0.1021224781870842,,,,,,,,,,,,,,,,,,,,,,,,,,,,,,,,
lead_time,test,42,full_timeline,12,,17401,0.539131519487826,0.27145111560821533,-0.0056910733692348,0.9127062939787967,0.13838906586170197,0.9573336839675903,0.3508762717247009,0.3670478708120223,0.10435980558395386,,,,,,,,,,,,,,,,,,,,,,,,,,,,,,,,
failure_type,test,42,all_windows,12,,17401,,,,,,,,,,-0.02715034782886505,-0.1917097270488739,0.4785337448120117,-0.3258041739463806,1.5884896516799927,0.6190808415412903,0.38972923159599304,0.4070338010787964,-3,-0.6320901097638066,0.271472692489624,0.2150566130876541,0.056416090577840805,,,,,,,,,,,,,,,,,,,
scenario,test,42,full_timeline,12,,17401,0.4817674653906419,0.2312507927417755,-0.02715034782886505,0.9303750158137819,0.13729938864707947,,,,1.0,,,,,,,,,,,,,,0.38972923159599304,,,,,,,,,,,,,,,,,,
scenario,test,42,daylight,12,,9655,0.6460213054370796,0.39609628915786743,-0.04011810943484306,0.8794250230542803,0.2310740202665329,,,,0.9976927638053894,,,,,,,,,,,,,,0.32122528553009033,,,,,,,,,,,,,,,,,,
scenario,test,42,sunrise,12,,2875,0.42820191632180093,0.2541980445384979,-0.10009540617465973,0.8876413599865898,0.10859955102205276,,,,0.13052266836166382,,,,,,,,,,,,,,0.5563923120498657,,,,,,,,,,,,,,,,,,
scenario,test,42,sunset,12,,2928,0.23714140780917226,0.13264362514019012,0.01698981784284115,0.8731383215847198,0.07600759714841843,,,,0.04076962545514107,,,,,,,,,,,,,,0.7024996876716614,,,,,,,,,,,,,,,,,,
scenario,test,42,stable_low_change,12,,7229,0.03305781346864857,0.02479064092040062,-0.010577692650258541,nan,0.02011197805404663,,,,0.001956038177013397,,,,,,,,,,,,,,1744674100346880.0,,,,,,,,,,,,,,,,,,
scenario,test,42,medium_change,12,,2806,0.1363185474780597,0.09271854162216187,-0.05124830827116966,0.9970107837036155,0.03739296272397041,,,,0.012910660356283188,,,,,,,,,,,,,,1.5581557750701904,,,,,,,,,,,,,,,,,,
scenario,test,42,high_change,12,,7366,0.7349473467930447,0.4866434335708618,-0.0342349037528038,0.7876676670875564,0.2903655469417572,,,,0.9851333498954773,,,,,,,,,,,,,,0.2843579053878784,,,,,,,,,,,,,,,,,,
scenario,test,42,past_irradiance_volatility_low,12,,7340,0.03491123071645227,0.025290315970778465,-0.010723020881414413,-2.016845394917394,0.020370645448565483,,,,0.0022150177974253893,,,,,,,,,,,,,,43.26728439331055,,,,,,,,,,,,,,,,,,
scenario,test,42,past_irradiance_volatility_high,12,,10061,0.6328816081799643,0.3815092146396637,-0.03913490101695061,0.887072716748225,0.22260470688343048,,,,0.9977849721908569,,,,,,,,,,,,,,0.3254533112049103,,,,,,,,,,,,,,,,,,
scenario,test,42,input_hf_partly_missing,12,,2782,0.49082812034750956,0.24122576415538788,-0.023979805409908295,0.9233492083288348,0.14565762877464294,,,,0.16594602167606354,,,,,,,,,,,,,,0.37767693400382996,,,,,,,,,,,,,,,,,,
scenario,test,42,input_hf_complete,12,,14619,0.48002388370718485,0.22935254871845245,-0.02775370515882969,0.9316161592612082,0.13570880889892578,,,,0.8340540528297424,,,,,,,,,,,,,,0.39220863580703735,,,,,,,,,,,,,,,,,,
scenario,test,42,month_11,12,,8569,0.4534065259926979,0.21430374681949615,-0.03441707044839859,0.9436025318053493,0.12564754486083984,,,,0.436170756816864,,,,,,,,,,,,,,0.4214450418949127,,,,,,,,,,,,,,,,,,
scenario,test,42,month_12,12,,8832,0.5077721212912782,0.24769321084022522,-0.02010001242160797,0.9147926122262129,0.14860424399375916,,,,0.563829243183136,,,,,,,,,,,,,,0.3634413182735443,,,,,,,,,,,,,,,,,,
scenario,test,42,solar_night,12,,6516,0.03061441031781268,0.023333104327321053,-0.009656433016061783,-1074847.3576795242,0.019810233265161514,,,,0.0015121111646294594,,,,,,,,,,,,,,103497.6328125,,,,,,,,,,,,,,,,,,
scenario,test,42,solar_morning,12,,3595,0.49402835761755864,0.29736870527267456,-0.0950954481959343,0.9024820336962894,0.14172078669071198,,,,0.2172468602657318,,,,,,,,,,,,,,0.45905613899230957,,,,,,,,,,,,,,,,,,
scenario,test,42,solar_midday,12,,3630,0.8645483875489284,0.5795214772224426,-0.03843648359179497,0.6803890143300484,0.35936617851257324,,,,0.6717939376831055,,,,,,,,,,,,,,0.21789032220840454,,,,,,,,,,,,,,,,,,
scenario,test,42,solar_evening,12,,3660,0.3475251539992478,0.19105283915996552,0.01963680051267147,0.8934625992196432,0.12187912315130234,,,,0.10944714397192001,,,,,,,,,,,,,,0.5046344995498657,,,,,,,,,,,,,,,,,,
scenario,test,42,power_low,12,,7982,0.04560120703575164,0.02822086587548256,-0.013594575226306915,0.0021004616337029214,0.02104073017835617,,,,0.004109748639166355,,,,,,,,,,,,,,10.901164054870605,,,,,,,,,,,,,,,,,,
scenario,test,42,power_mid,12,,4016,0.473004094905548,0.2700134813785553,-0.044200774282217026,0.7077368725329087,0.1284087896347046,,,,0.22247149050235748,,,,,,,,,,,,,,0.5069892406463623,,,,,,,,,,,,,,,,,,
scenario,test,42,power_high,12,,5403,0.7603515875850883,0.5023805499076843,-0.034503236413002014,0.7160028999064657,0.315659761428833,,,,0.7734187841415405,,,,,,,,,,,,,,0.2651959955692291,,,,,,,,,,,,,,,,,,
direction_error,test,42,rise_predicted_down,all12_steps,,208812,,,,,,,,,,,,,,,,,,,,,,,,8955,0.04288546635250848,0.0363999605178833,,,,,,,,,,,,,,,
direction_error,test,42,fall_predicted_up,all12_steps,,208812,,,,,,,,,,,,,,,,,,,,,,,,8181,0.039178782828573074,0.0363999605178833,,,,,,,,,,,,,,,
direction_error,test,42,true_change_predicted_flat,all12_steps,,208812,,,,,,,,,,,,,,,,,,,,,,,,22653,0.10848514453192346,0.0363999605178833,,,,,,,,,,,,,,,
direction_error,test,42,true_flat_predicted_change,all12_steps,,208812,,,,,,,,,,,,,,,,,,,,,,,,21368,0.10233128364270253,0.0363999605178833,,,,,,,,,,,,,,,
artifact_check,test,42,complete_split,12,,17401,,,,,,,,,,,,,,,,,,,,,,,,,,,"(17401, 12)",True,True,15,0.4413650929927826,1.418499231338501,1.9549015760421753,1.9073486328125e-06,C:\Users\Zhujiangkun-Yohkoh\Desktop\光伏项目_最新\PVforecast16\GFNODE_experiments\asoc_multirate_information_screen\results\MEAN_ONLY\42\best_validation.pt,,,,,,
lead_time,train,43,full_timeline,1,,66842,0.24463852275289402,0.0992526262998581,-0.0031060390174388885,0.9843250847134486,0.0992526262998581,0.9796662330627441,1.0706361532211304,0.32950839292660306,0.04712488129734993,,,,,,,,,,,,,,,,,,,,,,,,,,,,,,,,
lead_time,train,43,full_timeline,2,,66842,0.28472331901018566,0.10982073843479156,0.00444050645455718,0.9787714268504623,0.07459897547960281,0.9837310314178467,0.5027644634246826,0.37681397923461296,0.06383320689201355,,,,,,,,,,,,,,,,,,,,,,,,,,,,,,,,
lead_time,train,43,full_timeline,3,,66842,0.30156184132163105,0.11635126918554306,-0.0003458938736002892,0.9761904909446194,0.08721674233675003,0.9979541301727295,0.693210780620575,0.3836360372221059,0.07160665094852448,,,,,,,,,,,,,,,,,,,,,,,,,,,,,,,,
lead_time,train,43,full_timeline,4,,66842,0.3107920704334516,0.11821378022432327,0.0004355628334451467,0.9747151609556052,0.07121144980192184,0.9931647777557373,0.4531329870223999,0.37266987822028064,0.07605721801519394,,,,,,,,,,,,,,,,,,,,,,,,,,,,,,,,
lead_time,train,43,full_timeline,5,,66842,0.320728369310525,0.13639721274375916,-0.010143482126295567,0.9730772914260479,0.08494942635297775,1.0046719312667847,0.5535616874694824,0.37588641871876965,0.08099818974733353,,,,,,,,,,,,,,,,,,,,,,,,,,,,,,,,
lead_time,train,43,full_timeline,6,,66842,0.32771078713685264,0.1407436579465866,-0.014203647151589394,0.971896986970684,0.0717850923538208,1.004154920578003,0.5157410502433777,0.3990754316148529,0.08456332236528397,,,,,,,,,,,,,,,,,,,,,,,,,,,,,,,,
lead_time,train,43,full_timeline,7,,66842,0.3359370564302577,0.1484624296426773,-0.011667127721011639,0.97047312189923,0.07625840604305267,1.0081944465637207,0.3779614567756653,0.36577301696538106,0.08886206150054932,,,,,,,,,,,,,,,,,,,,,,,,,,,,,,,,
lead_time,train,43,full_timeline,8,,66842,0.3415125181722896,0.15057601034641266,-0.013430523686110973,0.96948973556611,0.07299041002988815,1.0072362422943115,0.5639340281486511,0.3979533826037521,0.09183618426322937,,,,,,,,,,,,,,,,,,,,,,,,,,,,,,,,
lead_time,train,43,full_timeline,9,,66842,0.3453991949419934,0.14876993000507355,-0.014798778109252453,0.968796093136291,0.0737907662987709,1.0006890296936035,0.46890702843666077,0.3611800963466084,0.09393841028213501,,,,,,,,,,,,,,,,,,,,,,,,,,,,,,,,
lead_time,train,43,full_timeline,10,,66842,0.3507087301212976,0.15175339579582214,-0.019468259066343307,0.9678337394929395,0.07385893166065216,0.9984358549118042,0.5464729070663452,0.3966817270578379,0.09684868901968002,,,,,,,,,,,,,,,,,,,,,,,,,,,,,,,,
lead_time,train,43,full_timeline,11,,66842,0.35642344786589714,0.15308836102485657,-0.015842191874980927,0.9667815464037192,0.07295219600200653,0.998348593711853,0.5448369979858398,0.3976990514945693,0.10003065317869186,,,,,,,,,,,,,,,,,,,,,,,,,,,,,,,,
lead_time,train,43,full_timeline,12,,66842,0.36395085059416504,0.16344520449638367,-0.019815251231193542,0.9653685416058179,0.07424741238355637,1.0031518936157227,0.5158064961433411,0.39523054367014754,0.10430041700601578,,,,,,,,,,,,,,,,,,,,,,,,,,,,,,,,
failure_type,train,43,all_windows,12,,66842,,,,,,,,,,-0.009828760288655758,-0.06911031901836395,0.2864864766597748,-0.1179451271891594,1.0042871236801147,0.5696959495544434,0.5672640204429626,0.5122655630111694,3,0.8290595733221627,0.16072510182857513,0.12974508106708527,0.030980007722973824,,,,,,,,,,,,,,,,,,,
scenario,train,43,full_timeline,12,,66842,0.3253187455082564,0.13640621304512024,-0.009828760288655758,0.9723071045977413,0.07775937020778656,,,,1.0,,,,,,,,,,,,,,0.5672640204429626,,,,,,,,,,,,,,,,,,
scenario,train,43,daylight,12,,32900,0.4611971657170867,0.23742711544036865,0.012500098906457424,0.9400482161639069,0.1440538465976715,,,,0.9892397522926331,,,,,,,,,,,,,,0.4857828915119171,,,,,,,,,,,,,,,,,,
scenario,train,43,sunrise,12,,11153,0.2728840130764788,0.1478528082370758,-0.0295778289437294,0.9451357696672352,0.06449690461158752,,,,0.1174032911658287,,,,,,,,,,,,,,0.7992264628410339,,,,,,,,,,,,,,,,,,
scenario,train,43,sunset,12,,11070,0.1837467915228905,0.09168263524770737,-0.005377863068133593,0.9484479807048956,0.05297989770770073,,,,0.05283473804593086,,,,,,,,,,,,,,0.9025074243545532,,,,,,,,,,,,,,,,,,
scenario,train,43,stable_low_change,12,,32118,0.04473004900157632,0.038227979093790054,-0.033186174929142,nan,0.013092929497361183,,,,0.00908405240625143,,,,,,,,,,,,,,5046225258676224.0,,,,,,,,,,,,,,,,,,
scenario,train,43,medium_change,12,,12662,0.11687996565627841,0.0742734894156456,0.010987482033669949,0.9972988392958955,0.03236467018723488,,,,0.024452025070786476,,,,,,,,,,,,,,1.40263032913208,,,,,,,,,,,,,,,,,,
scenario,train,43,high_change,12,,22062,0.5566781550019528,0.3149944543838501,0.012228090316057205,0.8826980725429865,0.1979544758796692,,,,0.9664639234542847,,,,,,,,,,,,,,0.41730400919914246,,,,,,,,,,,,,,,,,,
scenario,train,43,past_irradiance_volatility_low,12,,33401,0.048889474474864476,0.039288636296987534,-0.03060133568942547,-0.5085623123317942,0.013894399628043175,,,,0.011285546235740185,,,,,,,,,,,,,,13.203353881835938,,,,,,,,,,,,,,,,,,
scenario,train,43,past_irradiance_volatility_high,12,,33397,0.45757838046806176,0.23351143300533295,0.010933306068181992,0.9424557342240422,0.14165429770946503,,,,0.9884867072105408,,,,,,,,,,,,,,0.4844588339328766,,,,,,,,,,,,,,,,,,
scenario,train,43,input_hf_partly_missing,12,,76,0.21848875863272363,0.14064788818359375,0.0036657170858234167,0.9788185577615998,0.05874721333384514,,,,0.0005128663033246994,,,,,,,,,,,,,,0.9559996128082275,,,,,,,,,,,,,,,,,,
scenario,train,43,input_hf_complete,12,,66766,0.32542035904636235,0.13640138506889343,-0.009844119660556316,0.97230273103212,0.07778101414442062,,,,0.9994871020317078,,,,,,,,,,,,,,0.5668556690216064,,,,,,,,,,,,,,,,,,
scenario,train,43,month_01,12,,7302,0.5260747829878227,0.25165408849716187,0.010843862779438496,0.9184755431225557,0.16044364869594574,,,,0.28567299246788025,,,,,,,,,,,,,,0.3335948586463928,,,,,,,,,,,,,,,,,,
scenario,train,43,month_02,12,,7895,0.26779189933055286,0.1076408326625824,-0.012550394982099533,0.98381431731186,0.06864072382450104,,,,0.08003489673137665,,,,,,,,,,,,,,0.6092689633369446,,,,,,,,,,,,,,,,,,
scenario,train,43,month_03,12,,8825,0.24017057114281276,0.10236959904432297,0.005977342836558819,0.9871009652148114,0.06146286055445671,,,,0.07195925712585449,,,,,,,,,,,,,,0.6751686930656433,,,,,,,,,,,,,,,,,,
scenario,train,43,month_04,12,,7745,0.3184283948163729,0.12620621919631958,-0.008268414065241814,0.9744993665679096,0.07010935246944427,,,,0.11101390421390533,,,,,,,,,,,,,,0.6108118295669556,,,,,,,,,,,,,,,,,,
scenario,train,43,month_05,12,,8928,0.36978160369863866,0.16851244866847992,-0.004623055458068848,0.9552583654914453,0.09151160717010498,,,,0.1725747287273407,,,,,,,,,,,,,,0.4889098107814789,,,,,,,,,,,,,,,,,,
scenario,train,43,month_06,12,,8471,0.3199589569250317,0.14172184467315674,-0.023083852604031563,0.9680621689525175,0.07194104790687561,,,,0.12259016185998917,,,,,,,,,,,,,,0.6050583124160767,,,,,,,,,,,,,,,,,,
scenario,train,43,month_07,12,,8844,0.18393589158477766,0.08093966543674469,-0.026538368314504623,0.9914776615033606,0.04214365780353546,,,,0.04229744151234627,,,,,,,,,,,,,,0.8898175954818726,,,,,,,,,,,,,,,,,,
scenario,train,43,month_08,12,,8832,0.30198351126066847,0.12777943909168243,-0.017465852200984955,0.9762837079935452,0.06788497418165207,,,,0.11385652422904968,,,,,,,,,,,,,,0.63731449842453,,,,,,,,,,,,,,,,,,
scenario,train,43,solar_night,12,,25117,0.0424320449195275,0.036964356899261475,-0.03422904759645462,-612780.9186557874,0.011647352017462254,,,,0.006392755080014467,,,,,,,,,,,,,,98610.5859375,,,,,,,,,,,,,,,,,,
scenario,train,43,solar_morning,12,,13955,0.32782437540296056,0.17083223164081573,-0.019717896357178688,0.9561663060004926,0.08285646140575409,,,,0.21200431883335114,,,,,,,,,,,,,,0.683089554309845,,,,,,,,,,,,,,,,,,
scenario,train,43,solar_midday,12,,13945,0.5711026661981792,0.29535070061683655,0.03637798875570297,0.7820178118687049,0.19258463382720947,,,,0.6429530382156372,,,,,,,,,,,,,,0.31931033730506897,,,,,,,,,,,,,,,,,,
scenario,train,43,solar_evening,12,,13825,0.2663549882898251,0.12199649959802628,-0.0021244774106889963,0.9560432360256828,0.07690346986055374,,,,0.13864979147911072,,,,,,,,,,,,,,0.7226953506469727,,,,,,,,,,,,,,,,,,
scenario,train,43,power_low,12,,35144,0.06262640166593804,0.042659807950258255,-0.028959572315216064,0.6221135899953292,0.01541114691644907,,,,0.01948491483926773,,,,,,,,,,,,,,4.306084156036377,,,,,,,,,,,,,,,,,,
scenario,train,43,power_mid,12,,9640,0.4155363985144184,0.23660288751125336,-0.012227487750351429,0.8062840974224518,0.1138894259929657,,,,0.23530305922031403,,,,,,,,,,,,,,0.6113148927688599,,,,,,,,,,,,,,,,,,
scenario,train,43,power_high,12,,22058,0.4888668973207851,0.24197915196418762,0.021699801087379456,0.8642893018954014,0.16130603849887848,,,,0.7452118992805481,,,,,,,,,,,,,,0.4311627447605133,,,,,,,,,,,,,,,,,,
direction_error,train,43,rise_predicted_down,all12_steps,,802104,,,,,,,,,,,,,,,,,,,,,,,,15283,0.019053638929615112,0.0363999605178833,,,,,,,,,,,,,,,
direction_error,train,43,fall_predicted_up,all12_steps,,802104,,,,,,,,,,,,,,,,,,,,,,,,16012,0.019962498628606763,0.0363999605178833,,,,,,,,,,,,,,,
direction_error,train,43,true_change_predicted_flat,all12_steps,,802104,,,,,,,,,,,,,,,,,,,,,,,,48260,0.06016676141747205,0.0363999605178833,,,,,,,,,,,,,,,
direction_error,train,43,true_flat_predicted_change,all12_steps,,802104,,,,,,,,,,,,,,,,,,,,,,,,71100,0.08864187187696358,0.0363999605178833,,,,,,,,,,,,,,,
artifact_check,train,43,complete_split,12,,66842,,,,,,,,,,,,,,,,,,,,,,,,,,,"(66842, 12)",True,True,13,0.4465055465698242,1.418499231338501,1.9549015760421753,nan,C:\Users\Zhujiangkun-Yohkoh\Desktop\光伏项目_最新\PVforecast16\GFNODE_experiments\asoc_multirate_information_screen\results\MEAN_ONLY\43\best_validation.pt,,,,,,
lead_time,validation,43,full_timeline,1,,17485,0.33138164477483545,0.15217600762844086,-0.024905920028686523,0.9721479212655302,0.15217600762844086,0.9543798565864563,1.0246727466583252,0.3122104661138118,0.04590097814798355,,,,,,,,,,,,,,,,,,,,,,,,,,,,,,,,
lead_time,validation,43,full_timeline,2,,17485,0.38084675694617726,0.16772572696208954,-0.017540816217660904,0.963212420832686,0.1139153465628624,0.9563678503036499,0.40575018525123596,0.3530454675436088,0.06062692403793335,,,,,,,,,,,,,,,,,,,,,,,,,,,,,,,,
lead_time,validation,43,full_timeline,3,,17485,0.4038356416769856,0.17776791751384735,-0.020532146096229553,0.9586371973207292,0.12290335446596146,0.9690650701522827,0.4806315302848816,0.3664283671718616,0.06816702336072922,,,,,,,,,,,,,,,,,,,,,,,,,,,,,,,,
lead_time,validation,43,full_timeline,4,,17485,0.42075839445565205,0.18295830488204956,-0.016932062804698944,0.9550979375899729,0.1113717183470726,0.9633994102478027,0.3443334698677063,0.3607663711752931,0.0739998146891594,,,,,,,,,,,,,,,,,,,,,,,,,,,,,,,,
lead_time,validation,43,full_timeline,5,,17485,0.43561782601139926,0.1991182267665863,-0.02378079481422901,0.9518704285469343,0.1217941865324974,0.9750575423240662,0.3765449523925781,0.3503002573634544,0.07931883633136749,,,,,,,,,,,,,,,,,,,,,,,,,,,,,,,,
lead_time,validation,43,full_timeline,6,,17485,0.44770138764293105,0.20612184703350067,-0.030685747042298317,0.9491632774989484,0.10968323796987534,0.9736365079879761,0.37971606850624084,0.38810408921933087,0.08378030359745026,,,,,,,,,,,,,,,,,,,,,,,,,,,,,,,,
lead_time,validation,43,full_timeline,7,,17485,0.4600630401869345,0.21341808140277863,-0.023513073101639748,0.946317177680404,0.11435003578662872,0.9789891839027405,0.2759357988834381,0.3437803831855876,0.08847074955701828,,,,,,,,,,,,,,,,,,,,,,,,,,,,,,,,
lead_time,validation,43,full_timeline,8,,17485,0.4690064841159767,0.218235582113266,-0.02465386502444744,0.944209736903927,0.10960834473371506,0.9768593311309814,0.3758068382740021,0.38032599370889336,0.09194386005401611,,,,,,,,,,,,,,,,,,,,,,,,,,,,,,,,
lead_time,validation,43,full_timeline,9,,17485,0.4813871522635977,0.22254571318626404,-0.02872462198138237,0.9412253981696452,0.11046046763658524,0.9710894227027893,0.3315931558609009,0.3620817843866171,0.09686212986707687,,,,,,,,,,,,,,,,,,,,,,,,,,,,,,,,
lead_time,validation,43,full_timeline,10,,17485,0.4906294549144474,0.22748765349388123,-0.03782301023602486,0.9389468746826904,0.11090107262134552,0.9695780277252197,0.38412612676620483,0.39010580497569347,0.10061721503734589,,,,,,,,,,,,,,,,,,,,,,,,,,,,,,,,
lead_time,validation,43,full_timeline,11,,17485,0.49743531022187176,0.22476829588413239,-0.031376756727695465,0.9372413006472775,0.11225225776433945,0.9699691534042358,0.4162091910839081,0.3820417500714898,0.10342803597450256,,,,,,,,,,,,,,,,,,,,,,,,,,,,,,,,
lead_time,validation,43,full_timeline,12,,17485,0.5056780044443024,0.23661960661411285,-0.036360252648591995,0.9351442035712731,0.1135304719209671,0.9757640957832336,0.3494730591773987,0.3758650271661424,0.10688411444425583,,,,,,,,,,,,,,,,,,,,,,,,,,,,,,,,
failure_type,validation,43,all_windows,12,,17485,,,,,,,,,,-0.026402421295642853,-0.1592528522014618,0.4109862446784973,-0.31682905554771423,1.4062598943710327,0.6029097437858582,0.4287327826023102,0.4372106194496155,3,0.34818415784958534,0.23571884632110596,0.18995162844657898,0.04576720669865608,,,,,,,,,,,,,,,,,,,
scenario,validation,43,full_timeline,12,,17485,0.44650555457796304,0.20241190493106842,-0.026402423158288002,0.9494344921325375,0.11691220849752426,,,,1.0,,,,,,,,,,,,,,0.4287327826023102,,,,,,,,,,,,,,,,,,
scenario,validation,43,daylight,12,,9032,0.6199480201481599,0.3596361577510834,-0.02619822882115841,0.9015015095620622,0.21334971487522125,,,,0.9958069324493408,,,,,,,,,,,,,,0.3719237148761749,,,,,,,,,,,,,,,,,,
scenario,validation,43,sunrise,12,,2917,0.410713707067544,0.23376385867595673,-0.02694542519748211,0.9032814625079917,0.12125927209854126,,,,0.14115473628044128,,,,,,,,,,,,,,0.551419734954834,,,,,,,,,,,,,,,,,,
scenario,validation,43,sunset,12,,2928,0.21076021868592865,0.11024215072393417,0.029415884986519814,0.907842287959807,0.0615512989461422,,,,0.03731032460927963,,,,,,,,,,,,,,0.834037721157074,,,,,,,,,,,,,,,,,,
scenario,validation,43,stable_low_change,12,,7947,0.039568957226036164,0.0336930975317955,-0.02967553399503231,nan,0.013333029113709927,,,,0.0035693824756890535,,,,,,,,,,,,,,1271490976677888.0,,,,,,,,,,,,,,,,,,
scenario,validation,43,medium_change,12,,2914,0.15593904906327194,0.09385871887207031,-0.014902503229677677,0.9961258382054384,0.03849111497402191,,,,0.020327312871813774,,,,,,,,,,,,,,1.5348331928253174,,,,,,,,,,,,,,,,,,
scenario,validation,43,high_change,12,,6624,0.7167165019946274,0.45258286595344543,-0.027534570544958115,0.8263293282819603,0.27567771077156067,,,,0.9761033058166504,,,,,,,,,,,,,,0.3237605392932892,,,,,,,,,,,,,,,,,,
scenario,validation,43,past_irradiance_volatility_low,12,,8139,0.04732396273321346,0.03546103090047836,-0.02830490842461586,-0.9506903672455731,0.014281890355050564,,,,0.005228942725807428,,,,,,,,,,,,,,13.065109252929688,,,,,,,,,,,,,,,,,,
scenario,validation,43,past_irradiance_volatility_high,12,,9346,0.609127703641312,0.34780174493789673,-0.024745631963014603,0.9080203144177907,0.2062882035970688,,,,0.9947710037231445,,,,,,,,,,,,,,0.37469482421875,,,,,,,,,,,,,,,,,,
scenario,validation,43,input_hf_partly_missing,12,,3034,0.4441132207382604,0.2018686830997467,-0.0279658492654562,0.9511487530041529,0.11948928236961365,,,,0.1716657429933548,,,,,,,,,,,,,,0.42471933364868164,,,,,,,,,,,,,,,,,,
scenario,validation,43,input_hf_complete,12,,14451,0.44700620032390337,0.20252597332000732,-0.026074176654219627,0.949040994464037,0.11637113988399506,,,,0.8283342719078064,,,,,,,,,,,,,,0.429617702960968,,,,,,,,,,,,,,,,,,
scenario,validation,43,month_09,12,,8569,0.3863819081019954,0.1683821827173233,-0.008190679363906384,0.962543547464735,0.09105787426233292,,,,0.3669816553592682,,,,,,,,,,,,,,0.5224653482437134,,,,,,,,,,,,,,,,,,
scenario,validation,43,month_10,12,,8916,0.4974882246425815,0.23511724174022675,-0.043905388563871384,0.9365499190997518,0.14176031947135925,,,,0.6330183744430542,,,,,,,,,,,,,,0.3687030076980591,,,,,,,,,,,,,,,,,,
scenario,validation,43,solar_night,12,,6516,0.037838844984039534,0.032769642770290375,-0.03105839155614376,-2798939653.479744,0.011962472461163998,,,,0.0026763163041323423,,,,,,,,,,,,,,2806110.0,,,,,,,,,,,,,,,,,,
scenario,validation,43,solar_morning,12,,3649,0.4848878360611909,0.27570685744285583,-0.056051213294267654,0.9169164893668666,0.1495414674282074,,,,0.24611443281173706,,,,,,,,,,,,,,0.4665404260158539,,,,,,,,,,,,,,,,,,
scenario,validation,43,solar_midday,12,,3660,0.7781553009751719,0.47111815214157104,-0.05272088572382927,0.7190470086947924,0.28869765996932983,,,,0.6357616186141968,,,,,,,,,,,,,,0.2602899968624115,,,,,,,,,,,,,,,,,,
scenario,validation,43,solar_evening,12,,3660,0.33159785315013646,0.16264984011650085,0.03776487708091736,0.9217051616237228,0.09944047778844833,,,,0.11544766277074814,,,,,,,,,,,,,,0.6104432940483093,,,,,,,,,,,,,,,,,,
scenario,validation,43,power_low,12,,8770,0.07066407323871993,0.04151294380426407,-0.029328320175409317,0.37920420986631176,0.016143448650836945,,,,0.012562543153762817,,,,,,,,,,,,,,4.448106288909912,,,,,,,,,,,,,,,,,,
scenario,validation,43,power_mid,12,,3064,0.5333122728580433,0.3078555762767792,0.019238410517573357,0.6785722625824977,0.156371608376503,,,,0.24999570846557617,,,,,,,,,,,,,,0.5095595121383667,,,,,,,,,,,,,,,,,,
scenario,validation,43,power_high,12,,5651,0.6744672757037055,0.39494502544403076,-0.046608295291662216,0.7744895145536583,0.2519039809703827,,,,0.7374417781829834,,,,,,,,,,,,,,0.3217613697052002,,,,,,,,,,,,,,,,,,
direction_error,validation,43,rise_predicted_down,all12_steps,,209820,,,,,,,,,,,,,,,,,,,,,,,,6654,0.03171289676865885,0.0363999605178833,,,,,,,,,,,,,,,
direction_error,validation,43,fall_predicted_up,all12_steps,,209820,,,,,,,,,,,,,,,,,,,,,,,,6683,0.03185111047564579,0.0363999605178833,,,,,,,,,,,,,,,
direction_error,validation,43,true_change_predicted_flat,all12_steps,,209820,,,,,,,,,,,,,,,,,,,,,,,,18293,0.08718425316938327,0.0363999605178833,,,,,,,,,,,,,,,
direction_error,validation,43,true_flat_predicted_change,all12_steps,,209820,,,,,,,,,,,,,,,,,,,,,,,,18023,0.0858974358974359,0.0363999605178833,,,,,,,,,,,,,,,
artifact_check,validation,43,complete_split,12,,17485,,,,,,,,,,,,,,,,,,,,,,,,,,,"(17485, 12)",True,True,13,0.4465055465698242,1.418499231338501,1.9549015760421753,nan,C:\Users\Zhujiangkun-Yohkoh\Desktop\光伏项目_最新\PVforecast16\GFNODE_experiments\asoc_multirate_information_screen\results\MEAN_ONLY\43\best_validation.pt,,,,,,
lead_time,test,43,full_timeline,1,,17401,0.35980824602218797,0.17526261508464813,-0.013887662440538406,0.9611868293394678,0.17526261508464813,0.9552046656608582,1.0264338254928589,0.313775070398253,0.04537273943424225,,,,,,,,,,,,,,,,,,,,,,,,,,,,,,,,
lead_time,test,43,full_timeline,2,,17401,0.4233603818986699,0.20003455877304077,-0.01606050319969654,0.9462662459588264,0.12863318622112274,0.9533036947250366,0.3464308977127075,0.35463479110395957,0.06281641870737076,,,,,,,,,,,,,,,,,,,,,,,,,,,,,,,,
lead_time,test,43,full_timeline,3,,17401,0.44886455670230574,0.21242740750312805,-0.024936560541391373,0.9395988642434197,0.13847152888774872,0.9643279314041138,0.3941681981086731,0.3638296649617838,0.07061279565095901,,,,,,,,,,,,,,,,,,,,,,,,,,,,,,,,
lead_time,test,43,full_timeline,4,,17401,0.46633578715497964,0.21693408489227295,-0.016945166513323784,0.9348070031318888,0.13091087341308594,0.9592733383178711,0.2945983409881592,0.35825527268547785,0.07621672004461288,,,,,,,,,,,,,,,,,,,,,,,,,,,,,,,,
lead_time,test,43,full_timeline,5,,17401,0.4815576356546834,0.23216360807418823,-0.023467496037483215,0.9304790999136764,0.13800695538520813,0.9707595705986023,0.3121171295642853,0.3408999482788346,0.08127357065677643,,,,,,,,,,,,,,,,,,,,,,,,,,,,,,,,
lead_time,test,43,full_timeline,6,,17401,0.49205563307643535,0.2385825663805008,-0.03603774309158325,0.9273984762074521,0.12875966727733612,0.9679483771324158,0.3265414535999298,0.3702660766622608,0.08485573530197144,,,,,,,,,,,,,,,,,,,,,,,,,,,,,,,,
lead_time,test,43,full_timeline,7,,17401,0.5031148625175896,0.24298863112926483,-0.02778572402894497,0.9240724660399924,0.13044896721839905,0.9742172360420227,0.2456130087375641,0.3565312338371358,0.08871296048164368,,,,,,,,,,,,,,,,,,,,,,,,,,,,,,,,
lead_time,test,43,full_timeline,8,,17401,0.5115834413971481,0.24876844882965088,-0.02392267994582653,0.9214718694904666,0.12773944437503815,0.9738729000091553,0.3103644549846649,0.3623929659214988,0.09172458201646805,,,,,,,,,,,,,,,,,,,,,,,,,,,,,,,,
lead_time,test,43,full_timeline,9,,17401,0.5222486403334811,0.254738986492157,-0.027429062873125076,0.9181421461463355,0.1291549801826477,0.9685948491096497,0.2849421203136444,0.3740589621286133,0.09558888524770737,,,,,,,,,,,,,,,,,,,,,,,,,,,,,,,,
lead_time,test,43,full_timeline,10,,17401,0.5306902629406134,0.26122209429740906,-0.034734755754470825,0.9154546266591173,0.12938319146633148,0.9683257937431335,0.32491615414619446,0.39342566519165567,0.09870405495166779,,,,,,,,,,,,,,,,,,,,,,,,,,,,,,,,
lead_time,test,43,full_timeline,11,,17401,0.5360465058445455,0.2593660354614258,-0.025803998112678528,0.9137205205077279,0.1312258392572403,0.9691715240478516,0.35251525044441223,0.38285156025515776,0.1007065549492836,,,,,,,,,,,,,,,,,,,,,,,,,,,,,,,,
lead_time,test,43,full_timeline,12,,17401,0.5432069653820102,0.2717599868774414,-0.031219905242323875,0.9113815534525167,0.13286371529102325,0.9755052328109741,0.28529971837997437,0.3603241193034883,0.10341496765613556,,,,,,,,,,,,,,,,,,,,,,,,,,,,,,,,
failure_type,test,43,all_windows,12,,17401,,,,,,,,,,-0.02518593706190586,-0.20292730629444122,0.4790712893009186,-0.3022312521934509,1.5884896516799927,0.596365213394165,0.37542909383773804,0.42612186074256897,0,-0.07499568990287915,0.27405455708503723,0.21883007884025574,0.0552244558930397,,,,,,,,,,,,,,,,,,,
scenario,test,43,full_timeline,12,,17401,0.4876216706028064,0.23452073335647583,-0.02518593706190586,0.9286726380584689,0.1350717395544052,,,,1.0,,,,,,,,,,,,,,0.37542909383773804,,,,,,,,,,,,,,,,,,
scenario,test,43,daylight,12,,9655,0.6538770552923578,0.3995906412601471,-0.026651982218027115,0.8764747609204506,0.23255060613155365,,,,0.9977099299430847,,,,,,,,,,,,,,0.3301998972892761,,,,,,,,,,,,,,,,,,
scenario,test,43,sunrise,12,,2875,0.4308363554711415,0.24763457477092743,-0.08998333662748337,0.8862545764723253,0.11038309335708618,,,,0.12897999584674835,,,,,,,,,,,,,,0.5703115463256836,,,,,,,,,,,,,,,,,,
scenario,test,43,sunset,12,,2928,0.25006058078135207,0.13779400289058685,0.018444780260324478,0.858939266602613,0.07487278431653976,,,,0.04425082355737686,,,,,,,,,,,,,,0.7174795866012573,,,,,,,,,,,,,,,,,,
scenario,test,43,stable_low_change,12,,7229,0.033968213365548276,0.0282281581312418,-0.02499047853052616,nan,0.013007384724915028,,,,0.0020159671548753977,,,,,,,,,,,,,,1128364681199616.0,,,,,,,,,,,,,,,,,,
scenario,test,43,medium_change,12,,2806,0.13227746989325811,0.09003771841526031,-0.04153626039624214,0.9971853838948774,0.03446270525455475,,,,0.011866406537592411,,,,,,,,,,,,,,1.4579265117645264,,,,,,,,,,,,,,,,,,
scenario,test,43,high_change,12,,7366,0.7442495511649165,0.4920158088207245,-0.01914927549660206,0.7822586747789912,0.2931917905807495,,,,0.9861176013946533,,,,,,,,,,,,,,0.29606756567955017,,,,,,,,,,,,,,,,,,
scenario,test,43,past_irradiance_volatility_low,12,,7340,0.03601086664986519,0.028466952964663506,-0.02496456168591976,-2.2098879860996763,0.013198704458773136,,,,0.0023005041293799877,,,,,,,,,,,,,,27.590787887573242,,,,,,,,,,,,,,,,,,
scenario,test,43,past_irradiance_volatility_high,12,,10061,0.6405446304522039,0.3848472237586975,-0.02534744143486023,0.8843214846901661,0.22398419678211212,,,,0.9976994395256042,,,,,,,,,,,,,,0.33463171124458313,,,,,,,,,,,,,,,,,,
scenario,test,43,input_hf_partly_missing,12,,2782,0.4966664800414219,0.24468737840652466,-0.01967223733663559,0.9215148505820728,0.14386874437332153,,,,0.16586190462112427,,,,,,,,,,,,,,0.36348333954811096,,,,,,,,,,,,,,,,,,
scenario,test,43,input_hf_complete,12,,14619,0.48588135508411534,0.23258602619171143,-0.026235196739435196,0.9299370727147406,0.1333976686000824,,,,0.8341380953788757,,,,,,,,,,,,,,0.3778865933418274,,,,,,,,,,,,,,,,,,
scenario,test,43,month_11,12,,8569,0.4583464226876595,0.216826394200325,-0.03643329069018364,0.9423669308573709,0.12310981005430222,,,,0.43508851528167725,,,,,,,,,,,,,,0.4065167307853699,,,,,,,,,,,,,,,,,,
scenario,test,43,month_12,12,,8832,0.5144352914880723,0.2516881823539734,-0.014273512177169323,0.9125416859846809,0.14667747914791107,,,,0.5649114847183228,,,,,,,,,,,,,,0.34966182708740234,,,,,,,,,,,,,,,,,,
scenario,test,43,solar_night,12,,6516,0.032583821242377464,0.027497224509716034,-0.025696508586406708,-1217584.382735864,0.012126537971198559,,,,0.0016720332205295563,,,,,,,,,,,,,,63353.1015625,,,,,,,,,,,,,,,,,,
scenario,test,43,solar_morning,12,,3595,0.4995636376986368,0.292744904756546,-0.08711215853691101,0.9002845361206677,0.14332334697246552,,,,0.2168404757976532,,,,,,,,,,,,,,0.47135648131370544,,,,,,,,,,,,,,,,,,
scenario,test,43,solar_midday,12,,3630,0.8731045287892459,0.5872312188148499,-0.013889987021684647,0.6740315479786743,0.36117881536483765,,,,0.6688040494918823,,,,,,,,,,,,,,0.2212861180305481,,,,,,,,,,,,,,,,,,
scenario,test,43,solar_evening,12,,3660,0.35691061089412235,0.19608092308044434,0.025346124544739723,0.8876304785577616,0.12159577012062073,,,,0.11268336325883865,,,,,,,,,,,,,,0.5174471735954285,,,,,,,,,,,,,,,,,,
scenario,test,43,power_low,12,,7982,0.04944786641936893,0.03203388676047325,-0.02758658304810524,-0.1733545937927674,0.014378231950104237,,,,0.004717008676379919,,,,,,,,,,,,,,7.070454120635986,,,,,,,,,,,,,,,,,,
scenario,test,43,power_mid,12,,4016,0.48157516492543656,0.2747328281402588,-0.04135647416114807,0.6970489934690904,0.1317315399646759,,,,0.2251032143831253,,,,,,,,,,,,,,0.5393618941307068,,,,,,,,,,,,,,,,,,
scenario,test,43,power_high,12,,5403,0.767977777934442,0.5037708878517151,-0.009619992226362228,0.7102774314092686,0.3158583641052246,,,,0.7701797485351562,,,,,,,,,,,,,,0.26935139298439026,,,,,,,,,,,,,,,,,,
direction_error,test,43,rise_predicted_down,all12_steps,,208812,,,,,,,,,,,,,,,,,,,,,,,,9565,0.04580675440108806,0.0363999605178833,,,,,,,,,,,,,,,
direction_error,test,43,fall_predicted_up,all12_steps,,208812,,,,,,,,,,,,,,,,,,,,,,,,7799,0.03734938605061012,0.0363999605178833,,,,,,,,,,,,,,,
direction_error,test,43,true_change_predicted_flat,all12_steps,,208812,,,,,,,,,,,,,,,,,,,,,,,,22792,0.10915081508725552,0.0363999605178833,,,,,,,,,,,,,,,
direction_error,test,43,true_flat_predicted_change,all12_steps,,208812,,,,,,,,,,,,,,,,,,,,,,,,16975,0.08129322069612857,0.0363999605178833,,,,,,,,,,,,,,,
artifact_check,test,43,complete_split,12,,17401,,,,,,,,,,,,,,,,,,,,,,,,,,,"(17401, 12)",True,True,13,0.4465055465698242,1.418499231338501,1.9549015760421753,1.9073486328125e-06,C:\Users\Zhujiangkun-Yohkoh\Desktop\光伏项目_最新\PVforecast16\GFNODE_experiments\asoc_multirate_information_screen\results\MEAN_ONLY\43\best_validation.pt,,,,,,
lead_time,train,44,full_timeline,1,,66842,0.24408874723479446,0.10565946996212006,0.04629404842853546,0.984395457633541,0.10565946996212006,1.0068532228469849,1.2296134233474731,0.36349899763621674,0.047251250594854355,,,,,,,,,,,,,,,,,,,,,,,,,,,,,,,,
lead_time,train,44,full_timeline,2,,66842,0.28142383289635653,0.11265474557876587,0.03878844529390335,0.9792605856196527,0.07751084864139557,0.9994428753852844,0.525815486907959,0.36095568654438825,0.06281155347824097,,,,,,,,,,,,,,,,,,,,,,,,,,,,,,,,
lead_time,train,44,full_timeline,3,,66842,0.29843065843179795,0.1202026978135109,0.037630345672369,0.9766823629330037,0.07102027535438538,0.9960477948188782,0.5087035894393921,0.38761557104814337,0.07063250988721848,,,,,,,,,,,,,,,,,,,,,,,,,,,,,,,,
lead_time,train,44,full_timeline,4,,66842,0.3112295312930191,0.12968026101589203,0.04522901400923729,0.9746439321677827,0.07825935631990433,1.0061074495315552,0.5709560513496399,0.3669249872834445,0.07682089507579803,,,,,,,,,,,,,,,,,,,,,,,,,,,,,,,,
lead_time,train,44,full_timeline,5,,66842,0.31952195188988947,0.1362815797328949,0.0474090576171875,0.9732794497381404,0.07432256639003754,1.0038177967071533,0.4693264961242676,0.36851081655246704,0.08096907287836075,,,,,,,,,,,,,,,,,,,,,,,,,,,,,,,,
lead_time,train,44,full_timeline,6,,66842,0.32526890606436376,0.13516691327095032,0.046378228813409805,0.9723142347570767,0.07218257337808609,1.0024056434631348,0.5082136988639832,0.3902636067143413,0.08390790969133377,,,,,,,,,,,,,,,,,,,,,,,,,,,,,,,,
lead_time,train,44,full_timeline,7,,66842,0.331831243525598,0.13985338807106018,0.04835229739546776,0.9711904640529936,0.07226528972387314,1.0003896951675415,0.5053614377975464,0.3921486490529906,0.08732776343822479,,,,,,,,,,,,,,,,,,,,,,,,,,,,,,,,
lead_time,train,44,full_timeline,8,,66842,0.33969981335288674,0.14658208191394806,0.05342777445912361,0.9698127655327728,0.07291063666343689,1.0003432035446167,0.5178086161613464,0.38441399120313574,0.09151839464902878,,,,,,,,,,,,,,,,,,,,,,,,,,,,,,,,
lead_time,train,44,full_timeline,9,,66842,0.3428762232897357,0.14885631203651428,0.04671882465481758,0.9692502874573109,0.07658751308917999,0.98927903175354,0.5053368806838989,0.34972023577989886,0.09323790669441223,,,,,,,,,,,,,,,,,,,,,,,,,,,,,,,,
lead_time,train,44,full_timeline,10,,66842,0.3518724558655286,0.15226690471172333,0.05755025893449783,0.9676199180556718,0.08246438205242157,1.005263328552246,0.5452502965927124,0.3516651207324736,0.09819476306438446,,,,,,,,,,,,,,,,,,,,,,,,,,,,,,,,
lead_time,train,44,full_timeline,11,,66842,0.35844761981330836,0.16050298511981964,0.06281986087560654,0.9664031724139365,0.07305392622947693,1.0038855075836182,0.5054305195808411,0.3931510128362407,0.10189882665872574,,,,,,,,,,,,,,,,,,,,,,,,,,,,,,,,
lead_time,train,44,full_timeline,12,,66842,0.3646040388313094,0.16778232157230377,0.06664964556694031,0.9652441244322082,0.07389916479587555,1.0023301839828491,0.4330615997314453,0.3769935070763891,0.10542915016412735,,,,,,,,,,,,,,,,,,,,,,,,,,,,,,,,
failure_type,train,44,all_windows,12,,66842,,,,,,,,,,0.049770649522542953,-0.013197063468396664,0.2884525656700134,0.597247838973999,1.0042871236801147,0.5711963176727295,0.5687580108642578,0.5299040675163269,3,1.010651985278717,0.16154460608959198,0.12647584080696106,0.03506875038146973,,,,,,,,,,,,,,,,,,,
scenario,train,44,full_timeline,12,,66842,0.32415333053390677,0.13795746862888336,0.049770649522542953,0.9725051624356151,0.07751134037971497,,,,1.0,,,,,,,,,,,,,,0.5687580108642578,,,,,,,,,,,,,,,,,,
scenario,train,44,daylight,12,,32900,0.45943273194513623,0.2396484911441803,0.07044227421283722,0.9405060642449072,0.14472699165344238,,,,0.9887564778327942,,,,,,,,,,,,,,0.4939788579940796,,,,,,,,,,,,,,,,,,
scenario,train,44,sunrise,12,,11153,0.27958285755698764,0.15911632776260376,0.07583063095808029,0.9424090565925428,0.06271681189537048,,,,0.1241258904337883,,,,,,,,,,,,,,0.8455967307090759,,,,,,,,,,,,,,,,,,
scenario,train,44,sunset,12,,11070,0.17793034659136941,0.08344659209251404,-0.004088415764272213,0.9516600486939355,0.05113683640956879,,,,0.0498996265232563,,,,,,,,,,,,,,0.8879789113998413,,,,,,,,,,,,,,,,,,
scenario,train,44,stable_low_change,12,,32118,0.04574874553204747,0.038745854049921036,0.03149135783314705,nan,0.011904270388185978,,,,0.009570981375873089,,,,,,,,,,,,,,4588096666468352.0,,,,,,,,,,,,,,,,,,
scenario,train,44,medium_change,12,,12662,0.1255779168873736,0.0861152708530426,0.049420781433582306,0.9968818514147548,0.03698364645242691,,,,0.02843010239303112,,,,,,,,,,,,,,1.4461383819580078,,,,,,,,,,,,,,,,,,
scenario,train,44,high_change,12,,22062,0.5534011270125576,0.31214404106140137,0.07658255845308304,0.8840750669139241,0.19628247618675232,,,,0.9619988799095154,,,,,,,,,,,,,,0.4227323532104492,,,,,,,,,,,,,,,,,,
scenario,train,44,past_irradiance_volatility_low,12,,33401,0.049930726245704944,0.04012729227542877,0.03204041346907616,-0.5735055791315167,0.012606198899447918,,,,0.011856181547045708,,,,,,,,,,,,,,11.714483261108398,,,,,,,,,,,,,,,,,,
scenario,train,44,past_irradiance_volatility_high,12,,33397,0.45576185018416154,0.235703244805336,0.0675676167011261,0.9429117163990068,0.1424425095319748,,,,0.9877180457115173,,,,,,,,,,,,,,0.49572059512138367,,,,,,,,,,,,,,,,,,
scenario,train,44,input_hf_partly_missing,12,,76,0.2815610304909483,0.17924746870994568,0.044582098722457886,0.9648243281132389,0.06230558454990387,,,,0.0008578439010307193,,,,,,,,,,,,,,0.9249016642570496,,,,,,,,,,,,,,,,,,
scenario,train,44,input_hf_complete,12,,66766,0.32419861880390033,0.13791047036647797,0.04977656155824661,0.972510312214258,0.07752864062786102,,,,0.9991421103477478,,,,,,,,,,,,,,0.5683838725090027,,,,,,,,,,,,,,,,,,
scenario,train,44,month_01,12,,7302,0.518427055442228,0.250888466835022,0.05263037607073784,0.9208286084502236,0.15923906862735748,,,,0.2794259488582611,,,,,,,,,,,,,,0.330340176820755,,,,,,,,,,,,,,,,,,
scenario,train,44,month_02,12,,7895,0.26985576002102685,0.10989529639482498,0.03945859894156456,0.9835638708939904,0.06789582222700119,,,,0.08185875415802002,,,,,,,,,,,,,,0.6038624048233032,,,,,,,,,,,,,,,,,,
scenario,train,44,month_03,12,,8825,0.24467586591985774,0.10845708101987839,0.05994219332933426,0.9866124876732508,0.061758290976285934,,,,0.07522229105234146,,,,,,,,,,,,,,0.6799566745758057,,,,,,,,,,,,,,,,,,
scenario,train,44,month_04,12,,7745,0.31443049663371636,0.12591838836669922,0.05442988872528076,0.9751356711204858,0.07023347169160843,,,,0.1090235561132431,,,,,,,,,,,,,,0.6132254600524902,,,,,,,,,,,,,,,,,,
scenario,train,44,month_05,12,,8928,0.37439663348477625,0.16970579326152802,0.06343325972557068,0.9541346081714643,0.09119363129138947,,,,0.17818357050418854,,,,,,,,,,,,,,0.48544228076934814,,,,,,,,,,,,,,,,,,
scenario,train,44,month_06,12,,8471,0.3179546193725076,0.13843610882759094,0.04673239588737488,0.9684610557535079,0.07161492109298706,,,,0.12193112075328827,,,,,,,,,,,,,,0.6063689589500427,,,,,,,,,,,,,,,,,,
scenario,train,44,month_07,12,,8844,0.1854245836910817,0.08429259061813354,0.03910987079143524,0.9913391521201054,0.04263859614729881,,,,0.043294522911310196,,,,,,,,,,,,,,0.9128624200820923,,,,,,,,,,,,,,,,,,
scenario,train,44,month_08,12,,8832,0.2971836668864406,0.13089464604854584,0.04215329885482788,0.9770316296208595,0.06740419566631317,,,,0.11106021702289581,,,,,,,,,,,,,,0.6414234638214111,,,,,,,,,,,,,,,,,,
scenario,train,44,solar_night,12,,25117,0.04187827545182329,0.03657839819788933,0.032095249742269516,-596890.7907868014,0.010659757070243359,,,,0.00627183960750699,,,,,,,,,,,,,,90249.796875,,,,,,,,,,,,,,,,,,
scenario,train,44,solar_morning,12,,13955,0.33709281933777047,0.1846088469028473,0.08684580028057098,0.953652684068762,0.08162298798561096,,,,0.22577634453773499,,,,,,,,,,,,,,0.7222155928611755,,,,,,,,,,,,,,,,,,
scenario,train,44,solar_midday,12,,13945,0.5641286108525637,0.2948795258998871,0.08410873264074326,0.7873090997114686,0.19661878049373627,,,,0.6318650841712952,,,,,,,,,,,,,,0.3225157558917999,,,,,,,,,,,,,,,,,,
scenario,train,44,solar_evening,12,,13825,0.26293627950440834,0.11676689237356186,0.009823080152273178,0.9571643804268641,0.07467440515756607,,,,0.13608671724796295,,,,,,,,,,,,,,0.696751594543457,,,,,,,,,,,,,,,,,,
scenario,train,44,power_low,12,,35144,0.06349055796170619,0.04380609840154648,0.03182125836610794,0.6116130686491394,0.014148633927106857,,,,0.020170610398054123,,,,,,,,,,,,,,3.8217477798461914,,,,,,,,,,,,,,,,,,
scenario,train,44,power_mid,12,,9640,0.40846592597723574,0.226560577750206,0.02708793804049492,0.8128202709496117,0.11095232516527176,,,,0.2290014922618866,,,,,,,,,,,,,,0.6481555104255676,,,,,,,,,,,,,,,,,,
scenario,train,44,power_high,12,,22058,0.48894761963516586,0.24924235045909882,0.08828161656856537,0.8642444855058367,0.16384951770305634,,,,0.7508279085159302,,,,,,,,,,,,,,0.4375128149986267,,,,,,,,,,,,,,,,,,
direction_error,train,44,rise_predicted_down,all12_steps,,802104,,,,,,,,,,,,,,,,,,,,,,,,13560,0.016905538433918794,0.0363999605178833,,,,,,,,,,,,,,,
direction_error,train,44,fall_predicted_up,all12_steps,,802104,,,,,,,,,,,,,,,,,,,,,,,,18166,0.022647935928508025,0.0363999605178833,,,,,,,,,,,,,,,
direction_error,train,44,true_change_predicted_flat,all12_steps,,802104,,,,,,,,,,,,,,,,,,,,,,,,50647,0.06314268473913608,0.0363999605178833,,,,,,,,,,,,,,,
direction_error,train,44,true_flat_predicted_change,all12_steps,,802104,,,,,,,,,,,,,,,,,,,,,,,,66847,0.08333956693895056,0.0363999605178833,,,,,,,,,,,,,,,
artifact_check,train,44,complete_split,12,,66842,,,,,,,,,,,,,,,,,,,,,,,,,,,"(66842, 12)",True,True,17,0.44905948638916016,1.418499231338501,1.9549015760421753,nan,C:\Users\Zhujiangkun-Yohkoh\Desktop\光伏项目_最新\PVforecast16\GFNODE_experiments\asoc_multirate_information_screen\results\MEAN_ONLY\44\best_validation.pt,,,,,,
lead_time,validation,44,full_timeline,1,,17485,0.33189582306790005,0.15334917604923248,0.0032936555799096823,0.9720614225428711,0.15334917604923248,0.9793858528137207,1.1601779460906982,0.3725478981984558,0.045521289110183716,,,,,,,,,,,,,,,,,,,,,,,,,,,,,,,,
lead_time,validation,44,full_timeline,2,,17485,0.3793328037393747,0.16636288166046143,0.00435314467176795,0.9635043172796237,0.11573576927185059,0.9740745425224304,0.41781753301620483,0.36454103517300546,0.059463679790496826,,,,,,,,,,,,,,,,,,,,,,,,,,,,,,,,
lead_time,validation,44,full_timeline,3,,17485,0.4052622782078561,0.17917771637439728,0.004594514146447182,0.9583444368050922,0.11098171770572662,0.9674077033996582,0.3866835832595825,0.37283385759222193,0.0678708553314209,,,,,,,,,,,,,,,,,,,,,,,,,,,,,,,,
lead_time,validation,44,full_timeline,4,,17485,0.4224000242270748,0.19111023843288422,0.021181747317314148,0.954746874954316,0.12332761287689209,0.9846872687339783,0.446571409702301,0.343608807549328,0.07373248040676117,,,,,,,,,,,,,,,,,,,,,,,,,,,,,,,,
lead_time,validation,44,full_timeline,5,,17485,0.4387203464920556,0.20338523387908936,0.018905052915215492,0.9511824193005342,0.11300121992826462,0.9790729880332947,0.3847934603691101,0.363625965112954,0.07954017072916031,,,,,,,,,,,,,,,,,,,,,,,,,,,,,,,,
lead_time,validation,44,full_timeline,6,,17485,0.45243398000352003,0.20780707895755768,0.022125018760561943,0.9480828209257006,0.111435167491436,0.9792322516441345,0.3419816792011261,0.36928796110952244,0.08459046483039856,,,,,,,,,,,,,,,,,,,,,,,,,,,,,,,,
lead_time,validation,44,full_timeline,7,,17485,0.4625858156389254,0.21713927388191223,0.024874933063983917,0.9457268190957314,0.11319352686405182,0.9728858470916748,0.3836330473423004,0.38061195310265944,0.08842918276786804,,,,,,,,,,,,,,,,,,,,,,,,,,,,,,,,
lead_time,validation,44,full_timeline,8,,17485,0.4726243757109112,0.2237159013748169,0.02293417416512966,0.9433456916900371,0.10959217697381973,0.9705219268798828,0.3256792426109314,0.37106090935087216,0.09230882674455643,,,,,,,,,,,,,,,,,,,,,,,,,,,,,,,,
lead_time,validation,44,full_timeline,9,,17485,0.4829058825358713,0.22782231867313385,0.013768039643764496,0.9408539547704713,0.11565843969583511,0.9591776728630066,0.33399298787117004,0.3325707749499571,0.0963687002658844,,,,,,,,,,,,,,,,,,,,,,,,,,,,,,,,
lead_time,validation,44,full_timeline,10,,17485,0.4914286227811386,0.23423072695732117,0.013811777345836163,0.9387478196303979,0.1105542927980423,0.963018000125885,0.38853707909584045,0.38415784958535887,0.09980031102895737,,,,,,,,,,,,,,,,,,,,,,,,,,,,,,,,
lead_time,validation,44,full_timeline,11,,17485,0.5015863941716322,0.24503971636295319,0.022414332255721092,0.9361894903453473,0.11294591426849365,0.9659033417701721,0.30505144596099854,0.3702030311695739,0.10396867245435715,,,,,,,,,,,,,,,,,,,,,,,,,,,,,,,,
lead_time,validation,44,full_timeline,12,,17485,0.5121769200757363,0.2602323889732361,0.03045002557337284,0.933466457892122,0.11661076545715332,0.9633485674858093,0.35741516947746277,0.35990849299399486,0.10840541124343872,,,,,,,,,,,,,,,,,,,,,,,,,,,,,,,,
failure_type,validation,44,all_windows,12,,17485,,,,,,,,,,0.016892200335860252,-0.11492248624563217,0.42670971155166626,0.20270641148090363,1.4062598943710327,0.6131685376167297,0.4360278844833374,0.46825286746025085,3,1.0213325707749499,0.24323739111423492,0.19241085648536682,0.050826527178287506,,,,,,,,,,,,,,,,,,,
scenario,validation,44,full_timeline,12,,17485,0.4490594996257195,0.20911440253257751,0.016892200335860252,0.9488543823615805,0.11719881743192673,,,,1.0,,,,,,,,,,,,,,0.4360278844833374,,,,,,,,,,,,,,,,,,
scenario,validation,44,daylight,12,,9032,0.6228932158309698,0.36686626076698303,0.00904069747775793,0.9005634089959229,0.21300263702869415,,,,0.9938886761665344,,,,,,,,,,,,,,0.37501752376556396,,,,,,,,,,,,,,,,,,
scenario,validation,44,sunrise,12,,2917,0.4122900724870119,0.2570357620716095,0.08026992529630661,0.9025376045568112,0.11869513988494873,,,,0.14062701165676117,,,,,,,,,,,,,,0.5692481398582458,,,,,,,,,,,,,,,,,,
scenario,validation,44,sunset,12,,2928,0.2139815281779237,0.11177634447813034,0.016615983098745346,0.905003636269697,0.06257209926843643,,,,0.038023337721824646,,,,,,,,,,,,,,0.830104410648346,,,,,,,,,,,,,,,,,,
scenario,validation,44,stable_low_change,12,,7947,0.04800175432262671,0.03900877758860588,0.02664334513247013,nan,0.014326593838632107,,,,0.005193307064473629,,,,,,,,,,,,,,1366241176453120.0,,,,,,,,,,,,,,,,,,
scenario,validation,44,medium_change,12,,2914,0.15372514428839035,0.1005292758345604,0.020163729786872864,0.9962350621297512,0.03985493630170822,,,,0.019530167803168297,,,,,,,,,,,,,,1.5614266395568848,,,,,,,,,,,,,,,,,,
scenario,validation,44,high_change,12,,6624,0.7205106897004553,0.4609631597995758,0.0037542840000241995,0.8244856881086845,0.27464228868484497,,,,0.975276529788971,,,,,,,,,,,,,,0.3261371850967407,,,,,,,,,,,,,,,,,,
scenario,validation,44,past_irradiance_volatility_low,12,,8139,0.05490078377314048,0.04147003963589668,0.027119839563965797,-1.6253259623398937,0.014893381856381893,,,,0.006957524456083775,,,,,,,,,,,,,,13.595100402832031,,,,,,,,,,,,,,,,,,
scenario,validation,44,past_irradiance_volatility_high,12,,9346,0.6120793903068883,0.3551081120967865,0.007985426113009453,0.9071267311901473,0.20629189908504486,,,,0.9930425882339478,,,,,,,,,,,,,,0.3797546923160553,,,,,,,,,,,,,,,,,,
scenario,validation,44,input_hf_partly_missing,12,,3034,0.44366442902999303,0.21081724762916565,0.017897235229611397,0.9512474343125552,0.12012214958667755,,,,0.16937580704689026,,,,,,,,,,,,,,0.4381282925605774,,,,,,,,,,,,,,,,,,
scenario,validation,44,input_hf_complete,12,,14451,0.45018397583827313,0.20875686407089233,0.016681194305419922,0.9483138811413268,0.11658504605293274,,,,0.8306241631507874,,,,,,,,,,,,,,0.4355647563934326,,,,,,,,,,,,,,,,,,
scenario,validation,44,month_09,12,,8569,0.3907962805028256,0.17768007516860962,0.04010424390435219,0.9616827868852459,0.09107084572315216,,,,0.3711569309234619,,,,,,,,,,,,,,0.5267859101295471,,,,,,,,,,,,,,,,,,
scenario,validation,44,month_10,12,,8916,0.4986810125236623,0.23932531476020813,-0.005416456144303083,0.9362452982908362,0.14230991899967194,,,,0.6288431286811829,,,,,,,,,,,,,,0.3779031038284302,,,,,,,,,,,,,,,,,,
scenario,validation,44,solar_night,12,,6516,0.04456132304167492,0.03639787435531616,0.02880975604057312,-3881807130.6180177,0.01301661878824234,,,,0.0036696430761367083,,,,,,,,,,,,,,3053385.25,,,,,,,,,,,,,,,,,,
scenario,validation,44,solar_morning,12,,3649,0.4826473064588114,0.29228076338768005,0.0488845594227314,0.9176825231721266,0.1467435210943222,,,,0.24107947945594788,,,,,,,,,,,,,,0.4793776273727417,,,,,,,,,,,,,,,,,,
scenario,validation,44,solar_midday,12,,3660,0.7823195574817641,0.47454097867012024,-0.047694217413663864,0.7160319462992639,0.290375292301178,,,,0.6352959275245667,,,,,,,,,,,,,,0.2682061493396759,,,,,,,,,,,,,,,,,,
scenario,validation,44,solar_evening,12,,3660,0.33994249027542905,0.16826334595680237,0.028365271165966988,0.9177150106583882,0.1000448688864708,,,,0.11995506286621094,,,,,,,,,,,,,,0.5910314321517944,,,,,,,,,,,,,,,,,,
scenario,validation,44,power_low,12,,8770,0.07348192398206384,0.04665850102901459,0.024699589237570763,0.32870646429690564,0.016408869996666908,,,,0.013430346734821796,,,,,,,,,,,,,,4.58962869644165,,,,,,,,,,,,,,,,,,
scenario,validation,44,power_mid,12,,3064,0.530618994086866,0.3142988085746765,0.029667826369404793,0.6818105195973005,0.15273788571357727,,,,0.24467013776302338,,,,,,,,,,,,,,0.5200081467628479,,,,,,,,,,,,,,,,,,
scenario,validation,44,power_high,12,,5651,0.6803722659183467,0.4042043089866638,-0.00215138029307127,0.7705235332859836,0.2543490529060364,,,,0.7418995499610901,,,,,,,,,,,,,,0.32533568143844604,,,,,,,,,,,,,,,,,,
direction_error,validation,44,rise_predicted_down,all12_steps,,209820,,,,,,,,,,,,,,,,,,,,,,,,6086,0.029005814507673245,0.0363999605178833,,,,,,,,,,,,,,,
direction_error,validation,44,fall_predicted_up,all12_steps,,209820,,,,,,,,,,,,,,,,,,,,,,,,7186,0.03424840339338481,0.0363999605178833,,,,,,,,,,,,,,,
direction_error,validation,44,true_change_predicted_flat,all12_steps,,209820,,,,,,,,,,,,,,,,,,,,,,,,17546,0.08362405871699552,0.0363999605178833,,,,,,,,,,,,,,,
direction_error,validation,44,true_flat_predicted_change,all12_steps,,209820,,,,,,,,,,,,,,,,,,,,,,,,18562,0.08846630445143457,0.0363999605178833,,,,,,,,,,,,,,,
artifact_check,validation,44,complete_split,12,,17485,,,,,,,,,,,,,,,,,,,,,,,,,,,"(17485, 12)",True,True,17,0.44905948638916016,1.418499231338501,1.9549015760421753,nan,C:\Users\Zhujiangkun-Yohkoh\Desktop\光伏项目_最新\PVforecast16\GFNODE_experiments\asoc_multirate_information_screen\results\MEAN_ONLY\44\best_validation.pt,,,,,,
lead_time,test,44,full_timeline,1,,17401,0.3514917726367804,0.16659745573997498,-0.003505552653223276,0.9629603207682242,0.16659745573997498,0.9713501930236816,0.9913522601127625,0.35722084937647264,0.04278363659977913,,,,,,,,,,,,,,,,,,,,,,,,,,,,,,,,
lead_time,test,44,full_timeline,2,,17401,0.4175422310456891,0.19074596464633942,0.0030164155177772045,0.9477329990067923,0.13128483295440674,0.9715364575386047,0.358447402715683,0.36095626688121374,0.06037375330924988,,,,,,,,,,,,,,,,,,,,,,,,,,,,,,,,
lead_time,test,44,full_timeline,3,,17401,0.44691925296548424,0.2058626413345337,0.005282885394990444,0.9401212669453959,0.12968137860298157,0.9659404754638672,0.3409872055053711,0.36635825527268545,0.06916803866624832,,,,,,,,,,,,,,,,,,,,,,,,,,,,,,,,
lead_time,test,44,full_timeline,4,,17401,0.4676144036900149,0.21544304490089417,0.017536498606204987,0.9344490136188945,0.14030902087688446,0.9852396249771118,0.3963719308376312,0.36561117177173724,0.07572218030691147,,,,,,,,,,,,,,,,,,,,,,,,,,,,,,,,
lead_time,test,44,full_timeline,5,,17401,0.4834730302691347,0.22981631755828857,0.014616950415074825,0.9299249649896962,0.13365773856639862,0.9775421023368835,0.3562711775302887,0.37630021263145796,0.08094534277915955,,,,,,,,,,,,,,,,,,,,,,,,,,,,,,,,
lead_time,test,44,full_timeline,6,,17401,0.4958645148316669,0.23276767134666443,0.017183817923069,0.9262701479850197,0.12977127730846405,0.9777897000312805,0.28905996680259705,0.3523935406011149,0.08514779806137085,,,,,,,,,,,,,,,,,,,,,,,,,,,,,,,,
lead_time,test,44,full_timeline,7,,17401,0.5051823212786327,0.24234497547149658,0.01997886225581169,0.9234471620575813,0.1324535757303238,0.9710856676101685,0.32386961579322815,0.3816447330613183,0.08837789297103882,,,,,,,,,,,,,,,,,,,,,,,,,,,,,,,,
lead_time,test,44,full_timeline,8,,17401,0.516032578033178,0.2489408552646637,0.023832062259316444,0.9201000493384771,0.12763041257858276,0.9734326004981995,0.2456849366426468,0.37635768059306934,0.09221500158309937,,,,,,,,,,,,,,,,,,,,,,,,,,,,,,,,
lead_time,test,44,full_timeline,9,,17401,0.52729203712373,0.25757455825805664,0.01583794504404068,0.9165534953971515,0.13368798792362213,0.9628623723983765,0.293475866317749,0.3217631170622378,0.09628304094076157,,,,,,,,,,,,,,,,,,,,,,,,,,,,,,,,
lead_time,test,44,full_timeline,10,,17401,0.537259445032852,0.26501303911209106,0.01147415116429329,0.9133485726123194,0.13182395696640015,0.9669928550720215,0.3623630106449127,0.39641399919544856,0.09995751827955246,,,,,,,,,,,,,,,,,,,,,,,,,,,,,,,,
lead_time,test,44,full_timeline,11,,17401,0.5452914335012745,0.27386030554771423,0.018843404948711395,0.9107188246798863,0.13033580780029297,0.969362735748291,0.2683464288711548,0.3808401815987587,0.10296857357025146,,,,,,,,,,,,,,,,,,,,,,,,,,,,,,,,
lead_time,test,44,full_timeline,12,,17401,0.5534092587589495,0.2856694459915161,0.027783138677477837,0.9080214978834624,0.13250933587551117,0.9698328971862793,0.27790650725364685,0.3668754669271881,0.10605721175670624,,,,,,,,,,,,,,,,,,,,,,,,,,,,,,,,
failure_type,test,44,all_windows,12,,17401,,,,,,,,,,0.014323382638394833,-0.16025519371032715,0.48650243878364563,0.1718806028366089,1.5884896516799927,0.596404492855072,0.37545379996299744,0.4179309606552124,3,0.7282914775012931,0.2754724323749542,0.22308127582073212,0.052391134202480316,,,,,,,,,,,,,,,,,,,
scenario,test,44,full_timeline,12,,17401,0.49055273046156467,0.2345530092716217,0.014323383569717407,0.9278125714650507,0.13497856259346008,,,,1.0,,,,,,,,,,,,,,0.37545379996299744,,,,,,,,,,,,,,,,,,
scenario,test,44,daylight,12,,9655,0.6574004171476906,0.3948676586151123,0.0111289257183671,0.8751399640669605,0.23159578442573547,,,,0.9964755177497864,,,,,,,,,,,,,,0.32679587602615356,,,,,,,,,,,,,,,,,,
scenario,test,44,sunrise,12,,2875,0.42022669175076577,0.2291761040687561,-0.010615786537528038,0.8917877299476134,0.1031116247177124,,,,0.12124378979206085,,,,,,,,,,,,,,0.560213565826416,,,,,,,,,,,,,,,,,,
scenario,test,44,sunset,12,,2928,0.26839754535569527,0.15229491889476776,0.03466535359621048,0.837492748814417,0.07874277234077454,,,,0.05037122964859009,,,,,,,,,,,,,,0.7415729761123657,,,,,,,,,,,,,,,,,,
scenario,test,44,stable_low_change,12,,7229,0.041867586954698714,0.033491481095552444,0.018593179062008858,nan,0.013969363644719124,,,,0.0030261361971497536,,,,,,,,,,,,,,1211814150930432.0,,,,,,,,,,,,,,,,,,
scenario,test,44,medium_change,12,,2806,0.12572303662872966,0.08605005592107773,0.0009827535832300782,0.9974574052347305,0.03652656078338623,,,,0.010591848753392696,,,,,,,,,,,,,,1.490064024925232,,,,,,,,,,,,,,,,,,
scenario,test,44,high_change,12,,7366,0.748823594311941,0.4884456396102905,0.015214969404041767,0.7795740522354928,0.2912413477897644,,,,0.986382007598877,,,,,,,,,,,,,,0.2918679118156433,,,,,,,,,,,,,,,,,,
scenario,test,44,past_irradiance_volatility_low,12,,7340,0.04480236420348982,0.03527309000492096,0.02073059417307377,-3.96849185602942,0.014175096526741982,,,,0.0035184575244784355,,,,,,,,,,,,,,29.801782608032227,,,,,,,,,,,,,,,,,,
scenario,test,44,past_irradiance_volatility_high,12,,10061,0.6440014829426034,0.37993764877319336,0.009649001061916351,0.8830695406028188,0.22311070561408997,,,,0.9964815974235535,,,,,,,,,,,,,,0.33134207129478455,,,,,,,,,,,,,,,,,,
scenario,test,44,input_hf_partly_missing,12,,2782,0.5004490087964505,0.24581901729106903,0.018155328929424286,0.920314844253171,0.14334969222545624,,,,0.1663915067911148,,,,,,,,,,,,,,0.36337241530418396,,,,,,,,,,,,,,,,,,
scenario,test,44,input_hf_complete,12,,14619,0.48864677480610863,0.23240908980369568,0.013594161719083786,0.9291372716823463,0.1333855390548706,,,,0.8336085081100464,,,,,,,,,,,,,,0.3779391944408417,,,,,,,,,,,,,,,,,,
scenario,test,44,month_11,12,,8569,0.4602697514186727,0.2107725888490677,0.0017900242237374187,0.9418822293316712,0.12316716462373734,,,,0.43352028727531433,,,,,,,,,,,,,,0.4058597683906555,,,,,,,,,,,,,,,,,,
scenario,test,44,month_12,12,,8832,0.5182454252008921,0.2576253414154053,0.02648351900279522,0.9112413863094184,0.14643825590610504,,,,0.5664797425270081,,,,,,,,,,,,,,0.35025158524513245,,,,,,,,,,,,,,,,,,
scenario,test,44,solar_night,12,,6516,0.04055850571693831,0.03265763074159622,0.019796285778284073,-1886509.7751468872,0.013110937550663948,,,,0.0025597605854272842,,,,,,,,,,,,,,68497.765625,,,,,,,,,,,,,,,,,,
scenario,test,44,solar_morning,12,,3595,0.48855438222652176,0.27186834812164307,-0.006141392979770899,0.9046311142559811,0.1364615559577942,,,,0.2049175351858139,,,,,,,,,,,,,,0.45954564213752747,,,,,,,,,,,,,,,,,,
scenario,test,44,solar_midday,12,,3630,0.8789571450650312,0.5822300314903259,-0.011143534444272518,0.6696468081066228,0.36201727390289307,,,,0.6697248816490173,,,,,,,,,,,,,,0.22034084796905518,,,,,,,,,,,,,,,,,,
scenario,test,44,solar_evening,12,,3660,0.3748242045653925,0.21251316368579865,0.049939319491386414,0.87606759284743,0.12530849874019623,,,,0.12279784679412842,,,,,,,,,,,,,,0.520531952381134,,,,,,,,,,,,,,,,,,
scenario,test,44,power_low,12,,7982,0.0542377923188582,0.037831421941518784,0.017529340460896492,-0.41168619916590043,0.015099077485501766,,,,0.005607510916888714,,,,,,,,,,,,,,7.559695243835449,,,,,,,,,,,,,,,,,,
scenario,test,44,power_mid,12,,4016,0.4841330908619541,0.274320125579834,-0.03831891715526581,0.6938221597743406,0.12869498133659363,,,,0.22479033470153809,,,,,,,,,,,,,,0.5343472957611084,,,,,,,,,,,,,,,,,,
scenario,test,44,power_high,12,,5403,0.7723043213074983,0.49561673402786255,0.04871566966176033,0.7070038494553619,0.31675034761428833,,,,0.7696021795272827,,,,,,,,,,,,,,0.26672741770744324,,,,,,,,,,,,,,,,,,
direction_error,test,44,rise_predicted_down,all12_steps,,208812,,,,,,,,,,,,,,,,,,,,,,,,8272,0.03961458153745953,0.0363999605178833,,,,,,,,,,,,,,,
direction_error,test,44,fall_predicted_up,all12_steps,,208812,,,,,,,,,,,,,,,,,,,,,,,,8883,0.04254065858284007,0.0363999605178833,,,,,,,,,,,,,,,
direction_error,test,44,true_change_predicted_flat,all12_steps,,208812,,,,,,,,,,,,,,,,,,,,,,,,23072,0.11049173419152156,0.0363999605178833,,,,,,,,,,,,,,,
direction_error,test,44,true_flat_predicted_change,all12_steps,,208812,,,,,,,,,,,,,,,,,,,,,,,,17821,0.0853447119897324,0.0363999605178833,,,,,,,,,,,,,,,
artifact_check,test,44,complete_split,12,,17401,,,,,,,,,,,,,,,,,,,,,,,,,,,"(17401, 12)",True,True,17,0.44905948638916016,1.418499231338501,1.9549015760421753,1.9073486328125e-06,C:\Users\Zhujiangkun-Yohkoh\Desktop\光伏项目_最新\PVforecast16\GFNODE_experiments\asoc_multirate_information_screen\results\MEAN_ONLY\44\best_validation.pt,,,,,,
error_predictability,train_validation,42,current_power,12,,17485,,,,,,,,,,,,,,,,,,,,,,,,,,,,,,,,,,,,0.7196437803016794,0.7500058559578733,True,,,
error_predictability,train_validation,42,recent_power_slope_6,12,,17485,,,,,,,,,,,,,,,,,,,,,,,,,,,,,,,,,,,,0.08602284366920915,0.0657648177377667,True,,,
error_predictability,train_validation,42,recent_power_range_6,12,,17485,,,,,,,,,,,,,,,,,,,,,,,,,,,,,,,,,,,,0.7738030041576804,0.8214042932163618,True,,,
error_predictability,train_validation,42,MB0_mean,12,,17485,,,,,,,,,,,,,,,,,,,,,,,,,,,,,,,,,,,,0.742272600363387,0.7699511153913152,True,,,
error_predictability,train_validation,42,MB1_mean,12,,17485,,,,,,,,,,,,,,,,,,,,,,,,,,,,,,,,,,,,0.7400150422446135,0.7681999696256704,True,,,
error_predictability,train_validation,42,MB2_mean,12,,17485,,,,,,,,,,,,,,,,,,,,,,,,,,,,,,,,,,,,0.6283088455786917,0.6111207190930238,True,,,
error_predictability,train_validation,42,irradiance_std_mean,12,,17485,,,,,,,,,,,,,,,,,,,,,,,,,,,,,,,,,,,,0.8010088301564794,0.8439861830774043,True,,,
error_predictability,train_validation,42,tod_sin,12,,17485,,,,,,,,,,,,,,,,,,,,,,,,,,,,,,,,,,,,-0.1252889600737751,-0.015717391182697864,True,,,
error_predictability,train_validation,42,tod_cos,12,,17485,,,,,,,,,,,,,,,,,,,,,,,,,,,,,,,,,,,,-0.7503795568979844,-0.8069403691535966,True,,,
error_predictability,train_validation,42,doy_sin,12,,17485,,,,,,,,,,,,,,,,,,,,,,,,,,,,,,,,,,,,-0.07067396773244776,0.031529562814785396,True,,,
error_predictability,train_validation,42,doy_cos,12,,17485,,,,,,,,,,,,,,,,,,,,,,,,,,,,,,,,,,,,-0.0395372013882045,0.05269676723492094,True,,,
error_predictability,train_validation,42,minimum_valid_fraction,12,,17485,,,,,,,,,,,,,,,,,,,,,,,,,,,,,,,,,,,,-0.014651399998681333,-0.006935422193312307,True,,,
error_predictability,train_validation,42,recent_missing_fraction,12,,17485,,,,,,,,,,,,,,,,,,,,,,,,,,,,,,,,,,,,0.029780756364094302,0.03292402040174203,True,,,
error_predictability_model,train_to_validation,42,fixed_hist_gradient_boosting_explainer,12,,17485,,,,,,,,,,,,,,,,,,,,,,,,,,,,,,,,,,,,,,True,0.6918201289060947,0.10581692861078092,0.20086213946342468
error_predictability,train_validation,43,current_power,12,,17485,,,,,,,,,,,,,,,,,,,,,,,,,,,,,,,,,,,,0.5382079442557427,0.6879100569933015,True,,,
error_predictability,train_validation,43,recent_power_slope_6,12,,17485,,,,,,,,,,,,,,,,,,,,,,,,,,,,,,,,,,,,0.1594444733316906,0.07624644054005295,True,,,
error_predictability,train_validation,43,recent_power_range_6,12,,17485,,,,,,,,,,,,,,,,,,,,,,,,,,,,,,,,,,,,0.6130917653980984,0.7804566649326146,True,,,
error_predictability,train_validation,43,MB0_mean,12,,17485,,,,,,,,,,,,,,,,,,,,,,,,,,,,,,,,,,,,0.5644269133960336,0.7088856216627082,True,,,
error_predictability,train_validation,43,MB1_mean,12,,17485,,,,,,,,,,,,,,,,,,,,,,,,,,,,,,,,,,,,0.5562582644808405,0.7057870478207128,True,,,
error_predictability,train_validation,43,MB2_mean,12,,17485,,,,,,,,,,,,,,,,,,,,,,,,,,,,,,,,,,,,0.45141473883316785,0.5427065481088005,True,,,
error_predictability,train_validation,43,irradiance_std_mean,12,,17485,,,,,,,,,,,,,,,,,,,,,,,,,,,,,,,,,,,,0.6643950246536605,0.8053962779338995,True,,,
error_predictability,train_validation,43,tod_sin,12,,17485,,,,,,,,,,,,,,,,,,,,,,,,,,,,,,,,,,,,0.0741849306423121,0.06571760657023452,True,,,
error_predictability,train_validation,43,tod_cos,12,,17485,,,,,,,,,,,,,,,,,,,,,,,,,,,,,,,,,,,,-0.6043672761880843,-0.7783712678845467,True,,,
error_predictability,train_validation,43,doy_sin,12,,17485,,,,,,,,,,,,,,,,,,,,,,,,,,,,,,,,,,,,0.030795613210497036,0.0157100698641686,True,,,
error_predictability,train_validation,43,doy_cos,12,,17485,,,,,,,,,,,,,,,,,,,,,,,,,,,,,,,,,,,,0.0426341512674107,-0.023330584937944997,True,,,
error_predictability,train_validation,43,minimum_valid_fraction,12,,17485,,,,,,,,,,,,,,,,,,,,,,,,,,,,,,,,,,,,-0.020729248268004204,-0.0013758976162358087,True,,,
error_predictability,train_validation,43,recent_missing_fraction,12,,17485,,,,,,,,,,,,,,,,,,,,,,,,,,,,,,,,,,,,0.04679996626283109,0.008349616011953519,True,,,
error_predictability_model,train_to_validation,43,fixed_hist_gradient_boosting_explainer,12,,17485,,,,,,,,,,,,,,,,,,,,,,,,,,,,,,,,,,,,,,True,0.7088723755562505,0.10518153383667998,0.19976520538330078
error_predictability,train_validation,44,current_power,12,,17485,,,,,,,,,,,,,,,,,,,,,,,,,,,,,,,,,,,,0.5887345835029085,0.6809624212569487,True,,,
error_predictability,train_validation,44,recent_power_slope_6,12,,17485,,,,,,,,,,,,,,,,,,,,,,,,,,,,,,,,,,,,0.15349530321902274,0.11415967224597141,True,,,
error_predictability,train_validation,44,recent_power_range_6,12,,17485,,,,,,,,,,,,,,,,,,,,,,,,,,,,,,,,,,,,0.6472565069502063,0.7769899473918416,True,,,
error_predictability,train_validation,44,MB0_mean,12,,17485,,,,,,,,,,,,,,,,,,,,,,,,,,,,,,,,,,,,0.6215181287780093,0.7006921510106005,True,,,
error_predictability,train_validation,44,MB1_mean,12,,17485,,,,,,,,,,,,,,,,,,,,,,,,,,,,,,,,,,,,0.6082605808670577,0.697690348835497,True,,,
error_predictability,train_validation,44,MB2_mean,12,,17485,,,,,,,,,,,,,,,,,,,,,,,,,,,,,,,,,,,,0.506000154825375,0.5392035394520226,True,,,
error_predictability,train_validation,44,irradiance_std_mean,12,,17485,,,,,,,,,,,,,,,,,,,,,,,,,,,,,,,,,,,,0.6970322427063536,0.7968466570621368,True,,,
error_predictability,train_validation,44,tod_sin,12,,17485,,,,,,,,,,,,,,,,,,,,,,,,,,,,,,,,,,,,0.28728176361453417,0.22160486886976852,True,,,
error_predictability,train_validation,44,tod_cos,12,,17485,,,,,,,,,,,,,,,,,,,,,,,,,,,,,,,,,,,,-0.6888371734018492,-0.7870342666558974,True,,,
error_predictability,train_validation,44,doy_sin,12,,17485,,,,,,,,,,,,,,,,,,,,,,,,,,,,,,,,,,,,0.014416970189559623,-4.5116178086302425e-05,True,,,
error_predictability,train_validation,44,doy_cos,12,,17485,,,,,,,,,,,,,,,,,,,,,,,,,,,,,,,,,,,,0.05824831466211283,0.04548819862743653,True,,,
error_predictability,train_validation,44,minimum_valid_fraction,12,,17485,,,,,,,,,,,,,,,,,,,,,,,,,,,,,,,,,,,,-0.0206355198711017,-0.023542074505470606,True,,,
error_predictability,train_validation,44,recent_missing_fraction,12,,17485,,,,,,,,,,,,,,,,,,,,,,,,,,,,,,,,,,,,0.0406557157798668,0.0413417248033451,True,,,
error_predictability_model,train_to_validation,44,fixed_hist_gradient_boosting_explainer,12,,17485,,,,,,,,,,,,,,,,,,,,,,,,,,,,,,,,,,,,,,True,0.7089078171111074,0.10189935105837518,0.20211121439933777
