"claim","status","paper_location","code_evidence","result_evidence","missing/conflict","recommended_modification","rerun"
"Neural ODE suppresses error accumulation","UNSUPPORTED","4_Experiments_and_Results_Analysis.md:69,125,190,227","Autonomous H-specific ODE; no direct error-growth metric: gfnode_solo_benchmark.py:272-278,385-395","Table10 H144 source absent; Fig12 synthetic","No matched recursive/error-growth control","Remove causal wording or rerun matched leakage-free ablation","YES"
"Continuous-time dynamics improve temporal consistency","UNSUPPORTED","4_Experiments_and_Results_Analysis.md:69,125,227","t unused: gfnode_solo_benchmark.py:272-278","No continuity/irregular-time metric","Formulation alone is not evidence","Remove or add predefined consistency evaluation","YES"
"Arbitrary temporal resolution without retraining","UNSUPPORTED","4_Experiments_and_Results_Analysis.md:232","H-specific t_grid/head/checkpoint: gfnode_solo_benchmark.py:368-395,605-657","No variable-time test","No API/checkpoint experiment for untrained times","Delete; state configured-H outputs only","YES if retained"
"Generalizes across PV technologies","PARTIALLY_SUPPORTED","4_Experiments_and_Results_Analysis.md:116-123","Independent training each dataset×H: gfnode_solo_benchmark.py:590-639","Three technologies, same site; raw table irreproducible","Not cross-site/zero-shot transfer","Narrow to within-site independently trained robustness","YES"
"Seasonal representations transfer without retraining","CONTRADICTED","4_Experiments_and_Results_Analysis.md:158-160,232","New model trained per season/H: seasonal_robustness_experiment.py:157-216","Autumn checkpoints and CSV conflict paper","Direct contradiction","Withdraw unless frozen spring→autumn test is run","YES"
"Outperforms six SOTA models","UNSUPPORTED","4_Experiments_and_Results_Analysis.md:186-190","Test used as val/LR selector: fair_sota_comparison.py:1063-1122","Table13 no unified raw run","No SD/CI; within-one-SD phrase has no SD output","Rerun shared clean protocol; report mean±CI","YES"
"Vector-field convergence confirms stable latent dynamics","CONTRADICTED","4_Experiments_and_Results_Analysis.md:125","Random PCA/Euler and omitted residual: fig_neural_ode_analysis.py:72-84,119-160","No observed latent states","Not a real trajectory stability test","Remove or regenerate from held-out latent states/correct f","YES"
"Suitable for operational deployment","PARTIALLY_SUPPORTED","4_Experiments_and_Results_Analysis.md:229-236","Random-weight profiling H48/B1: computational_profiling.py:4-6,31-36,115-141","42.88ms old CSV conflicts 106.37ms paper","No hardware/software/end-to-end profile","Downgrade to future feasibility; reprofile with manifest/percentiles","YES"

