section,task,scope,horizon,model,seed,n,positive_count,prevalence,auroc,auprc,brier,spearman_abs_change,f1_at_0_5,precision_at_0_5,recall_at_0_5,ece_10bin
prevalence,ramp_step,train_full_timeline,all12,LABELS,,802104,80214,0.1000044881960444,1.0,1.0,0.0,0.5603990188244405,nan,nan,nan,nan
prevalence,ramp_step,train_daylight,all12,LABELS,,363903,80178,0.22032794453466994,1.0,1.0,0.0,0.7178792562585973,nan,nan,nan,nan
prevalence,ramp_step,train_full_timeline,1,LABELS,,66842,6688,0.10005685048322911,1.0,1.0,0.0,0.5605254565900651,nan,nan,nan,nan
prevalence,ramp_step,train_full_timeline,2,LABELS,,66842,6687,0.10004188982974777,1.0,1.0,0.0,0.5604842603651098,nan,nan,nan,nan
prevalence,ramp_step,train_full_timeline,3,LABELS,,66842,6686,0.10002692917626642,1.0,1.0,0.0,0.5604430611066672,nan,nan,nan,nan
prevalence,ramp_step,train_full_timeline,4,LABELS,,66842,6685,0.10001196852278507,1.0,1.0,0.0,0.5604058057335858,nan,nan,nan,nan
prevalence,ramp_step,train_full_timeline,5,LABELS,,66842,6684,0.09999700786930373,1.0,1.0,0.0,0.5603724934575712,nan,nan,nan,nan
prevalence,ramp_step,train_full_timeline,6,LABELS,,66842,6684,0.09999700786930373,1.0,1.0,0.0,0.5603764407360984,nan,nan,nan,nan
prevalence,ramp_step,train_full_timeline,7,LABELS,,66842,6684,0.09999700786930373,1.0,1.0,0.0,0.5603803883252884,nan,nan,nan,nan
prevalence,ramp_step,train_full_timeline,8,LABELS,,66842,6683,0.09998204721582239,1.0,1.0,0.0,0.5603470720601955,nan,nan,nan,nan
prevalence,ramp_step,train_full_timeline,9,LABELS,,66842,6682,0.09996708656234105,1.0,1.0,0.0,0.5603137517086448,nan,nan,nan,nan
prevalence,ramp_step,train_full_timeline,10,LABELS,,66842,6683,0.09998204721582239,1.0,1.0,0.0,0.5603549682674894,nan,nan,nan,nan
prevalence,ramp_step,train_full_timeline,11,LABELS,,66842,6684,0.09999700786930373,1.0,1.0,0.0,0.5603922329577031,nan,nan,nan,nan
prevalence,ramp_step,train_full_timeline,12,LABELS,,66842,6684,0.09999700786930373,1.0,1.0,0.0,0.5603922329577883,nan,nan,nan,nan
prevalence,ramp_onset,train_full_timeline,all12,LABELS,,802104,26409,0.03292465814906795,1.0,1.0,0.0,0.3039489261557718,nan,nan,nan,nan
prevalence,ramp_onset,train_daylight,all12,LABELS,,363903,26409,0.072571536920553,1.0,1.0,0.0,0.3583924003376254,nan,nan,nan,nan
prevalence,ramp_onset,train_full_timeline,1,LABELS,,66842,2200,0.03291343765895694,1.0,1.0,0.0,0.30386348434396915,nan,nan,nan,nan
prevalence,ramp_onset,train_full_timeline,2,LABELS,,66842,2200,0.03291343765895694,1.0,1.0,0.0,0.3038648496368593,nan,nan,nan,nan
prevalence,ramp_onset,train_full_timeline,3,LABELS,,66842,2200,0.03291343765895694,1.0,1.0,0.0,0.30387160947708175,nan,nan,nan,nan
prevalence,ramp_onset,train_full_timeline,4,LABELS,,66842,2200,0.03291343765895694,1.0,1.0,0.0,0.30387720543491314,nan,nan,nan,nan
prevalence,ramp_onset,train_full_timeline,5,LABELS,,66842,2200,0.03291343765895694,1.0,1.0,0.0,0.3038877304226416,nan,nan,nan,nan
prevalence,ramp_onset,train_full_timeline,6,LABELS,,66842,2201,0.03292839831243829,1.0,1.0,0.0,0.3039634448844901,nan,nan,nan,nan
prevalence,ramp_onset,train_full_timeline,7,LABELS,,66842,2201,0.03292839831243829,1.0,1.0,0.0,0.3039710638671852,nan,nan,nan,nan
prevalence,ramp_onset,train_full_timeline,8,LABELS,,66842,2201,0.03292839831243829,1.0,1.0,0.0,0.30398196318027654,nan,nan,nan,nan
prevalence,ramp_onset,train_full_timeline,9,LABELS,,66842,2201,0.03292839831243829,1.0,1.0,0.0,0.3039911477575916,nan,nan,nan,nan
prevalence,ramp_onset,train_full_timeline,10,LABELS,,66842,2202,0.03294335896591963,1.0,1.0,0.0,0.3040714319451448,nan,nan,nan,nan
prevalence,ramp_onset,train_full_timeline,11,LABELS,,66842,2202,0.03294335896591963,1.0,1.0,0.0,0.30406197787072897,nan,nan,nan,nan
prevalence,ramp_onset,train_full_timeline,12,LABELS,,66842,2201,0.03292839831243829,1.0,1.0,0.0,0.3039811860103519,nan,nan,nan,nan
prevalence,ramp_step,validation_full_timeline,all12,LABELS,,209820,29568,0.14092078924792678,1.0,1.0,0.0,0.6428189141349451,nan,nan,nan,nan
prevalence,ramp_step,validation_daylight,all12,LABELS,,99960,29556,0.2956782713085234,1.0,1.0,0.0,0.7904162872943622,nan,nan,nan,nan
prevalence,ramp_step,validation_full_timeline,1,LABELS,,17485,2464,0.14092078924792678,1.0,1.0,0.0,0.642818914134945,nan,nan,nan,nan
prevalence,ramp_step,validation_full_timeline,2,LABELS,,17485,2464,0.14092078924792678,1.0,1.0,0.0,0.642818914134945,nan,nan,nan,nan
prevalence,ramp_step,validation_full_timeline,3,LABELS,,17485,2464,0.14092078924792678,1.0,1.0,0.0,0.642818914134945,nan,nan,nan,nan
prevalence,ramp_step,validation_full_timeline,4,LABELS,,17485,2464,0.14092078924792678,1.0,1.0,0.0,0.642818914134945,nan,nan,nan,nan
prevalence,ramp_step,validation_full_timeline,5,LABELS,,17485,2464,0.14092078924792678,1.0,1.0,0.0,0.642818914134945,nan,nan,nan,nan
prevalence,ramp_step,validation_full_timeline,6,LABELS,,17485,2464,0.14092078924792678,1.0,1.0,0.0,0.642818914134945,nan,nan,nan,nan
prevalence,ramp_step,validation_full_timeline,7,LABELS,,17485,2464,0.14092078924792678,1.0,1.0,0.0,0.642818914134945,nan,nan,nan,nan
prevalence,ramp_step,validation_full_timeline,8,LABELS,,17485,2464,0.14092078924792678,1.0,1.0,0.0,0.642818914134945,nan,nan,nan,nan
prevalence,ramp_step,validation_full_timeline,9,LABELS,,17485,2464,0.14092078924792678,1.0,1.0,0.0,0.642818914134945,nan,nan,nan,nan
prevalence,ramp_step,validation_full_timeline,10,LABELS,,17485,2464,0.14092078924792678,1.0,1.0,0.0,0.642818914134945,nan,nan,nan,nan
prevalence,ramp_step,validation_full_timeline,11,LABELS,,17485,2464,0.14092078924792678,1.0,1.0,0.0,0.642818914134945,nan,nan,nan,nan
prevalence,ramp_step,validation_full_timeline,12,LABELS,,17485,2464,0.14092078924792678,1.0,1.0,0.0,0.642818914134945,nan,nan,nan,nan
prevalence,ramp_onset,validation_full_timeline,all12,LABELS,,209820,8352,0.03980554761223906,1.0,1.0,0.0,0.3105301910177451,nan,nan,nan,nan
prevalence,ramp_onset,validation_daylight,all12,LABELS,,99960,8340,0.08343337334933974,1.0,1.0,0.0,0.3313425290960133,nan,nan,nan,nan
prevalence,ramp_onset,validation_full_timeline,1,LABELS,,17485,696,0.03980554761223906,1.0,1.0,0.0,0.3105301910177451,nan,nan,nan,nan
prevalence,ramp_onset,validation_full_timeline,2,LABELS,,17485,696,0.03980554761223906,1.0,1.0,0.0,0.3105301910177451,nan,nan,nan,nan
prevalence,ramp_onset,validation_full_timeline,3,LABELS,,17485,696,0.03980554761223906,1.0,1.0,0.0,0.3105301910177451,nan,nan,nan,nan
prevalence,ramp_onset,validation_full_timeline,4,LABELS,,17485,696,0.03980554761223906,1.0,1.0,0.0,0.3105301910177451,nan,nan,nan,nan
prevalence,ramp_onset,validation_full_timeline,5,LABELS,,17485,696,0.03980554761223906,1.0,1.0,0.0,0.3105301910177451,nan,nan,nan,nan
prevalence,ramp_onset,validation_full_timeline,6,LABELS,,17485,696,0.03980554761223906,1.0,1.0,0.0,0.3105301910177451,nan,nan,nan,nan
prevalence,ramp_onset,validation_full_timeline,7,LABELS,,17485,696,0.03980554761223906,1.0,1.0,0.0,0.3105301910177451,nan,nan,nan,nan
prevalence,ramp_onset,validation_full_timeline,8,LABELS,,17485,696,0.03980554761223906,1.0,1.0,0.0,0.3105301910177451,nan,nan,nan,nan
prevalence,ramp_onset,validation_full_timeline,9,LABELS,,17485,696,0.03980554761223906,1.0,1.0,0.0,0.3105301910177451,nan,nan,nan,nan
prevalence,ramp_onset,validation_full_timeline,10,LABELS,,17485,696,0.03980554761223906,1.0,1.0,0.0,0.3105301910177451,nan,nan,nan,nan
prevalence,ramp_onset,validation_full_timeline,11,LABELS,,17485,696,0.03980554761223906,1.0,1.0,0.0,0.3105301910177451,nan,nan,nan,nan
prevalence,ramp_onset,validation_full_timeline,12,LABELS,,17485,696,0.03980554761223906,1.0,1.0,0.0,0.3105301910177451,nan,nan,nan,nan
prevalence,ramp_step,test_full_timeline,all12,LABELS,,208812,36486,0.1747313372794667,1.0,1.0,0.0,0.6908369831297324,nan,nan,nan,nan
prevalence,ramp_step,test_daylight,all12,LABELS,,107560,36486,0.3392153216809223,1.0,1.0,0.0,0.8200273614693733,nan,nan,nan,nan
prevalence,ramp_step,test_full_timeline,1,LABELS,,17401,3046,0.1750474110683294,1.0,1.0,0.0,0.6912377396745907,nan,nan,nan,nan
prevalence,ramp_step,test_full_timeline,2,LABELS,,17401,3045,0.174989943106718,1.0,1.0,0.0,0.6911618580640624,nan,nan,nan,nan
prevalence,ramp_step,test_full_timeline,3,LABELS,,17401,3044,0.1749324751451066,1.0,1.0,0.0,0.691085949794911,nan,nan,nan,nan
prevalence,ramp_step,test_full_timeline,4,LABELS,,17401,3043,0.1748750071834952,1.0,1.0,0.0,0.6910235460120514,nan,nan,nan,nan
prevalence,ramp_step,test_full_timeline,5,LABELS,,17401,3042,0.1748175392218838,1.0,1.0,0.0,0.6909475869160118,nan,nan,nan,nan
prevalence,ramp_step,test_full_timeline,6,LABELS,,17401,3041,0.1747600712602724,1.0,1.0,0.0,0.6908716011298839,nan,nan,nan,nan
prevalence,ramp_step,test_full_timeline,7,LABELS,,17401,3040,0.174702603298661,1.0,1.0,0.0,0.6908091313564181,nan,nan,nan,nan
prevalence,ramp_step,test_full_timeline,8,LABELS,,17401,3039,0.1746451353370496,1.0,1.0,0.0,0.690733094539234,nan,nan,nan,nan
prevalence,ramp_step,test_full_timeline,9,LABELS,,17401,3038,0.17458766737543818,1.0,1.0,0.0,0.690657030985657,nan,nan,nan,nan
prevalence,ramp_step,test_full_timeline,10,LABELS,,17401,3037,0.1745301994138268,1.0,1.0,0.0,0.6905809406828582,nan,nan,nan,nan
prevalence,ramp_step,test_full_timeline,11,LABELS,,17401,3036,0.1744727314522154,1.0,1.0,0.0,0.6905048236179983,nan,nan,nan,nan
prevalence,ramp_step,test_full_timeline,12,LABELS,,17401,3035,0.174415263490604,1.0,1.0,0.0,0.6904286797782268,nan,nan,nan,nan
prevalence,ramp_onset,test_full_timeline,all12,LABELS,,208812,11158,0.05343562630500163,1.0,1.0,0.0,0.33920823401664707,nan,nan,nan,nan
prevalence,ramp_onset,test_daylight,all12,LABELS,,107560,11158,0.10373744886574934,1.0,1.0,0.0,0.3430297063154925,nan,nan,nan,nan
prevalence,ramp_onset,test_full_timeline,1,LABELS,,17401,930,0.05344520429860353,1.0,1.0,0.0,0.3390360020644847,nan,nan,nan,nan
prevalence,ramp_onset,test_full_timeline,2,LABELS,,17401,930,0.05344520429860353,1.0,1.0,0.0,0.33905465448174926,nan,nan,nan,nan
prevalence,ramp_onset,test_full_timeline,3,LABELS,,17401,930,0.05344520429860353,1.0,1.0,0.0,0.3390877329241612,nan,nan,nan,nan
prevalence,ramp_onset,test_full_timeline,4,LABELS,,17401,930,0.05344520429860353,1.0,1.0,0.0,0.33912115119439495,nan,nan,nan,nan
prevalence,ramp_onset,test_full_timeline,5,LABELS,,17401,930,0.05344520429860353,1.0,1.0,0.0,0.33917480637455605,nan,nan,nan,nan
prevalence,ramp_onset,test_full_timeline,6,LABELS,,17401,930,0.05344520429860353,1.0,1.0,0.0,0.3392300147838224,nan,nan,nan,nan
prevalence,ramp_onset,test_full_timeline,7,LABELS,,17401,930,0.05344520429860353,1.0,1.0,0.0,0.3392851469471018,nan,nan,nan,nan
prevalence,ramp_onset,test_full_timeline,8,LABELS,,17401,930,0.05344520429860353,1.0,1.0,0.0,0.3393213459353846,nan,nan,nan,nan
prevalence,ramp_onset,test_full_timeline,9,LABELS,,17401,930,0.05344520429860353,1.0,1.0,0.0,0.3393467555636302,nan,nan,nan,nan
prevalence,ramp_onset,test_full_timeline,10,LABELS,,17401,930,0.05344520429860353,1.0,1.0,0.0,0.33936367267628437,nan,nan,nan,nan
prevalence,ramp_onset,test_full_timeline,11,LABELS,,17401,929,0.05338773633699213,1.0,1.0,0.0,0.33923086433009314,nan,nan,nan,nan
prevalence,ramp_onset,test_full_timeline,12,LABELS,,17401,929,0.05338773633699213,1.0,1.0,0.0,0.33924666603387843,nan,nan,nan,nan
simple_baseline,ramp_step,full_timeline,all12,LAST_CHANGE,,208812,36486,0.1747313372794667,0.8832300641165151,0.6012683293116601,nan,0.8781518233306701,nan,nan,nan,nan
simple_baseline,ramp_step,daylight,all12,LAST_CHANGE,,107560,36486,0.3392153216809223,0.7336956039794145,0.6067719005078853,nan,0.46663715523820887,nan,nan,nan,nan
simple_baseline,ramp_step,sunrise_sunset_transition,all12,LAST_CHANGE,,69636,10077,0.14470963294847491,0.7668252729641194,0.41038015270907546,nan,0.68305015379736,nan,nan,nan,nan
simple_baseline,ramp_step,full_timeline,1,LAST_CHANGE,,17401,3046,0.1750474110683294,0.9193533473618154,0.7113338513987373,nan,0.9347245909057463,nan,nan,nan,nan
simple_baseline,ramp_step,full_timeline,2,LAST_CHANGE,,17401,3045,0.174989943106718,0.9034177593367071,0.665082895627972,nan,0.9178389479855741,nan,nan,nan,nan
simple_baseline,ramp_step,full_timeline,3,LAST_CHANGE,,17401,3044,0.1749324751451066,0.8963088282767283,0.6425498804490628,nan,0.9089589596492088,nan,nan,nan,nan
simple_baseline,ramp_step,full_timeline,4,LAST_CHANGE,,17401,3043,0.1748750071834952,0.8940029127933068,0.6294403177133082,nan,0.9028465782573984,nan,nan,nan,nan
simple_baseline,ramp_step,full_timeline,5,LAST_CHANGE,,17401,3042,0.1748175392218838,0.8870661586272808,0.6098385895175681,nan,0.8933727278245105,nan,nan,nan,nan
simple_baseline,ramp_step,full_timeline,6,LAST_CHANGE,,17401,3041,0.1747600712602724,0.8855034354078293,0.602130221875659,nan,0.8859304394978236,nan,nan,nan,nan
simple_baseline,ramp_step,full_timeline,7,LAST_CHANGE,,17401,3040,0.174702603298661,0.8818627248872128,0.5936382988144115,nan,0.8761202148388542,nan,nan,nan,nan
simple_baseline,ramp_step,full_timeline,8,LAST_CHANGE,,17401,3039,0.1746451353370496,0.8772559566465912,0.5811317679565005,nan,0.8662925544575023,nan,nan,nan,nan
simple_baseline,ramp_step,full_timeline,9,LAST_CHANGE,,17401,3038,0.17458766737543818,0.8702808932706317,0.5670439486280396,nan,0.8553804526911958,nan,nan,nan,nan
simple_baseline,ramp_step,full_timeline,10,LAST_CHANGE,,17401,3037,0.1745301994138268,0.867008120491475,0.558643229789259,nan,0.8447223394602309,nan,nan,nan,nan
simple_baseline,ramp_step,full_timeline,11,LAST_CHANGE,,17401,3036,0.1744727314522154,0.8616360490450593,0.5471158777066172,nan,0.832573035643394,nan,nan,nan,nan
simple_baseline,ramp_step,full_timeline,12,LAST_CHANGE,,17401,3035,0.174415263490604,0.8548789116532468,0.5282596152738792,nan,0.8190290127956293,nan,nan,nan,nan
simple_baseline,ramp_step,full_timeline,all12,RECENT_MAX_6,,208812,36486,0.1747313372794667,0.917802295200053,0.6550591611332189,nan,0.8803473177640567,nan,nan,nan,nan
simple_baseline,ramp_step,daylight,all12,RECENT_MAX_6,,107560,36486,0.3392153216809223,0.8123008367799667,0.6594098588522493,nan,0.5280591803623591,nan,nan,nan,nan
simple_baseline,ramp_step,sunrise_sunset_transition,all12,RECENT_MAX_6,,69636,10077,0.14470963294847491,0.8157077039477899,0.4593471117895965,nan,0.6511155735319263,nan,nan,nan,nan
simple_baseline,ramp_step,full_timeline,1,RECENT_MAX_6,,17401,3046,0.1750474110683294,0.9478614912683334,0.735830373833483,nan,0.9322823700947502,nan,nan,nan,nan
simple_baseline,ramp_step,full_timeline,2,RECENT_MAX_6,,17401,3045,0.174989943106718,0.9385065935368104,0.7126235825199694,nan,0.9214231946243813,nan,nan,nan,nan
simple_baseline,ramp_step,full_timeline,3,RECENT_MAX_6,,17401,3044,0.1749324751451066,0.9339225615035114,0.6980276314605638,nan,0.9137712257273105,nan,nan,nan,nan
simple_baseline,ramp_step,full_timeline,4,RECENT_MAX_6,,17401,3043,0.1748750071834952,0.9292252039383317,0.6833264157728435,nan,0.9059656665377973,nan,nan,nan,nan
simple_baseline,ramp_step,full_timeline,5,RECENT_MAX_6,,17401,3042,0.1748175392218838,0.924649905616011,0.6713653570772872,nan,0.8976983767281386,nan,nan,nan,nan
simple_baseline,ramp_step,full_timeline,6,RECENT_MAX_6,,17401,3041,0.1747600712602724,0.9198579602443486,0.6605848759973578,nan,0.8886673367384946,nan,nan,nan,nan
simple_baseline,ramp_step,full_timeline,7,RECENT_MAX_6,,17401,3040,0.174702603298661,0.9146755971032657,0.6456966064434424,nan,0.8788281119180564,nan,nan,nan,nan
simple_baseline,ramp_step,full_timeline,8,RECENT_MAX_6,,17401,3039,0.1746451353370496,0.9101930439724331,0.6358562371028648,nan,0.8684425586184864,nan,nan,nan,nan
simple_baseline,ramp_step,full_timeline,9,RECENT_MAX_6,,17401,3038,0.17458766737543818,0.9050071142767396,0.6230844246211257,nan,0.8574836139878698,nan,nan,nan,nan
simple_baseline,ramp_step,full_timeline,10,RECENT_MAX_6,,17401,3037,0.1745301994138268,0.9012421249956559,0.6132062532574705,nan,0.8458818567132906,nan,nan,nan,nan
simple_baseline,ramp_step,full_timeline,11,RECENT_MAX_6,,17401,3036,0.1744727314522154,0.8967306694878993,0.6035476190044649,nan,0.8333679333886534,nan,nan,nan,nan
simple_baseline,ramp_step,full_timeline,12,RECENT_MAX_6,,17401,3035,0.174415263490604,0.8915760051246755,0.592371439191327,nan,0.8203158188695395,nan,nan,nan,nan
simple_baseline,ramp_step,full_timeline,all12,IRRADIANCE_CHANGE,,208812,36486,0.1747313372794667,0.8874179414611465,0.5690670472611608,nan,0.8791146251317724,nan,nan,nan,nan
simple_baseline,ramp_step,daylight,all12,IRRADIANCE_CHANGE,,107560,36486,0.3392153216809223,0.7424315863172988,0.5778388487904017,nan,0.47149729815133967,nan,nan,nan,nan
simple_baseline,ramp_step,sunrise_sunset_transition,all12,IRRADIANCE_CHANGE,,69636,10077,0.14470963294847491,0.7783731280990167,0.35921296948767306,nan,0.6810139617836521,nan,nan,nan,nan
simple_baseline,ramp_step,full_timeline,1,IRRADIANCE_CHANGE,,17401,3046,0.1750474110683294,0.9236038584500106,0.6782496447586529,nan,0.9159599860492328,nan,nan,nan,nan
simple_baseline,ramp_step,full_timeline,2,IRRADIANCE_CHANGE,,17401,3045,0.174989943106718,0.9090735306430293,0.6387237822175889,nan,0.9058494454137693,nan,nan,nan,nan
simple_baseline,ramp_step,full_timeline,3,IRRADIANCE_CHANGE,,17401,3044,0.1749324751451066,0.9015891189168417,0.610001516656664,nan,0.9008548219656191,nan,nan,nan,nan
simple_baseline,ramp_step,full_timeline,4,IRRADIANCE_CHANGE,,17401,3043,0.1748750071834952,0.8984210139873312,0.5967206772112135,nan,0.898362892530459,nan,nan,nan,nan
simple_baseline,ramp_step,full_timeline,5,IRRADIANCE_CHANGE,,17401,3042,0.1748175392218838,0.891814078262406,0.5814463245723313,nan,0.8924797518214559,nan,nan,nan,nan
simple_baseline,ramp_step,full_timeline,6,IRRADIANCE_CHANGE,,17401,3041,0.1747600712602724,0.8894850575102202,0.572519899091142,nan,0.8878291683433223,nan,nan,nan,nan
simple_baseline,ramp_step,full_timeline,7,IRRADIANCE_CHANGE,,17401,3040,0.174702603298661,0.8852363537578016,0.5599563622988133,nan,0.8798509738961499,nan,nan,nan,nan
simple_baseline,ramp_step,full_timeline,8,IRRADIANCE_CHANGE,,17401,3039,0.1746451353370496,0.8796901021071335,0.5440142966277676,nan,0.8711996539154196,nan,nan,nan,nan
simple_baseline,ramp_step,full_timeline,9,IRRADIANCE_CHANGE,,17401,3038,0.17458766737543818,0.8747844323500186,0.5351008294424728,nan,0.863231095688032,nan,nan,nan,nan
simple_baseline,ramp_step,full_timeline,10,IRRADIANCE_CHANGE,,17401,3037,0.1745301994138268,0.8718443017872857,0.5275914332758705,nan,0.8545658402088098,nan,nan,nan,nan
simple_baseline,ramp_step,full_timeline,11,IRRADIANCE_CHANGE,,17401,3036,0.1744727314522154,0.8644686204345853,0.5129284089038728,nan,0.8448369507583491,nan,nan,nan,nan
simple_baseline,ramp_step,full_timeline,12,IRRADIANCE_CHANGE,,17401,3035,0.174415263490604,0.8588141023068148,0.49562658774130647,nan,0.8343502490743407,nan,nan,nan,nan
simple_baseline,ramp_step,full_timeline,all12,TIME_OF_DAY_LOGISTIC,,208812,36486,0.1747313372794667,0.8566033603129988,0.4297157266686014,0.15666170959605694,0.8232672772262668,nan,nan,nan,nan
simple_baseline,ramp_step,daylight,all12,TIME_OF_DAY_LOGISTIC,,107560,36486,0.3392153216809223,0.6534356696011362,0.4300394704688298,0.29436641722555673,0.15130486620843553,nan,nan,nan,nan
simple_baseline,ramp_step,sunrise_sunset_transition,all12,TIME_OF_DAY_LOGISTIC,,69636,10077,0.14470963294847491,0.8134862565648926,0.356040680969984,0.14833437256607862,0.7785887125706311,nan,nan,nan,nan
simple_baseline,ramp_step,full_timeline,1,TIME_OF_DAY_LOGISTIC,,17401,3046,0.1750474110683294,0.8567307553768033,0.4307802442965243,0.15674930048057675,0.8232979261612547,nan,nan,nan,nan
simple_baseline,ramp_step,full_timeline,2,TIME_OF_DAY_LOGISTIC,,17401,3045,0.174989943106718,0.8566989492158351,0.4305488004838491,0.1567368676814987,0.8232999660896445,nan,nan,nan,nan
simple_baseline,ramp_step,full_timeline,3,TIME_OF_DAY_LOGISTIC,,17401,3044,0.1749324751451066,0.8566655640652748,0.430290681662992,0.15672405608066817,0.823296217763614,nan,nan,nan,nan
simple_baseline,ramp_step,full_timeline,4,TIME_OF_DAY_LOGISTIC,,17401,3043,0.1748750071834952,0.8566305529184992,0.42998780658449937,0.1567109171934723,0.8232867211801249,nan,nan,nan,nan
simple_baseline,ramp_step,full_timeline,5,TIME_OF_DAY_LOGISTIC,,17401,3042,0.1748175392218838,0.85659386871974,0.42958529877512014,0.15669746729954284,0.8232925021766039,nan,nan,nan,nan
simple_baseline,ramp_step,full_timeline,6,TIME_OF_DAY_LOGISTIC,,17401,3041,0.1747600712602724,0.8565580062268771,0.4292397527648547,0.15668415494949892,0.8232726891788292,nan,nan,nan,nan
simple_baseline,ramp_step,full_timeline,7,TIME_OF_DAY_LOGISTIC,,17401,3040,0.174702603298661,0.8565237219589605,0.42895964216788646,0.15667067335229853,0.8232439456344738,nan,nan,nan,nan
simple_baseline,ramp_step,full_timeline,8,TIME_OF_DAY_LOGISTIC,,17401,3039,0.1746451353370496,0.8564910056834837,0.42871397675050343,0.15665616634913565,0.8232035302065567,nan,nan,nan,nan
simple_baseline,ramp_step,full_timeline,9,TIME_OF_DAY_LOGISTIC,,17401,3038,0.17458766737543818,0.856459778405279,0.42848939729927665,0.15664126611111004,0.8231943172088654,nan,nan,nan,nan
simple_baseline,ramp_step,full_timeline,10,TIME_OF_DAY_LOGISTIC,,17401,3037,0.1745301994138268,0.8564300298178953,0.42828369739543587,0.15663371531916012,0.8232093205353141,nan,nan,nan,nan
simple_baseline,ramp_step,full_timeline,11,TIME_OF_DAY_LOGISTIC,,17401,3036,0.1744727314522154,0.8565891630174534,0.42845628834034155,0.15655829731684234,0.8232585857572609,nan,nan,nan,nan
simple_baseline,ramp_step,full_timeline,12,TIME_OF_DAY_LOGISTIC,,17401,3035,0.174415263490604,0.8567446338726274,0.42861841216112834,0.1564776330188786,0.8233253990524964,nan,nan,nan,nan
simple_baseline,ramp_onset,full_timeline,all12,LAST_CHANGE,,208812,11158,0.05343562630500163,0.7779461807199199,0.12065489090979589,nan,0.8781518233306701,nan,nan,nan,nan
simple_baseline,ramp_onset,daylight,all12,LAST_CHANGE,,107560,11158,0.10373744886574934,0.5654125291772858,0.12304317796072461,nan,0.46663715523820887,nan,nan,nan,nan
simple_baseline,ramp_onset,sunrise_sunset_transition,all12,LAST_CHANGE,,69636,4306,0.06183583204089839,0.6680522459521487,0.10727339211315165,nan,0.68305015379736,nan,nan,nan,nan
simple_baseline,ramp_onset,full_timeline,1,LAST_CHANGE,,17401,930,0.05344520429860353,0.6821740785205408,0.0737923216912578,nan,0.9347245909057463,nan,nan,nan,nan
simple_baseline,ramp_onset,full_timeline,2,LAST_CHANGE,,17401,930,0.05344520429860353,0.7919789620466862,0.1263179657639139,nan,0.9178389479855741,nan,nan,nan,nan
simple_baseline,ramp_onset,full_timeline,3,LAST_CHANGE,,17401,930,0.05344520429860353,0.7986299478457738,0.13184336460422377,nan,0.9089589596492088,nan,nan,nan,nan
simple_baseline,ramp_onset,full_timeline,4,LAST_CHANGE,,17401,930,0.05344520429860353,0.8012215343617946,0.13416403559216908,nan,0.9028465782573984,nan,nan,nan,nan
simple_baseline,ramp_onset,full_timeline,5,LAST_CHANGE,,17401,930,0.05344520429860353,0.7900205509455197,0.13036787798332666,nan,0.8933727278245105,nan,nan,nan,nan
simple_baseline,ramp_onset,full_timeline,6,LAST_CHANGE,,17401,930,0.05344520429860353,0.8002296639972633,0.13595342609179895,nan,0.8859304394978236,nan,nan,nan,nan
simple_baseline,ramp_onset,full_timeline,7,LAST_CHANGE,,17401,930,0.05344520429860353,0.7937180237928767,0.13409776473087176,nan,0.8761202148388542,nan,nan,nan,nan
simple_baseline,ramp_onset,full_timeline,8,LAST_CHANGE,,17401,930,0.05344520429860353,0.7857497014955579,0.12848897060734182,nan,0.8662925544575023,nan,nan,nan,nan
simple_baseline,ramp_onset,full_timeline,9,LAST_CHANGE,,17401,930,0.05344520429860353,0.7773458466917744,0.12747699038389157,nan,0.8553804526911958,nan,nan,nan,nan
simple_baseline,ramp_onset,full_timeline,10,LAST_CHANGE,,17401,930,0.05344520429860353,0.7773031845478824,0.12803753264977052,nan,0.8447223394602309,nan,nan,nan,nan
simple_baseline,ramp_onset,full_timeline,11,LAST_CHANGE,,17401,929,0.05338773633699213,0.7701880896753521,0.12294329654928476,nan,0.832573035643394,nan,nan,nan,nan
simple_baseline,ramp_onset,full_timeline,12,LAST_CHANGE,,17401,929,0.05338773633699213,0.7667754093321296,0.12237160333355993,nan,0.8190290127956293,nan,nan,nan,nan
simple_baseline,ramp_onset,full_timeline,all12,RECENT_MAX_6,,208812,11158,0.05343562630500163,0.8126353140440975,0.13605229286689807,nan,0.8803473177640567,nan,nan,nan,nan
simple_baseline,ramp_onset,daylight,all12,RECENT_MAX_6,,107560,11158,0.10373744886574934,0.6323941793353465,0.13818204566881562,nan,0.5280591803623591,nan,nan,nan,nan
simple_baseline,ramp_onset,sunrise_sunset_transition,all12,RECENT_MAX_6,,69636,4306,0.06183583204089839,0.7145861281347781,0.12348363046964146,nan,0.6511155735319263,nan,nan,nan,nan
simple_baseline,ramp_onset,full_timeline,1,RECENT_MAX_6,,17401,930,0.05344520429860353,0.8224070588711473,0.13284872105342588,nan,0.9322823700947502,nan,nan,nan,nan
simple_baseline,ramp_onset,full_timeline,2,RECENT_MAX_6,,17401,930,0.05344520429860353,0.8279961914162591,0.14136263039952238,nan,0.9214231946243813,nan,nan,nan,nan
simple_baseline,ramp_onset,full_timeline,3,RECENT_MAX_6,,17401,930,0.05344520429860353,0.8284126940605286,0.14186778107093848,nan,0.9137712257273105,nan,nan,nan,nan
simple_baseline,ramp_onset,full_timeline,4,RECENT_MAX_6,,17401,930,0.05344520429860353,0.8251344657243783,0.14170686674119393,nan,0.9059656665377973,nan,nan,nan,nan
simple_baseline,ramp_onset,full_timeline,5,RECENT_MAX_6,,17401,930,0.05344520429860353,0.8215221213171668,0.14133506545606736,nan,0.8976983767281386,nan,nan,nan,nan
simple_baseline,ramp_onset,full_timeline,6,RECENT_MAX_6,,17401,930,0.05344520429860353,0.8164671305644395,0.13811515563207716,nan,0.8886673367384946,nan,nan,nan,nan
simple_baseline,ramp_onset,full_timeline,7,RECENT_MAX_6,,17401,930,0.05344520429860353,0.8120900337706611,0.1357725753179195,nan,0.8788281119180564,nan,nan,nan,nan
simple_baseline,ramp_onset,full_timeline,8,RECENT_MAX_6,,17401,930,0.05344520429860353,0.8083859021035995,0.13575803719766077,nan,0.8684425586184864,nan,nan,nan,nan
simple_baseline,ramp_onset,full_timeline,9,RECENT_MAX_6,,17401,930,0.05344520429860353,0.8037020426255856,0.1340327648320731,nan,0.8574836139878698,nan,nan,nan,nan
simple_baseline,ramp_onset,full_timeline,10,RECENT_MAX_6,,17401,930,0.05344520429860353,0.8005053848308169,0.133491996615686,nan,0.8458818567132906,nan,nan,nan,nan
simple_baseline,ramp_onset,full_timeline,11,RECENT_MAX_6,,17401,929,0.05338773633699213,0.7953410909389377,0.13137554217987318,nan,0.8333679333886534,nan,nan,nan,nan
simple_baseline,ramp_onset,full_timeline,12,RECENT_MAX_6,,17401,929,0.05338773633699213,0.7896187861738562,0.13002461527823272,nan,0.8203158188695395,nan,nan,nan,nan
simple_baseline,ramp_onset,full_timeline,all12,IRRADIANCE_CHANGE,,208812,11158,0.05343562630500163,0.7886780468685093,0.12329816253592663,nan,0.8791146251317724,nan,nan,nan,nan
simple_baseline,ramp_onset,daylight,all12,IRRADIANCE_CHANGE,,107560,11158,0.10373744886574934,0.5832451543811066,0.126010872012797,nan,0.47149729815133967,nan,nan,nan,nan
simple_baseline,ramp_onset,sunrise_sunset_transition,all12,IRRADIANCE_CHANGE,,69636,4306,0.06183583204089839,0.6953369381458201,0.11188945422655344,nan,0.6810139617836521,nan,nan,nan,nan
simple_baseline,ramp_onset,full_timeline,1,IRRADIANCE_CHANGE,,17401,930,0.05344520429860353,0.7275597123128759,0.084383726138743,nan,0.9159599860492328,nan,nan,nan,nan
simple_baseline,ramp_onset,full_timeline,2,IRRADIANCE_CHANGE,,17401,930,0.05344520429860353,0.7968640876143996,0.12702166109399593,nan,0.9058494454137693,nan,nan,nan,nan
simple_baseline,ramp_onset,full_timeline,3,IRRADIANCE_CHANGE,,17401,930,0.05344520429860353,0.8038296373619845,0.1297179937949562,nan,0.9008548219656191,nan,nan,nan,nan
simple_baseline,ramp_onset,full_timeline,4,IRRADIANCE_CHANGE,,17401,930,0.05344520429860353,0.8043744202093873,0.1333497449706974,nan,0.898362892530459,nan,nan,nan,nan
simple_baseline,ramp_onset,full_timeline,5,IRRADIANCE_CHANGE,,17401,930,0.05344520429860353,0.7967479499648453,0.13410338729176793,nan,0.8924797518214559,nan,nan,nan,nan
simple_baseline,ramp_onset,full_timeline,6,IRRADIANCE_CHANGE,,17401,930,0.05344520429860353,0.8061757288633068,0.1375984381944328,nan,0.8878291683433223,nan,nan,nan,nan
simple_baseline,ramp_onset,full_timeline,7,IRRADIANCE_CHANGE,,17401,930,0.05344520429860353,0.800057056945312,0.1339574768487782,nan,0.8798509738961499,nan,nan,nan,nan
simple_baseline,ramp_onset,full_timeline,8,IRRADIANCE_CHANGE,,17401,930,0.05344520429860353,0.7914162591403726,0.12755384983531098,nan,0.8711996539154196,nan,nan,nan,nan
simple_baseline,ramp_onset,full_timeline,9,IRRADIANCE_CHANGE,,17401,930,0.05344520429860353,0.7902438498945361,0.1311790228429256,nan,0.863231095688032,nan,nan,nan,nan
simple_baseline,ramp_onset,full_timeline,10,IRRADIANCE_CHANGE,,17401,930,0.05344520429860353,0.7898439942995281,0.1297830517994648,nan,0.8545658402088098,nan,nan,nan,nan
simple_baseline,ramp_onset,full_timeline,11,IRRADIANCE_CHANGE,,17401,929,0.05338773633699213,0.7781245441917679,0.12190398538800834,nan,0.8448369507583491,nan,nan,nan,nan
simple_baseline,ramp_onset,full_timeline,12,IRRADIANCE_CHANGE,,17401,929,0.05338773633699213,0.7788787026005182,0.12142833701698225,nan,0.8343502490743407,nan,nan,nan,nan
simple_baseline,ramp_onset,full_timeline,all12,TIME_OF_DAY_LOGISTIC,,208812,11158,0.05343562630500163,0.7728030026119267,0.10810896557501552,0.206533010260979,0.8238835064314269,nan,nan,nan,nan
simple_baseline,ramp_onset,daylight,all12,TIME_OF_DAY_LOGISTIC,,107560,11158,0.10373744886574934,0.535233268367804,0.10822993163516512,0.38561672695769866,0.14927645178053262,nan,nan,nan,nan
simple_baseline,ramp_onset,sunrise_sunset_transition,all12,TIME_OF_DAY_LOGISTIC,,69636,4306,0.06183583204089839,0.7283786185665415,0.1081300466041111,0.16534052547178077,0.7930272090438271,nan,nan,nan,nan
simple_baseline,ramp_onset,full_timeline,1,TIME_OF_DAY_LOGISTIC,,17401,930,0.05344520429860353,0.7724273617429918,0.10818916507548262,0.20681522472862088,0.8239164326298474,nan,nan,nan,nan
simple_baseline,ramp_onset,full_timeline,2,TIME_OF_DAY_LOGISTIC,,17401,930,0.05344520429860353,0.7724869973488757,0.1082331256611773,0.20676472527992654,0.8239178073237083,nan,nan,nan,nan
simple_baseline,ramp_onset,full_timeline,3,TIME_OF_DAY_LOGISTIC,,17401,930,0.05344520429860353,0.7725471878564019,0.10828251704702888,0.20671423896802024,0.8239130788373581,nan,nan,nan,nan
simple_baseline,ramp_onset,full_timeline,4,TIME_OF_DAY_LOGISTIC,,17401,930,0.05344520429860353,0.7726077047766586,0.10834265663150984,0.2066635861353244,0.8239009546609481,nan,nan,nan,nan
simple_baseline,ramp_onset,full_timeline,5,TIME_OF_DAY_LOGISTIC,,17401,930,0.05344520429860353,0.7726676015127272,0.10838938192684218,0.2066130559456378,0.8239075207309631,nan,nan,nan,nan
simple_baseline,ramp_onset,full_timeline,6,TIME_OF_DAY_LOGISTIC,,17401,930,0.05344520429860353,0.7727267801407883,0.10843271737664426,0.2065624235755517,0.8238905544343468,nan,nan,nan,nan
simple_baseline,ramp_onset,full_timeline,7,TIME_OF_DAY_LOGISTIC,,17401,930,0.05344520429860353,0.7727850448132038,0.10847090432978955,0.2065120116650923,0.8238627678533497,nan,nan,nan,nan
simple_baseline,ramp_onset,full_timeline,8,TIME_OF_DAY_LOGISTIC,,17401,930,0.05344520429860353,0.7728424281712465,0.10850582313537387,0.20646157556206246,0.8238263662292543,nan,nan,nan,nan
simple_baseline,ramp_onset,full_timeline,9,TIME_OF_DAY_LOGISTIC,,17401,930,0.05344520429860353,0.7728991260625551,0.10853872947393409,0.20641127608705562,0.8238199697759937,nan,nan,nan,nan
simple_baseline,ramp_onset,full_timeline,10,TIME_OF_DAY_LOGISTIC,,17401,930,0.05344520429860353,0.7729553016934946,0.10856981674286573,0.20636469267236995,0.8238368233200477,nan,nan,nan,nan
simple_baseline,ramp_onset,full_timeline,11,TIME_OF_DAY_LOGISTIC,,17401,929,0.05338773633699213,0.7732865400711308,0.10860088303258691,0.2062917833326764,0.8238861888133578,nan,nan,nan,nan
simple_baseline,ramp_onset,full_timeline,12,TIME_OF_DAY_LOGISTIC,,17401,929,0.05338773633699213,0.7733420539195979,0.10863017617209103,0.2062215291794097,0.8239521370797337,nan,nan,nan,nan
ramp_head,ramp_step,full_timeline,all12,RAMP_AWARE_NCQ_HEAD,42,208812,36486,0.1747313372794667,0.9325625028672428,0.6691175881577475,0.11920097907261173,0.8442790566717364,0.6704989972399277,0.5256709633227473,0.9254782656361344,0.12458177319772988
ramp_head,ramp_step,daylight,all12,RAMP_AWARE_NCQ_HEAD,42,107560,36486,0.3392153216809223,0.8374374572046142,0.6693379942914426,0.23105700099263096,0.4725850124673493,0.6707054255097278,0.525924772214002,0.9254782656361344,0.23981148495160093
ramp_head,ramp_step,sunrise_sunset_transition,all12,RAMP_AWARE_NCQ_HEAD,42,69636,10077,0.14470963294847491,0.8739194868196364,0.503234235067994,0.14806102656248643,0.679810286205938,0.5116853505605168,0.3757499651179015,0.8017267043763024,0.1565933474060812
ramp_head,ramp_step,full_timeline,1,RAMP_AWARE_NCQ_HEAD,42,17401,3046,0.1750474110683294,0.9497807449366307,0.7444804686256608,0.1077663817142631,0.8527663175049454,0.700374984879642,0.554491476728596,0.9504267892317794,0.1174975400876401
ramp_head,ramp_step,full_timeline,2,RAMP_AWARE_NCQ_HEAD,42,17401,3045,0.174989943106718,0.9438195572038445,0.7185974623736098,0.11462766174347412,0.8481932496533435,0.6867269267364415,0.5383181055379452,0.948111658456486,0.1248347004686918
ramp_head,ramp_step,full_timeline,3,RAMP_AWARE_NCQ_HEAD,42,17401,3044,0.1749324751451066,0.9394783270638516,0.6964820910328413,0.11577989788557459,0.8455576585920401,0.6844881323423639,0.538882597206493,0.937910643889619,0.12240886461060702
ramp_head,ramp_step,full_timeline,4,RAMP_AWARE_NCQ_HEAD,42,17401,3043,0.1748750071834952,0.9365865735480998,0.6803376642703168,0.11804791667465815,0.8440420030500986,0.6794703566742216,0.5333333333333333,0.9359185014788038,0.12492038381592602
ramp_head,ramp_step,full_timeline,5,RAMP_AWARE_NCQ_HEAD,42,17401,3042,0.1748175392218838,0.933764999229168,0.6678323338434611,0.11495066701997152,0.8424281644941178,0.6800048502485753,0.5387127761767532,0.9217619986850756,0.11752056259015871
ramp_head,ramp_step,full_timeline,6,RAMP_AWARE_NCQ_HEAD,42,17401,3041,0.1747600712602724,0.9311018792381556,0.6563982464675939,0.11592815832979587,0.8429912518991093,0.6750392464678179,0.5333969465648855,0.91910555738244,0.1180511167689291
ramp_head,ramp_step,full_timeline,7,RAMP_AWARE_NCQ_HEAD,42,17401,3040,0.174702603298661,0.9293410241186839,0.6521639790601189,0.11904353486204038,0.8410450359771342,0.66875753920386,0.528,0.9118421052631579,0.12130293614572552
ramp_head,ramp_step,full_timeline,8,RAMP_AWARE_NCQ_HEAD,42,17401,3039,0.1746451353370496,0.9273763820186712,0.6443833971580575,0.1233542503466548,0.8416980390744506,0.663026706231454,0.5185666542888971,0.9190523198420533,0.1283007061979217
ramp_head,ramp_step,full_timeline,9,RAMP_AWARE_NCQ_HEAD,42,17401,3038,0.17458766737543818,0.9252268957657964,0.6376710895162685,0.12239538430959546,0.8430770049014418,0.659372026641294,0.5162011173184358,0.9124423963133641,0.1255534952444557
ramp_head,ramp_step,full_timeline,10,RAMP_AWARE_NCQ_HEAD,42,17401,3037,0.1745301994138268,0.9249888041913585,0.6393652709230304,0.12885510946996193,0.8433048306441414,0.6494857274933549,0.5003561253561254,0.9252551860388541,0.13603838150240347
ramp_head,ramp_step,full_timeline,11,RAMP_AWARE_NCQ_HEAD,42,17401,3036,0.1744727314522154,0.9236800120333466,0.6348323564435814,0.12506898258958776,0.8429582044483935,0.6480681685537528,0.5018983908877237,0.9143610013175231,0.13009222603843582
ramp_head,ramp_step,full_timeline,12,RAMP_AWARE_NCQ_HEAD,42,17401,3035,0.174415263490604,0.9228324542594506,0.6302163015113523,0.12459380392576319,0.8438863122301843,0.6531771388001419,0.5096011816838996,0.9093904448105437,0.12846036490186383
ramp_head,ramp_onset,full_timeline,all12,RAMP_AWARE_NCQ_HEAD,42,208812,11158,0.05343562630500163,0.839507282858473,0.14913759532338489,0.21234152607246032,0.8442790566717364,0.2580576703716476,0.15144155925026465,0.871840831690267,0.24587748417219496
ramp_head,ramp_onset,daylight,all12,RAMP_AWARE_NCQ_HEAD,42,107560,11158,0.10373744886574934,0.6720499066355491,0.14924441133675845,0.41187574309129565,0.4725850124673493,0.25816382044239217,0.15151467954209175,0.871840831690267,0.47528935776677383
ramp_head,ramp_onset,sunrise_sunset_transition,all12,RAMP_AWARE_NCQ_HEAD,42,69636,4306,0.06183583204089839,0.8016700627895862,0.148125416280662,0.19189646297352073,0.679810286205938,0.24621226798930523,0.14776056927584763,0.7378077101718532,0.23946714831365773
ramp_head,ramp_onset,full_timeline,1,RAMP_AWARE_NCQ_HEAD,42,17401,930,0.05344520429860353,0.8421433761390988,0.14696594469814855,0.2106167134488509,0.8527663175049454,0.268899365956755,0.15839877418119133,0.889247311827957,0.23909974685736596
ramp_head,ramp_onset,full_timeline,2,RAMP_AWARE_NCQ_HEAD,42,17401,930,0.05344520429860353,0.8430349072302379,0.1496539328123249,0.21426717824336375,0.8481932496533435,0.2656920387732401,0.15588290136117844,0.8989247311827957,0.24637943927680625
ramp_head,ramp_onset,full_timeline,3,RAMP_AWARE_NCQ_HEAD,42,17401,930,0.05344520429860353,0.8427710678200787,0.14985854423541356,0.21337317040439374,0.8455576585920401,0.2649325626204239,0.15571913929784825,0.8870967741935484,0.2438961354571101
ramp_head,ramp_onset,full_timeline,4,RAMP_AWARE_NCQ_HEAD,42,17401,930,0.05344520429860353,0.8419423711795837,0.15114722804872807,0.2146299970232286,0.8440420030500986,0.2641148325358852,0.1550561797752809,0.8903225806451613,0.2463501867008177
ramp_head,ramp_onset,full_timeline,5,RAMP_AWARE_NCQ_HEAD,42,17401,930,0.05344520429860353,0.8408174549860525,0.15189919051052386,0.20793320260441545,0.8424281644941178,0.2643846780766096,0.1558117195004803,0.8720430107526882,0.23889289751343898
ramp_head,ramp_onset,full_timeline,6,RAMP_AWARE_NCQ_HEAD,42,17401,930,0.05344520429860353,0.8402308586678573,0.15226728350471883,0.2060521508639292,0.8429912518991093,0.2606158833063209,0.1534351145038168,0.864516129032258,0.23936598373059798
ramp_head,ramp_onset,full_timeline,7,RAMP_AWARE_NCQ_HEAD,42,17401,930,0.05344520429860353,0.839183955116944,0.1511355467495716,0.2100975609415225,0.8410450359771342,0.2563106796116505,0.15085714285714286,0.8516129032258064,0.24256033514578296
ramp_head,ramp_onset,full_timeline,8,RAMP_AWARE_NCQ_HEAD,42,17401,930,0.05344520429860353,0.8390676542610243,0.15104194766041426,0.21474065306901202,0.8416980390744506,0.2545915136162128,0.149275900482733,0.864516129032258,0.24950063723636776
ramp_head,ramp_onset,full_timeline,9,RAMP_AWARE_NCQ_HEAD,42,17401,930,0.05344520429860353,0.8371822290464243,0.15008827064413574,0.21067489351562832,0.8430770049014418,0.2517460317460318,0.14767225325884545,0.8526881720430107,0.24669595832129038
ramp_head,ramp_onset,full_timeline,10,RAMP_AWARE_NCQ_HEAD,42,17401,930,0.05344520429860353,0.8364351029473112,0.15102233173543744,0.22073586120483227,0.8433048306441414,0.25114573785517874,0.14636752136752137,0.8838709677419355,0.25712337661762674
ramp_head,ramp_onset,full_timeline,11,RAMP_AWARE_NCQ_HEAD,42,17401,929,0.05338773633699213,0.8346751194969081,0.14754276650558926,0.21288580751786487,0.8429582044483935,0.24705882352941178,0.14427770746700416,0.8589881593110872,0.25117722115365904
ramp_head,ramp_onset,full_timeline,12,RAMP_AWARE_NCQ_HEAD,42,17401,929,0.05338773633699213,0.8337583404737845,0.1464781452478641,0.21209112403248193,0.8438863122301843,0.2483845547675335,0.14549483013293943,0.8482238966630786,0.24948789205547567
ramp_head,ramp_step,full_timeline,all12,RAMP_AWARE_NCQ_HEAD,43,208812,36486,0.1747313372794667,0.9371891503035602,0.687977256121161,0.1200362185492525,0.8649238027381498,0.6724215642085872,0.5232873787592265,0.9404429096091652,0.13472264455713348
ramp_head,ramp_step,daylight,all12,RAMP_AWARE_NCQ_HEAD,43,107560,36486,0.3392153216809223,0.8478896859809937,0.6880488434458808,0.2326318180576422,0.49030656620429575,0.672606096246202,0.5235109239594776,0.9404429096091652,0.2592179453131348
ramp_head,ramp_step,sunrise_sunset_transition,all12,RAMP_AWARE_NCQ_HEAD,43,69636,10077,0.14470963294847491,0.8877370093561033,0.5389104127044719,0.15225978554777464,0.7479270625589921,0.5181774695049032,0.37080142056394677,0.859978168105587,0.178994868838413
ramp_head,ramp_step,full_timeline,1,RAMP_AWARE_NCQ_HEAD,43,17401,3046,0.1750474110683294,0.9525911525424737,0.7628719138985864,0.11196749853203136,0.8722122447682288,0.6925366027853826,0.5432306255835667,0.9550229809586342,0.13132268075831674
ramp_head,ramp_step,full_timeline,2,RAMP_AWARE_NCQ_HEAD,43,17401,3045,0.174989943106718,0.9475502481812471,0.7340489588025757,0.11829375119020226,0.8704585454375908,0.681210415200563,0.5298303229337712,0.9536945812807882,0.13780174091462324
ramp_head,ramp_step,full_timeline,3,RAMP_AWARE_NCQ_HEAD,43,17401,3044,0.1749324751451066,0.9435356156877053,0.713046290548222,0.11891951814584048,0.8683300127149596,0.6792142100929303,0.5290452629649991,0.9484231274638634,0.13733770342788326
ramp_head,ramp_step,full_timeline,4,RAMP_AWARE_NCQ_HEAD,43,17401,3043,0.1748750071834952,0.9410191741650541,0.6975070261404788,0.12079682016369539,0.8671085553730321,0.6741415557112824,0.5229208189889473,0.9484061781137035,0.13883731874547603
ramp_head,ramp_step,full_timeline,5,RAMP_AWARE_NCQ_HEAD,43,17401,3042,0.1748175392218838,0.9386556956239868,0.68560359379692,0.12130767222980994,0.8665288647942775,0.674070610240823,0.5230406386066764,0.9477317554240631,0.13846077769396076
ramp_head,ramp_step,full_timeline,6,RAMP_AWARE_NCQ_HEAD,43,17401,3041,0.1747600712602724,0.9367827824742446,0.6772649712309942,0.1206262480212078,0.8659377307244157,0.6718273516303073,0.522151321786691,0.9417954620190727,0.13637134671847928
ramp_head,ramp_step,full_timeline,7,RAMP_AWARE_NCQ_HEAD,43,17401,3040,0.174702603298661,0.9347376758692219,0.6685414648285978,0.12215883507236948,0.8648293016772985,0.6719887297487673,0.5224534501642936,0.9414473684210526,0.13704524005152718
ramp_head,ramp_step,full_timeline,8,RAMP_AWARE_NCQ_HEAD,43,17401,3039,0.1746451353370496,0.9332153434584949,0.6601460322978244,0.12131053032976623,0.8635204172124821,0.6728795564468562,0.5244575211474807,0.9384666008555446,0.13415774713279519
ramp_head,ramp_step,full_timeline,9,RAMP_AWARE_NCQ_HEAD,43,17401,3038,0.17458766737543818,0.9316771382030589,0.6540903376846053,0.12318777774003521,0.8621942426199083,0.6694059638412773,0.5202554744525547,0.9384463462804477,0.13569772281631032
ramp_head,ramp_step,full_timeline,10,RAMP_AWARE_NCQ_HEAD,43,17401,3037,0.1745301994138268,0.9304008452514597,0.6474356972940734,0.1215014359305734,0.8623343679431401,0.6655660377358491,0.518464082307551,0.9292064537372406,0.1323658671583494
ramp_head,ramp_step,full_timeline,11,RAMP_AWARE_NCQ_HEAD,43,17401,3036,0.1744727314522154,0.92803588633807,0.6375649049456852,0.12053577494968312,0.8584497577714658,0.6591416813639036,0.5125251417078076,0.9232542819499341,0.12902276530790574
ramp_head,ramp_step,full_timeline,12,RAMP_AWARE_NCQ_HEAD,43,17401,3035,0.174415263490604,0.9269787533763708,0.6344844222439845,0.11982876028581546,0.8575024173412246,0.657243816254417,0.5114573785517873,0.9192751235584844,0.1282508239599749
ramp_head,ramp_onset,full_timeline,all12,RAMP_AWARE_NCQ_HEAD,43,208812,11158,0.05343562630500163,0.8427755687677653,0.150534224811641,0.21571770912681637,0.8649238027381498,0.259350970937052,0.15174159702311962,0.891736870406883,0.2560183555315986
ramp_head,ramp_onset,daylight,all12,RAMP_AWARE_NCQ_HEAD,43,107560,11158,0.10373744886574934,0.6778661205993772,0.1505702030600721,0.4183834302785631,0.49030656620429575,0.2594456467888712,0.15180642011473208,0.891736870406883,0.4946958181283077
ramp_head,ramp_onset,sunrise_sunset_transition,all12,RAMP_AWARE_NCQ_HEAD,43,69636,4306,0.06183583204089839,0.8085782822981172,0.1519631893507821,0.2028104625918689,0.7479270625589921,0.24749792246269467,0.14654914209918274,0.795401764979099,0.26186866974598955
ramp_head,ramp_onset,full_timeline,1,RAMP_AWARE_NCQ_HEAD,43,17401,930,0.05344520429860353,0.8411249357782952,0.1445937174597337,0.21813861463217074,0.8722122447682288,0.26475735879077167,0.1553688141923436,0.8946236559139785,0.2529248875280426
ramp_head,ramp_onset,full_timeline,2,RAMP_AWARE_NCQ_HEAD,43,17401,930,0.05344520429860353,0.8431442554949952,0.1480649618835758,0.22215055364617056,0.8704585454375908,0.26204960224613943,0.1532567049808429,0.9032258064516129,0.2593464797227377
ramp_head,ramp_onset,full_timeline,3,RAMP_AWARE_NCQ_HEAD,43,17401,930,0.05344520429860353,0.8431889740390899,0.15012050867381757,0.2197297034758358,0.8683300127149596,0.2614686081102239,0.1530144768187649,0.8978494623655914,0.25882497427438633
ramp_head,ramp_onset,full_timeline,4,RAMP_AWARE_NCQ_HEAD,43,17401,930,0.05344520429860353,0.8439996526968545,0.1538289035138015,0.21999943663545218,0.8671085553730321,0.26019537912854707,0.15202029353143687,0.9021505376344086,0.2602671216303677
ramp_head,ramp_onset,full_timeline,5,RAMP_AWARE_NCQ_HEAD,43,17401,930,0.05344520429860353,0.8429763487863648,0.15162388925446335,0.21868517335093957,0.8665288647942775,0.2607885749767153,0.15239477503628446,0.9032258064516129,0.25983311261724107
ramp_head,ramp_onset,full_timeline,6,RAMP_AWARE_NCQ_HEAD,43,17401,930,0.05344520429860353,0.8434500062997659,0.15322745572114593,0.21578712592672541,0.8659377307244157,0.2603273577552611,0.15223336371923427,0.8978494623655914,0.25768621368014816
ramp_head,ramp_onset,full_timeline,7,RAMP_AWARE_NCQ_HEAD,43,17401,930,0.05344520429860353,0.8421674653986185,0.15242490801543712,0.21721378169381234,0.8648293016772985,0.25936329588014984,0.15169769989047097,0.8935483870967742,0.2583026390515846
ramp_head,ramp_onset,full_timeline,8,RAMP_AWARE_NCQ_HEAD,43,17401,930,0.05344520429860353,0.8412114351519091,0.150058555619492,0.21523834024729774,0.8635204172124821,0.25879396984924624,0.15152629643251195,0.886021505376344,0.2553576781712413
ramp_head,ramp_onset,full_timeline,9,RAMP_AWARE_NCQ_HEAD,43,17401,930,0.05344520429860353,0.8420175440314454,0.15282506288627504,0.21647565156161477,0.8621942426199083,0.2580343213728549,0.1509124087591241,0.889247311827957,0.25684018589314495
ramp_head,ramp_onset,full_timeline,10,RAMP_AWARE_NCQ_HEAD,43,17401,930,0.05344520429860353,0.8430774714503105,0.1541708552297663,0.2123485755303076,0.8623343679431401,0.2570218107641613,0.15046849164063936,0.8806451612903226,0.2534508622735726
ramp_head,ramp_onset,full_timeline,11,RAMP_AWARE_NCQ_HEAD,43,17401,929,0.05338773633699213,0.8429316200084587,0.15497320280666943,0.2074913372737377,0.8584497577714658,0.2557049077836824,0.14957030535746937,0.8805166846071044,0.250107760423129
ramp_head,ramp_onset,full_timeline,12,RAMP_AWARE_NCQ_HEAD,43,17401,929,0.05338773633699213,0.8406627732692878,0.15294149196478818,0.20535421554773162,0.8575024173412246,0.25375939849624063,0.14848762603116408,0.8719052744886975,0.24927835111358676
ramp_head,ramp_step,full_timeline,all12,RAMP_AWARE_NCQ_HEAD,44,208812,36486,0.1747313372794667,0.9337460639891233,0.6786243566280148,0.1356385782440146,0.8448033851412865,0.6527819719160501,0.497783598629861,0.9479526393685249,0.15435850287683606
ramp_head,ramp_step,daylight,all12,RAMP_AWARE_NCQ_HEAD,44,107560,36486,0.3392153216809223,0.8395629862125367,0.6786968205308268,0.26287749895254325,0.47776939324692785,0.6530099781933523,0.4980488156094751,0.9479526393685249,0.29749463659386155
ramp_head,ramp_step,sunrise_sunset_transition,all12,RAMP_AWARE_NCQ_HEAD,44,69636,10077,0.14470963294847491,0.8783204080673378,0.5031046331089365,0.17173874520968294,0.7060972185989918,0.5023917929802317,0.35398984771573605,0.8650391981740597,0.19467020562647694
ramp_head,ramp_step,full_timeline,1,RAMP_AWARE_NCQ_HEAD,44,17401,3046,0.1750474110683294,0.9506454268040974,0.7546669418131565,0.1196355179181554,0.8452470532641235,0.6792671614100185,0.5250986016493366,0.9615889691398556,0.14205745395013353
ramp_head,ramp_step,full_timeline,2,RAMP_AWARE_NCQ_HEAD,44,17401,3045,0.174989943106718,0.946216877331346,0.7348930760941896,0.12765497933787,0.8455561319519413,0.6679620528060349,0.5122720897615708,0.9596059113300492,0.15069563447915285
ramp_head,ramp_step,full_timeline,3,RAMP_AWARE_NCQ_HEAD,44,17401,3044,0.1749324751451066,0.9424083514458647,0.713009622778194,0.12890860252992026,0.8468560825470982,0.6640820980615736,0.508557457212714,0.9566360052562418,0.15058256074530643
ramp_head,ramp_step,full_timeline,4,RAMP_AWARE_NCQ_HEAD,44,17401,3043,0.1748750071834952,0.939580275236812,0.7000327986833936,0.12801237932011963,0.846698244927772,0.6645969874669426,0.5111425539441103,0.9497206703910615,0.14716730069809447
ramp_head,ramp_step,full_timeline,5,RAMP_AWARE_NCQ_HEAD,44,17401,3042,0.1748175392218838,0.9365351980369631,0.6869911301287838,0.1364464599451909,0.8453571114335333,0.6537595677622693,0.4970900376583362,0.9546351084812623,0.15699769687265464
ramp_head,ramp_step,full_timeline,6,RAMP_AWARE_NCQ_HEAD,44,17401,3041,0.1747600712602724,0.9334252106082241,0.6763837657389193,0.13874594927179373,0.8447495903861286,0.6507597073719752,0.49469541409993156,0.9506741203551463,0.15793557643808823
ramp_head,ramp_step,full_timeline,7,RAMP_AWARE_NCQ_HEAD,44,17401,3040,0.174702603298661,0.9310184930678482,0.667825336408022,0.1362999176157692,0.8448036592005778,0.6547970061238376,0.4996538594669436,0.9496710526315789,0.15337486446573434
ramp_head,ramp_step,full_timeline,8,RAMP_AWARE_NCQ_HEAD,44,17401,3039,0.1746451353370496,0.9287905742270137,0.659464459046235,0.1387362261233639,0.8451042326829492,0.6500960343464015,0.49501032346868545,0.9466929911154985,0.15594170379984246
ramp_head,ramp_step,full_timeline,9,RAMP_AWARE_NCQ_HEAD,44,17401,3038,0.17458766737543818,0.9265971440131011,0.6469489442339279,0.14365406180501433,0.8433863597114085,0.6390032261653131,0.4826079650478911,0.945358788676761,0.1614610118216876
ramp_head,ramp_step,full_timeline,10,RAMP_AWARE_NCQ_HEAD,44,17401,3037,0.1745301994138268,0.9247634896886235,0.6412409122052289,0.1397220334976891,0.8428311699845114,0.6439256572982774,0.4909279419388284,0.9354626275930195,0.15424950329984688
ramp_head,ramp_step,full_timeline,11,RAMP_AWARE_NCQ_HEAD,44,17401,3036,0.1744727314522154,0.9233330214935566,0.6343563291039691,0.14522820040984644,0.8429953781335496,0.6324233983286908,0.47785822529045296,0.9347826086956522,0.1623688890468729
ramp_head,ramp_step,full_timeline,12,RAMP_AWARE_NCQ_HEAD,44,17401,3035,0.174415263490604,0.921904788007379,0.6288439266636275,0.14461861115344224,0.8432468531342652,0.6344641653560997,0.4813362877109255,0.9304777594728171,0.16066948952155435
ramp_head,ramp_onset,full_timeline,all12,RAMP_AWARE_NCQ_HEAD,44,208812,11158,0.05343562630500163,0.837820461128594,0.14723722285987226,0.2367597681749911,0.8448033851412865,0.2506200396825397,0.14543334964451224,0.9056282487901057,0.2756542138513012
ramp_head,ramp_onset,daylight,all12,RAMP_AWARE_NCQ_HEAD,44,107560,11158,0.10373744886574934,0.6677592601296347,0.14727640900480307,0.45918949143922094,0.47776939324692785,0.25073508430207314,0.14551083591331268,0.9056282487901057,0.5329725094090346
ramp_head,ramp_onset,sunrise_sunset_transition,all12,RAMP_AWARE_NCQ_HEAD,44,69636,4306,0.06183583204089839,0.8005134957760981,0.14603465768415225,0.22627585503303466,0.7060972185989918,0.24195499637067505,0.14213197969543148,0.8128193218764515,0.27754400653405353
ramp_head,ramp_onset,full_timeline,1,RAMP_AWARE_NCQ_HEAD,44,17401,930,0.05344520429860353,0.8404369556659701,0.14582812726859634,0.2253365826400382,0.8452470532641235,0.2599877074370006,0.15166726425242022,0.9096774193548387,0.2636596607198594
ramp_head,ramp_onset,full_timeline,2,RAMP_AWARE_NCQ_HEAD,44,17401,930,0.05344520429860353,0.8415005389074184,0.14755743853723552,0.23302818693040808,0.8455561319519413,0.25716008441362675,0.14954417952314167,0.9172043010752688,0.27224037328726736
ramp_head,ramp_onset,full_timeline,3,RAMP_AWARE_NCQ_HEAD,44,17401,930,0.05344520429860353,0.8420913785911113,0.14870993603292507,0.23251804909132665,0.8468560825470982,0.25600961538461536,0.14879497031086272,0.9161290322580645,0.27206983159180953
ramp_head,ramp_onset,full_timeline,4,RAMP_AWARE_NCQ_HEAD,44,17401,930,0.05344520429860353,0.8405229980617613,0.14850557929922822,0.2295921930778754,0.846698244927772,0.2560753341433779,0.1490979837283339,0.9064516129032258,0.2685971035829861
ramp_head,ramp_onset,full_timeline,5,RAMP_AWARE_NCQ_HEAD,44,17401,930,0.05344520429860353,0.840239671811584,0.14906778992027442,0.2393178244535415,0.8453571114335333,0.25221500295333726,0.14618281410475864,0.9182795698924732,0.2783700317959349
ramp_head,ramp_onset,full_timeline,6,RAMP_AWARE_NCQ_HEAD,44,17401,930,0.05344520429860353,0.8386301632781762,0.1488967600695146,0.24125519511492743,0.8447495903861286,0.25066430469441986,0.14527720739219713,0.9129032258064517,0.27925044339975713
ramp_head,ramp_onset,full_timeline,7,RAMP_AWARE_NCQ_HEAD,44,17401,930,0.05344520429860353,0.8389050027973571,0.15008629009322855,0.23633999649213983,0.8448036592005778,0.25402504472271914,0.1474558670820353,0.9161290322580645,0.27463226346579184
ramp_head,ramp_onset,full_timeline,8,RAMP_AWARE_NCQ_HEAD,44,17401,930,0.05344520429860353,0.836437583684064,0.14661825861703054,0.23841191249907834,0.8451042326829492,0.2500741619697419,0.1450447350309704,0.9064516129032258,0.2771416348382886
ramp_head,ramp_onset,full_timeline,9,RAMP_AWARE_NCQ_HEAD,44,17401,930,0.05344520429860353,0.8355788897136252,0.14735467702994265,0.24333331927460167,0.8433863597114085,0.24473187036767913,0.14148882540749455,0.9053763440860215,0.2826034748985222
ramp_head,ramp_onset,full_timeline,10,RAMP_AWARE_NCQ_HEAD,44,17401,930,0.05344520429860353,0.834612446900809,0.14959283070880666,0.2368664651402978,0.8428311699845114,0.24683638529105256,0.1432521168135476,0.8913978494623656,0.2753344984150702
ramp_head,ramp_onset,full_timeline,11,RAMP_AWARE_NCQ_HEAD,44,17401,929,0.05338773633699213,0.8331132166220292,0.149725523841754,0.24324331194163923,0.8429953781335496,0.24024461269656378,0.13891227479373633,0.8880516684607105,0.28293407427161943
ramp_head,ramp_onset,full_timeline,12,RAMP_AWARE_NCQ_HEAD,44,17401,929,0.05338773633699213,0.8324719810268763,0.15034144222911378,0.24187418144401826,0.8432468531342652,0.24043555032371983,0.13925345150843702,0.8794402583423035,0.28101717594870695
