site,model,h,analysis,scope,RMSE,sd,rank
Sanyo,Inverted,12,primary,full,0.2560418590650616,0.025575879445998283,4.0
Sanyo,Inverted,12,primary,power-active,0.31748946576025006,0.008182481480245675,3.0
Sanyo,Inverted,48,primary,full,0.6415114183789962,0.03370546281274966,2.0
Sanyo,Inverted,48,primary,power-active,0.8737927128394857,0.07010641505393111,2.0
Sanyo,Inverted,96,primary,full,0.8254591177089253,0.027573113434909192,1.0
Sanyo,Inverted,96,primary,power-active,1.133702040940584,0.05332636381466133,1.0
Sanyo,Inverted,144,primary,full,0.775595902919382,0.010183435886004682,1.0
Sanyo,Inverted,144,primary,power-active,1.0572443457232124,0.026894505541608677,1.0
Sanyo,Joint-patch,12,primary,full,0.25361741216547845,0.037214154909479574,3.0
Sanyo,Joint-patch,12,primary,power-active,0.32596290444079057,0.05075757195103706,4.0
Sanyo,Joint-patch,48,primary,full,0.6152010951276877,0.04652055293456917,1.0
Sanyo,Joint-patch,48,primary,power-active,0.8635545900375069,0.07901801316073541,1.0
Sanyo,Joint-patch,96,primary,full,0.8749662321574491,0.07999627749741196,2.0
Sanyo,Joint-patch,96,primary,power-active,1.2494868726558754,0.13287144819033972,2.0
Sanyo,Joint-patch,144,primary,full,0.7928575371318188,0.0490433365344996,2.0
Sanyo,Joint-patch,144,primary,power-active,1.1292507900149609,0.08293551698554907,2.0
Sanyo,Recurrent,12,primary,full,0.20717417503324212,0.0044535422210721385,1.0
Sanyo,Recurrent,12,primary,power-active,0.2979629967254638,0.00798536787927229,2.0
Sanyo,Recurrent,48,primary,full,0.6523744028436899,0.012135441674799085,4.0
Sanyo,Recurrent,48,primary,power-active,0.9586785799503876,0.018343199273040567,4.0
Sanyo,Recurrent,96,primary,full,0.9251584508517626,0.03643923343777304,4.0
Sanyo,Recurrent,96,primary,power-active,1.3734707470398606,0.05649209446921157,4.0
Sanyo,Recurrent,144,primary,full,0.8679139090882165,0.0379214427110718,4.0
Sanyo,Recurrent,144,primary,power-active,1.2939893521736037,0.0583253703694002,4.0
Sanyo,TCN,12,primary,full,0.22112773800091748,0.04087322014797192,2.0
Sanyo,TCN,12,primary,power-active,0.2907162049319301,0.04380977204725597,1.0
Sanyo,TCN,48,primary,full,0.6522214206214066,0.0221365456916545,3.0
Sanyo,TCN,48,primary,power-active,0.904865363764714,0.03573522674762157,3.0
Sanyo,TCN,96,primary,full,0.9022187073217135,0.054990682076150516,3.0
Sanyo,TCN,96,primary,power-active,1.2685792488741054,0.08669251240462986,3.0
Sanyo,TCN,144,primary,full,0.8167756926276853,0.03553218734718625,3.0
Sanyo,TCN,144,primary,power-active,1.142660880127627,0.0562514140742655,3.0
Hanwha,Inverted,12,primary,full,0.20604397158674867,0.0110725262976558,2.0
Hanwha,Inverted,12,primary,power-active,0.27576624847917863,0.016012951995653127,2.0
Hanwha,Inverted,48,primary,full,0.5744709968997692,0.023488546596662482,1.0
Hanwha,Inverted,48,primary,power-active,0.8168684471473816,0.029775108333975626,1.0
Hanwha,Inverted,96,primary,full,0.8620626336372169,0.024903353921512706,4.0
Hanwha,Inverted,96,primary,power-active,1.231462433102574,0.025569890651271594,3.0
Hanwha,Inverted,144,primary,full,0.8053553484356174,0.020750360002156614,4.0
Hanwha,Inverted,144,primary,power-active,1.1409659167411887,0.01831378736330144,3.0
Hanwha,Joint-patch,12,primary,full,0.25909052008978056,0.031819694391680406,4.0
Hanwha,Joint-patch,12,primary,power-active,0.30315868305397614,0.018181692746446217,3.0
Hanwha,Joint-patch,48,primary,full,0.5860866878524876,0.028346939382036154,2.0
Hanwha,Joint-patch,48,primary,power-active,0.8256940557154729,0.04803037816922808,3.0
Hanwha,Joint-patch,96,primary,full,0.8090611723959055,0.06082844402830023,2.0
Hanwha,Joint-patch,96,primary,power-active,1.1587701011573992,0.09952574009342909,2.0
Hanwha,Joint-patch,144,primary,full,0.7460691063963273,0.04358503853493376,2.0
Hanwha,Joint-patch,144,primary,power-active,1.0609417596271966,0.07163119153727467,2.0
Hanwha,Recurrent,12,primary,full,0.21346265897050767,0.02266802945210503,3.0
Hanwha,Recurrent,12,primary,power-active,0.3057645599993691,0.03308032149680159,4.0
Hanwha,Recurrent,48,primary,full,0.5972787770387361,0.03530399867480442,4.0
Hanwha,Recurrent,48,primary,power-active,0.876271475585816,0.05269484726141352,4.0
Hanwha,Recurrent,96,primary,full,0.857519634125692,0.04831410556903151,3.0
Hanwha,Recurrent,96,primary,power-active,1.269060650915305,0.07499989983901248,4.0
Hanwha,Recurrent,144,primary,full,0.7855603226968116,0.025586891419581394,3.0
Hanwha,Recurrent,144,primary,power-active,1.1669465121852616,0.0403187785155665,4.0
Hanwha,TCN,12,primary,full,0.17557067979914612,0.006888726220822619,1.0
Hanwha,TCN,12,primary,power-active,0.23059139514760293,0.009109929181723533,1.0
Hanwha,TCN,48,primary,full,0.5870482821734581,0.009889364676680801,3.0
Hanwha,TCN,48,primary,power-active,0.8248528640028695,0.013970341101138982,2.0
Hanwha,TCN,96,primary,full,0.8038990374173408,0.010352893289425421,1.0
Hanwha,TCN,96,primary,power-active,1.1364470327142404,0.015245276747356186,1.0
Hanwha,TCN,144,primary,full,0.7431482471888434,0.015326770009598034,1.0
Hanwha,TCN,144,primary,power-active,1.038992017557168,0.02199142105870679,1.0
Qcells,Inverted,12,primary,full,0.3273391019045813,0.02399213595565805,1.0
Qcells,Inverted,12,primary,power-active,0.45650839019043765,0.025228743180460214,1.0
Qcells,Inverted,48,primary,full,0.8075054393642463,0.015077657903496546,1.0
Qcells,Inverted,48,primary,power-active,1.1600369718360801,0.018895194212205278,1.0
Qcells,Inverted,96,primary,full,1.1366383856327316,0.019993690591246956,1.0
Qcells,Inverted,96,primary,power-active,1.6472472839088377,0.03516255046163776,1.0
Qcells,Inverted,144,primary,full,0.8434829903790969,0.02650544885342282,2.0
Qcells,Inverted,144,primary,power-active,1.221625243183821,0.04258932181796577,2.0
Qcells,Joint-patch,12,primary,full,0.5322395694674976,0.041388991804705115,3.0
Qcells,Joint-patch,12,primary,power-active,0.748385445684045,0.06311034953605162,3.0
Qcells,Joint-patch,48,primary,full,0.985747104376725,0.04739101328451885,2.0
Qcells,Joint-patch,48,primary,power-active,1.4199852807000841,0.07808453611912555,2.0
Qcells,Joint-patch,96,primary,full,1.1951125541715326,0.033337911037531434,2.0
Qcells,Joint-patch,96,primary,power-active,1.7385195935796187,0.051936457097160695,2.0
Qcells,Joint-patch,144,primary,full,0.8500723652910116,0.023075120444010572,3.0
Qcells,Joint-patch,144,primary,power-active,1.2406859098811436,0.03003575580321946,3.0
Qcells,Recurrent,12,primary,full,0.9230184103061246,0.5969957952942349,4.0
Qcells,Recurrent,12,primary,power-active,1.3417299443448847,0.8696965740619209,4.0
Qcells,Recurrent,48,primary,full,1.1839634816659854,0.5682557173757867,4.0
Qcells,Recurrent,48,primary,power-active,1.7244332696372233,0.8311390346446064,4.0
Qcells,Recurrent,96,primary,full,1.2545761030777436,0.269823781599674,3.0
Qcells,Recurrent,96,primary,power-active,1.8472216654981566,0.39765455722316206,3.0
Qcells,Recurrent,144,primary,full,0.908409187045265,0.019340874890156536,4.0
Qcells,Recurrent,144,primary,power-active,1.3586695885535678,0.03183838372244979,4.0
Qcells,TCN,12,primary,full,0.4160726668202586,0.1101069583538995,2.0
Qcells,TCN,12,primary,power-active,0.5985768873342948,0.16173135963081092,2.0
Qcells,TCN,48,primary,full,1.098539989498716,0.09357238234779378,3.0
Qcells,TCN,48,primary,power-active,1.596258923915334,0.13622379007755214,3.0
Qcells,TCN,96,primary,full,1.3593656673432877,0.07892669965108955,4.0
Qcells,TCN,96,primary,power-active,1.9907294632857218,0.11901214916957026,4.0
Qcells,TCN,144,primary,full,0.7888097258013923,0.013361438807641816,1.0
Qcells,TCN,144,primary,power-active,1.1523167658893598,0.02449797395649517,1.0
