section,year,stage,array,metric,value,unit,source_path,notes
candidate,2021,,,size,1726481334,,C:\Users\Zhujiangkun-Yohkoh\Desktop\光伏项目_最新\PV_improve_v1\原始Dataset\高分辨率气象数据集\C1_fresh_downloads\2021\fsm1m_7111_ekistica-alice-springs-ekistica-alice-springs_irradiancedata_1sec_2021.csv,
candidate,2021,,,mtime_ns,1697783464000000000,,C:\Users\Zhujiangkun-Yohkoh\Desktop\光伏项目_最新\PV_improve_v1\原始Dataset\高分辨率气象数据集\C1_fresh_downloads\2021\fsm1m_7111_ekistica-alice-springs-ekistica-alice-springs_irradiancedata_1sec_2021.csv,
candidate,2021,,,header,"Timestamp_UTC [DD/MM/YYYY hh:mm:ss],Timestamp_Local [DD/MM/YYYY hh:mm:ss],Irradiance_MB0 [W/m-2],UnitTemp_MB0 [deg C],Voltage_MB0 [V],Irradiance_MB1 [W/m-2],UnitTemp_MB1 [deg C],Voltage_MB1 [V],Irradiance_MB2 [W/m-2],UnitTemp_MB2 [deg C],Voltage_MB2 [V],Timestamp_UNIX [s],Hour_UTC,Hour_Local",,C:\Users\Zhujiangkun-Yohkoh\Desktop\光伏项目_最新\PV_improve_v1\原始Dataset\高分辨率气象数据集\C1_fresh_downloads\2021\fsm1m_7111_ekistica-alice-springs-ekistica-alice-springs_irradiancedata_1sec_2021.csv,
candidate,2021,,,first_physical_record,"02/06/2021 00:00:00,02/06/2021 09:00:00,,,,,,,,,,,00,09",,C:\Users\Zhujiangkun-Yohkoh\Desktop\光伏项目_最新\PV_improve_v1\原始Dataset\高分辨率气象数据集\C1_fresh_downloads\2021\fsm1m_7111_ekistica-alice-springs-ekistica-alice-springs_irradiancedata_1sec_2021.csv,
candidate,2021,,,last_physical_record,"31/12/2021 23:59:59,01/01/2022 08:59:59,773,40,13.2,669,39.3,13.1,904,38.5,13.1,1640995199,23,08",,C:\Users\Zhujiangkun-Yohkoh\Desktop\光伏项目_最新\PV_improve_v1\原始Dataset\高分辨率气象数据集\C1_fresh_downloads\2021\fsm1m_7111_ekistica-alice-springs-ekistica-alice-springs_irradiancedata_1sec_2021.csv,
candidate,2022,,,size,3011901400,,C:\Users\Zhujiangkun-Yohkoh\Desktop\光伏项目_最新\PV_improve_v1\GFNODE_experiments\asoc_multirate_redownload_validation\fsm1m_7111_ekistica-alice-springs-ekistica-alice-springs_irradiancedata_1sec_2022.csv,
candidate,2022,,,mtime_ns,1697783530000000000,,C:\Users\Zhujiangkun-Yohkoh\Desktop\光伏项目_最新\PV_improve_v1\GFNODE_experiments\asoc_multirate_redownload_validation\fsm1m_7111_ekistica-alice-springs-ekistica-alice-springs_irradiancedata_1sec_2022.csv,
candidate,2022,,,header,"Timestamp_UTC [DD/MM/YYYY hh:mm:ss],Timestamp_Local [DD/MM/YYYY hh:mm:ss],Irradiance_MB0 [W/m-2],UnitTemp_MB0 [deg C],Voltage_MB0 [V],Irradiance_MB1 [W/m-2],UnitTemp_MB1 [deg C],Voltage_MB1 [V],Irradiance_MB2 [W/m-2],UnitTemp_MB2 [deg C],Voltage_MB2 [V],Timestamp_UNIX [s],Hour_UTC,Hour_Local",,C:\Users\Zhujiangkun-Yohkoh\Desktop\光伏项目_最新\PV_improve_v1\GFNODE_experiments\asoc_multirate_redownload_validation\fsm1m_7111_ekistica-alice-springs-ekistica-alice-springs_irradiancedata_1sec_2022.csv,
candidate,2022,,,first_physical_record,"01/01/2022 00:00:00,01/01/2022 09:00:00,773,40,13.1,669,39.3,13.1,904,38.5,13.1,1640995200,00,09",,C:\Users\Zhujiangkun-Yohkoh\Desktop\光伏项目_最新\PV_improve_v1\GFNODE_experiments\asoc_multirate_redownload_validation\fsm1m_7111_ekistica-alice-springs-ekistica-alice-springs_irradiancedata_1sec_2022.csv,
candidate,2022,,,last_physical_record,"31/12/2022 23:59:59,01/01/2023 08:59:59,777,36.9,13.2,666,35.9,13.2,685,35.2,13.1,1672531199,23,08",,C:\Users\Zhujiangkun-Yohkoh\Desktop\光伏项目_最新\PV_improve_v1\GFNODE_experiments\asoc_multirate_redownload_validation\fsm1m_7111_ekistica-alice-springs-ekistica-alice-springs_irradiancedata_1sec_2022.csv,
candidate,2023,,,size,1774300567,,C:\Users\Zhujiangkun-Yohkoh\Desktop\光伏项目_最新\PV_improve_v1\原始Dataset\高分辨率气象数据集\C1_fresh_downloads\2023\fsm1m_7111_ekistica-alice-springs-ekistica-alice-springs_irradiancedata_1sec_2023.csv,
candidate,2023,,,mtime_ns,1787796913000000000,,C:\Users\Zhujiangkun-Yohkoh\Desktop\光伏项目_最新\PV_improve_v1\原始Dataset\高分辨率气象数据集\C1_fresh_downloads\2023\fsm1m_7111_ekistica-alice-springs-ekistica-alice-springs_irradiancedata_1sec_2023.csv,
candidate,2023,,,header,"Timestamp_UTC [DD/MM/YYYY hh:mm:ss],Timestamp_Local [DD/MM/YYYY hh:mm:ss],Irradiance_MB0 [W/m-2],UnitTemp_MB0 [deg C],Voltage_MB0 [V],Irradiance_MB1 [W/m-2],UnitTemp_MB1 [deg C],Voltage_MB1 [V],Irradiance_MB2 [W/m-2],UnitTemp_MB2 [deg C],Voltage_MB2 [V],Timestamp_UNIX [s],Hour_UTC,Hour_Local",,C:\Users\Zhujiangkun-Yohkoh\Desktop\光伏项目_最新\PV_improve_v1\原始Dataset\高分辨率气象数据集\C1_fresh_downloads\2023\fsm1m_7111_ekistica-alice-springs-ekistica-alice-springs_irradiancedata_1sec_2023.csv,
candidate,2023,,,first_physical_record,"01/01/2023 00:00:01,01/01/2023 09:00:01,778,37,13.2,667,35.9,13.2,686,35.2,13.1,1672531201,00,09",,C:\Users\Zhujiangkun-Yohkoh\Desktop\光伏项目_最新\PV_improve_v1\原始Dataset\高分辨率气象数据集\C1_fresh_downloads\2023\fsm1m_7111_ekistica-alice-springs-ekistica-alice-springs_irradiancedata_1sec_2023.csv,
candidate,2023,,,last_physical_record,"D,a,t,a, ,E,r,r,o,r",,C:\Users\Zhujiangkun-Yohkoh\Desktop\光伏项目_最新\PV_improve_v1\原始Dataset\高分辨率气象数据集\C1_fresh_downloads\2023\fsm1m_7111_ekistica-alice-springs-ekistica-alice-springs_irradiancedata_1sec_2023.csv,
irradiance_year,2021,,,file_size_bytes,1726481334,,C:\Users\Zhujiangkun-Yohkoh\Desktop\光伏项目_最新\PV_improve_v1\原始Dataset\高分辨率气象数据集\C1_fresh_downloads\2021\fsm1m_7111_ekistica-alice-springs-ekistica-alice-springs_irradiancedata_1sec_2021.csv,
irradiance_year,2021,,,physical_lines,18403201,,C:\Users\Zhujiangkun-Yohkoh\Desktop\光伏项目_最新\PV_improve_v1\原始Dataset\高分辨率气象数据集\C1_fresh_downloads\2021\fsm1m_7111_ekistica-alice-springs-ekistica-alice-springs_irradiancedata_1sec_2021.csv,
irradiance_year,2021,,,parseable_records_all_years,18403200,,C:\Users\Zhujiangkun-Yohkoh\Desktop\光伏项目_最新\PV_improve_v1\原始Dataset\高分辨率气象数据集\C1_fresh_downloads\2021\fsm1m_7111_ekistica-alice-springs-ekistica-alice-springs_irradiancedata_1sec_2021.csv,
irradiance_year,2021,,,parseable_target_year_unique_seconds,18403200,,C:\Users\Zhujiangkun-Yohkoh\Desktop\光伏项目_最新\PV_improve_v1\原始Dataset\高分辨率气象数据集\C1_fresh_downloads\2021\fsm1m_7111_ekistica-alice-springs-ekistica-alice-springs_irradiancedata_1sec_2021.csv,
irradiance_year,2021,,,expected_seconds,31536000,,C:\Users\Zhujiangkun-Yohkoh\Desktop\光伏项目_最新\PV_improve_v1\原始Dataset\高分辨率气象数据集\C1_fresh_downloads\2021\fsm1m_7111_ekistica-alice-springs-ekistica-alice-springs_irradiancedata_1sec_2021.csv,
irradiance_year,2021,,,first_target_year_utc,2021-06-02 00:00:00,,C:\Users\Zhujiangkun-Yohkoh\Desktop\光伏项目_最新\PV_improve_v1\原始Dataset\高分辨率气象数据集\C1_fresh_downloads\2021\fsm1m_7111_ekistica-alice-springs-ekistica-alice-springs_irradiancedata_1sec_2021.csv,
irradiance_year,2021,,,last_target_year_utc,2021-12-31 23:59:59,,C:\Users\Zhujiangkun-Yohkoh\Desktop\光伏项目_最新\PV_improve_v1\原始Dataset\高分辨率气象数据集\C1_fresh_downloads\2021\fsm1m_7111_ekistica-alice-springs-ekistica-alice-springs_irradiancedata_1sec_2021.csv,
irradiance_year,2021,,,main_interval_seconds,1,,C:\Users\Zhujiangkun-Yohkoh\Desktop\光伏项目_最新\PV_improve_v1\原始Dataset\高分辨率气象数据集\C1_fresh_downloads\2021\fsm1m_7111_ekistica-alice-springs-ekistica-alice-springs_irradiancedata_1sec_2021.csv,
irradiance_year,2021,,,missing_timestamps,13132800,,C:\Users\Zhujiangkun-Yohkoh\Desktop\光伏项目_最新\PV_improve_v1\原始Dataset\高分辨率气象数据集\C1_fresh_downloads\2021\fsm1m_7111_ekistica-alice-springs-ekistica-alice-springs_irradiancedata_1sec_2021.csv,
irradiance_year,2021,,,duplicate_timestamps,0,,C:\Users\Zhujiangkun-Yohkoh\Desktop\光伏项目_最新\PV_improve_v1\原始Dataset\高分辨率气象数据集\C1_fresh_downloads\2021\fsm1m_7111_ekistica-alice-springs-ekistica-alice-springs_irradiancedata_1sec_2021.csv,
irradiance_year,2021,,,inverse_timestamps,0,,C:\Users\Zhujiangkun-Yohkoh\Desktop\光伏项目_最新\PV_improve_v1\原始Dataset\高分辨率气象数据集\C1_fresh_downloads\2021\fsm1m_7111_ekistica-alice-springs-ekistica-alice-springs_irradiancedata_1sec_2021.csv,
irradiance_year,2021,,,empty_timestamp_fields,0,,C:\Users\Zhujiangkun-Yohkoh\Desktop\光伏项目_最新\PV_improve_v1\原始Dataset\高分辨率气象数据集\C1_fresh_downloads\2021\fsm1m_7111_ekistica-alice-springs-ekistica-alice-springs_irradiancedata_1sec_2021.csv,
irradiance_year,2021,,,out_of_target_year_records,0,,C:\Users\Zhujiangkun-Yohkoh\Desktop\光伏项目_最新\PV_improve_v1\原始Dataset\高分辨率气象数据集\C1_fresh_downloads\2021\fsm1m_7111_ekistica-alice-springs-ekistica-alice-springs_irradiancedata_1sec_2021.csv,
irradiance_year,2021,,,column_count_anomalies,0,,C:\Users\Zhujiangkun-Yohkoh\Desktop\光伏项目_最新\PV_improve_v1\原始Dataset\高分辨率气象数据集\C1_fresh_downloads\2021\fsm1m_7111_ekistica-alice-springs-ekistica-alice-springs_irradiancedata_1sec_2021.csv,
irradiance_year,2021,,,quote_anomalies,0,,C:\Users\Zhujiangkun-Yohkoh\Desktop\光伏项目_最新\PV_improve_v1\原始Dataset\高分辨率气象数据集\C1_fresh_downloads\2021\fsm1m_7111_ekistica-alice-springs-ekistica-alice-springs_irradiancedata_1sec_2021.csv,
irradiance_year,2021,,,glued_records,0,,C:\Users\Zhujiangkun-Yohkoh\Desktop\光伏项目_最新\PV_improve_v1\原始Dataset\高分辨率气象数据集\C1_fresh_downloads\2021\fsm1m_7111_ekistica-alice-springs-ekistica-alice-springs_irradiancedata_1sec_2021.csv,
irradiance_year,2021,,,truncated_records,0,,C:\Users\Zhujiangkun-Yohkoh\Desktop\光伏项目_最新\PV_improve_v1\原始Dataset\高分辨率气象数据集\C1_fresh_downloads\2021\fsm1m_7111_ekistica-alice-springs-ekistica-alice-springs_irradiancedata_1sec_2021.csv,
irradiance_year,2021,,,duplicate_headers,0,,C:\Users\Zhujiangkun-Yohkoh\Desktop\光伏项目_最新\PV_improve_v1\原始Dataset\高分辨率气象数据集\C1_fresh_downloads\2021\fsm1m_7111_ekistica-alice-springs-ekistica-alice-springs_irradiancedata_1sec_2021.csv,
irradiance_year,2021,,,data_error_lines,0,,C:\Users\Zhujiangkun-Yohkoh\Desktop\光伏项目_最新\PV_improve_v1\原始Dataset\高分辨率气象数据集\C1_fresh_downloads\2021\fsm1m_7111_ekistica-alice-springs-ekistica-alice-springs_irradiancedata_1sec_2021.csv,
irradiance_year,2021,,,MB0_missing,781177,,C:\Users\Zhujiangkun-Yohkoh\Desktop\光伏项目_最新\PV_improve_v1\原始Dataset\高分辨率气象数据集\C1_fresh_downloads\2021\fsm1m_7111_ekistica-alice-springs-ekistica-alice-springs_irradiancedata_1sec_2021.csv,
irradiance_year,2021,,,MB1_missing,781579,,C:\Users\Zhujiangkun-Yohkoh\Desktop\光伏项目_最新\PV_improve_v1\原始Dataset\高分辨率气象数据集\C1_fresh_downloads\2021\fsm1m_7111_ekistica-alice-springs-ekistica-alice-springs_irradiancedata_1sec_2021.csv,
irradiance_year,2021,,,MB2_missing,781759,,C:\Users\Zhujiangkun-Yohkoh\Desktop\光伏项目_最新\PV_improve_v1\原始Dataset\高分辨率气象数据集\C1_fresh_downloads\2021\fsm1m_7111_ekistica-alice-springs-ekistica-alice-springs_irradiancedata_1sec_2021.csv,
irradiance_year,2021,,,five_minute_timestamp_complete_bins,61344,,C:\Users\Zhujiangkun-Yohkoh\Desktop\光伏项目_最新\PV_improve_v1\原始Dataset\高分辨率气象数据集\C1_fresh_downloads\2021\fsm1m_7111_ekistica-alice-springs-ekistica-alice-springs_irradiancedata_1sec_2021.csv,
irradiance_year,2021,,,five_minute_all_channel_complete_bins,58711,,C:\Users\Zhujiangkun-Yohkoh\Desktop\光伏项目_最新\PV_improve_v1\原始Dataset\高分辨率气象数据集\C1_fresh_downloads\2021\fsm1m_7111_ekistica-alice-springs-ekistica-alice-springs_irradiancedata_1sec_2021.csv,
irradiance_year,2021,,,five_minute_partial_bins,2633,,C:\Users\Zhujiangkun-Yohkoh\Desktop\光伏项目_最新\PV_improve_v1\原始Dataset\高分辨率气象数据集\C1_fresh_downloads\2021\fsm1m_7111_ekistica-alice-springs-ekistica-alice-springs_irradiancedata_1sec_2021.csv,
irradiance_year,2021,,,five_minute_empty_bins,43776,,C:\Users\Zhujiangkun-Yohkoh\Desktop\光伏项目_最新\PV_improve_v1\原始Dataset\高分辨率气象数据集\C1_fresh_downloads\2021\fsm1m_7111_ekistica-alice-springs-ekistica-alice-springs_irradiancedata_1sec_2021.csv,
irradiance_year,2021,,,structurally_full_calendar,False,,C:\Users\Zhujiangkun-Yohkoh\Desktop\光伏项目_最新\PV_improve_v1\原始Dataset\高分辨率气象数据集\C1_fresh_downloads\2021\fsm1m_7111_ekistica-alice-springs-ekistica-alice-springs_irradiancedata_1sec_2021.csv,
irradiance_field,2021,,,MB0_unit,W/m-2,,C:\Users\Zhujiangkun-Yohkoh\Desktop\光伏项目_最新\PV_improve_v1\原始Dataset\高分辨率气象数据集\C1_fresh_downloads\2021\fsm1m_7111_ekistica-alice-springs-ekistica-alice-springs_irradiancedata_1sec_2021.csv,
irradiance_field,2021,,,MB1_unit,W/m-2,,C:\Users\Zhujiangkun-Yohkoh\Desktop\光伏项目_最新\PV_improve_v1\原始Dataset\高分辨率气象数据集\C1_fresh_downloads\2021\fsm1m_7111_ekistica-alice-springs-ekistica-alice-springs_irradiancedata_1sec_2021.csv,
irradiance_field,2021,,,MB2_unit,W/m-2,,C:\Users\Zhujiangkun-Yohkoh\Desktop\光伏项目_最新\PV_improve_v1\原始Dataset\高分辨率气象数据集\C1_fresh_downloads\2021\fsm1m_7111_ekistica-alice-springs-ekistica-alice-springs_irradiancedata_1sec_2021.csv,
irradiance_year,2022,,,file_size_bytes,3011901400,,C:\Users\Zhujiangkun-Yohkoh\Desktop\光伏项目_最新\PV_improve_v1\GFNODE_experiments\asoc_multirate_redownload_validation\fsm1m_7111_ekistica-alice-springs-ekistica-alice-springs_irradiancedata_1sec_2022.csv,
irradiance_year,2022,,,physical_lines,31536001,,C:\Users\Zhujiangkun-Yohkoh\Desktop\光伏项目_最新\PV_improve_v1\GFNODE_experiments\asoc_multirate_redownload_validation\fsm1m_7111_ekistica-alice-springs-ekistica-alice-springs_irradiancedata_1sec_2022.csv,
irradiance_year,2022,,,parseable_records_all_years,31536000,,C:\Users\Zhujiangkun-Yohkoh\Desktop\光伏项目_最新\PV_improve_v1\GFNODE_experiments\asoc_multirate_redownload_validation\fsm1m_7111_ekistica-alice-springs-ekistica-alice-springs_irradiancedata_1sec_2022.csv,
irradiance_year,2022,,,parseable_target_year_unique_seconds,31536000,,C:\Users\Zhujiangkun-Yohkoh\Desktop\光伏项目_最新\PV_improve_v1\GFNODE_experiments\asoc_multirate_redownload_validation\fsm1m_7111_ekistica-alice-springs-ekistica-alice-springs_irradiancedata_1sec_2022.csv,
irradiance_year,2022,,,expected_seconds,31536000,,C:\Users\Zhujiangkun-Yohkoh\Desktop\光伏项目_最新\PV_improve_v1\GFNODE_experiments\asoc_multirate_redownload_validation\fsm1m_7111_ekistica-alice-springs-ekistica-alice-springs_irradiancedata_1sec_2022.csv,
irradiance_year,2022,,,first_target_year_utc,2022-01-01 00:00:00,,C:\Users\Zhujiangkun-Yohkoh\Desktop\光伏项目_最新\PV_improve_v1\GFNODE_experiments\asoc_multirate_redownload_validation\fsm1m_7111_ekistica-alice-springs-ekistica-alice-springs_irradiancedata_1sec_2022.csv,
irradiance_year,2022,,,last_target_year_utc,2022-12-31 23:59:59,,C:\Users\Zhujiangkun-Yohkoh\Desktop\光伏项目_最新\PV_improve_v1\GFNODE_experiments\asoc_multirate_redownload_validation\fsm1m_7111_ekistica-alice-springs-ekistica-alice-springs_irradiancedata_1sec_2022.csv,
irradiance_year,2022,,,main_interval_seconds,1,,C:\Users\Zhujiangkun-Yohkoh\Desktop\光伏项目_最新\PV_improve_v1\GFNODE_experiments\asoc_multirate_redownload_validation\fsm1m_7111_ekistica-alice-springs-ekistica-alice-springs_irradiancedata_1sec_2022.csv,
irradiance_year,2022,,,missing_timestamps,0,,C:\Users\Zhujiangkun-Yohkoh\Desktop\光伏项目_最新\PV_improve_v1\GFNODE_experiments\asoc_multirate_redownload_validation\fsm1m_7111_ekistica-alice-springs-ekistica-alice-springs_irradiancedata_1sec_2022.csv,
irradiance_year,2022,,,duplicate_timestamps,0,,C:\Users\Zhujiangkun-Yohkoh\Desktop\光伏项目_最新\PV_improve_v1\GFNODE_experiments\asoc_multirate_redownload_validation\fsm1m_7111_ekistica-alice-springs-ekistica-alice-springs_irradiancedata_1sec_2022.csv,
irradiance_year,2022,,,inverse_timestamps,0,,C:\Users\Zhujiangkun-Yohkoh\Desktop\光伏项目_最新\PV_improve_v1\GFNODE_experiments\asoc_multirate_redownload_validation\fsm1m_7111_ekistica-alice-springs-ekistica-alice-springs_irradiancedata_1sec_2022.csv,
irradiance_year,2022,,,empty_timestamp_fields,0,,C:\Users\Zhujiangkun-Yohkoh\Desktop\光伏项目_最新\PV_improve_v1\GFNODE_experiments\asoc_multirate_redownload_validation\fsm1m_7111_ekistica-alice-springs-ekistica-alice-springs_irradiancedata_1sec_2022.csv,
irradiance_year,2022,,,out_of_target_year_records,0,,C:\Users\Zhujiangkun-Yohkoh\Desktop\光伏项目_最新\PV_improve_v1\GFNODE_experiments\asoc_multirate_redownload_validation\fsm1m_7111_ekistica-alice-springs-ekistica-alice-springs_irradiancedata_1sec_2022.csv,
irradiance_year,2022,,,column_count_anomalies,0,,C:\Users\Zhujiangkun-Yohkoh\Desktop\光伏项目_最新\PV_improve_v1\GFNODE_experiments\asoc_multirate_redownload_validation\fsm1m_7111_ekistica-alice-springs-ekistica-alice-springs_irradiancedata_1sec_2022.csv,
irradiance_year,2022,,,quote_anomalies,0,,C:\Users\Zhujiangkun-Yohkoh\Desktop\光伏项目_最新\PV_improve_v1\GFNODE_experiments\asoc_multirate_redownload_validation\fsm1m_7111_ekistica-alice-springs-ekistica-alice-springs_irradiancedata_1sec_2022.csv,
irradiance_year,2022,,,glued_records,0,,C:\Users\Zhujiangkun-Yohkoh\Desktop\光伏项目_最新\PV_improve_v1\GFNODE_experiments\asoc_multirate_redownload_validation\fsm1m_7111_ekistica-alice-springs-ekistica-alice-springs_irradiancedata_1sec_2022.csv,
irradiance_year,2022,,,truncated_records,0,,C:\Users\Zhujiangkun-Yohkoh\Desktop\光伏项目_最新\PV_improve_v1\GFNODE_experiments\asoc_multirate_redownload_validation\fsm1m_7111_ekistica-alice-springs-ekistica-alice-springs_irradiancedata_1sec_2022.csv,
irradiance_year,2022,,,duplicate_headers,0,,C:\Users\Zhujiangkun-Yohkoh\Desktop\光伏项目_最新\PV_improve_v1\GFNODE_experiments\asoc_multirate_redownload_validation\fsm1m_7111_ekistica-alice-springs-ekistica-alice-springs_irradiancedata_1sec_2022.csv,
irradiance_year,2022,,,data_error_lines,0,,C:\Users\Zhujiangkun-Yohkoh\Desktop\光伏项目_最新\PV_improve_v1\GFNODE_experiments\asoc_multirate_redownload_validation\fsm1m_7111_ekistica-alice-springs-ekistica-alice-springs_irradiancedata_1sec_2022.csv,
irradiance_year,2022,,,MB0_missing,3992,,C:\Users\Zhujiangkun-Yohkoh\Desktop\光伏项目_最新\PV_improve_v1\GFNODE_experiments\asoc_multirate_redownload_validation\fsm1m_7111_ekistica-alice-springs-ekistica-alice-springs_irradiancedata_1sec_2022.csv,
irradiance_year,2022,,,MB1_missing,3236,,C:\Users\Zhujiangkun-Yohkoh\Desktop\光伏项目_最新\PV_improve_v1\GFNODE_experiments\asoc_multirate_redownload_validation\fsm1m_7111_ekistica-alice-springs-ekistica-alice-springs_irradiancedata_1sec_2022.csv,
irradiance_year,2022,,,MB2_missing,3320,,C:\Users\Zhujiangkun-Yohkoh\Desktop\光伏项目_最新\PV_improve_v1\GFNODE_experiments\asoc_multirate_redownload_validation\fsm1m_7111_ekistica-alice-springs-ekistica-alice-springs_irradiancedata_1sec_2022.csv,
irradiance_year,2022,,,five_minute_timestamp_complete_bins,105120,,C:\Users\Zhujiangkun-Yohkoh\Desktop\光伏项目_最新\PV_improve_v1\GFNODE_experiments\asoc_multirate_redownload_validation\fsm1m_7111_ekistica-alice-springs-ekistica-alice-springs_irradiancedata_1sec_2022.csv,
irradiance_year,2022,,,five_minute_all_channel_complete_bins,99211,,C:\Users\Zhujiangkun-Yohkoh\Desktop\光伏项目_最新\PV_improve_v1\GFNODE_experiments\asoc_multirate_redownload_validation\fsm1m_7111_ekistica-alice-springs-ekistica-alice-springs_irradiancedata_1sec_2022.csv,
irradiance_year,2022,,,five_minute_partial_bins,5909,,C:\Users\Zhujiangkun-Yohkoh\Desktop\光伏项目_最新\PV_improve_v1\GFNODE_experiments\asoc_multirate_redownload_validation\fsm1m_7111_ekistica-alice-springs-ekistica-alice-springs_irradiancedata_1sec_2022.csv,
irradiance_year,2022,,,five_minute_empty_bins,0,,C:\Users\Zhujiangkun-Yohkoh\Desktop\光伏项目_最新\PV_improve_v1\GFNODE_experiments\asoc_multirate_redownload_validation\fsm1m_7111_ekistica-alice-springs-ekistica-alice-springs_irradiancedata_1sec_2022.csv,
irradiance_year,2022,,,structurally_full_calendar,True,,C:\Users\Zhujiangkun-Yohkoh\Desktop\光伏项目_最新\PV_improve_v1\GFNODE_experiments\asoc_multirate_redownload_validation\fsm1m_7111_ekistica-alice-springs-ekistica-alice-springs_irradiancedata_1sec_2022.csv,
irradiance_field,2022,,,MB0_unit,W/m-2,,C:\Users\Zhujiangkun-Yohkoh\Desktop\光伏项目_最新\PV_improve_v1\GFNODE_experiments\asoc_multirate_redownload_validation\fsm1m_7111_ekistica-alice-springs-ekistica-alice-springs_irradiancedata_1sec_2022.csv,
irradiance_field,2022,,,MB1_unit,W/m-2,,C:\Users\Zhujiangkun-Yohkoh\Desktop\光伏项目_最新\PV_improve_v1\GFNODE_experiments\asoc_multirate_redownload_validation\fsm1m_7111_ekistica-alice-springs-ekistica-alice-springs_irradiancedata_1sec_2022.csv,
irradiance_field,2022,,,MB2_unit,W/m-2,,C:\Users\Zhujiangkun-Yohkoh\Desktop\光伏项目_最新\PV_improve_v1\GFNODE_experiments\asoc_multirate_redownload_validation\fsm1m_7111_ekistica-alice-springs-ekistica-alice-springs_irradiancedata_1sec_2022.csv,
irradiance_year,2023,,,file_size_bytes,1774300567,,C:\Users\Zhujiangkun-Yohkoh\Desktop\光伏项目_最新\PV_improve_v1\原始Dataset\高分辨率气象数据集\C1_fresh_downloads\2023\fsm1m_7111_ekistica-alice-springs-ekistica-alice-springs_irradiancedata_1sec_2023.csv,
irradiance_year,2023,,,physical_lines,18657731,,C:\Users\Zhujiangkun-Yohkoh\Desktop\光伏项目_最新\PV_improve_v1\原始Dataset\高分辨率气象数据集\C1_fresh_downloads\2023\fsm1m_7111_ekistica-alice-springs-ekistica-alice-springs_irradiancedata_1sec_2023.csv,
irradiance_year,2023,,,parseable_records_all_years,18657517,,C:\Users\Zhujiangkun-Yohkoh\Desktop\光伏项目_最新\PV_improve_v1\原始Dataset\高分辨率气象数据集\C1_fresh_downloads\2023\fsm1m_7111_ekistica-alice-springs-ekistica-alice-springs_irradiancedata_1sec_2023.csv,
irradiance_year,2023,,,parseable_target_year_unique_seconds,167952,,C:\Users\Zhujiangkun-Yohkoh\Desktop\光伏项目_最新\PV_improve_v1\原始Dataset\高分辨率气象数据集\C1_fresh_downloads\2023\fsm1m_7111_ekistica-alice-springs-ekistica-alice-springs_irradiancedata_1sec_2023.csv,
irradiance_year,2023,,,expected_seconds,31536000,,C:\Users\Zhujiangkun-Yohkoh\Desktop\光伏项目_最新\PV_improve_v1\原始Dataset\高分辨率气象数据集\C1_fresh_downloads\2023\fsm1m_7111_ekistica-alice-springs-ekistica-alice-springs_irradiancedata_1sec_2023.csv,
irradiance_year,2023,,,first_target_year_utc,2023-01-01 00:00:01,,C:\Users\Zhujiangkun-Yohkoh\Desktop\光伏项目_最新\PV_improve_v1\原始Dataset\高分辨率气象数据集\C1_fresh_downloads\2023\fsm1m_7111_ekistica-alice-springs-ekistica-alice-springs_irradiancedata_1sec_2023.csv,
irradiance_year,2023,,,last_target_year_utc,2023-01-02 22:39:12,,C:\Users\Zhujiangkun-Yohkoh\Desktop\光伏项目_最新\PV_improve_v1\原始Dataset\高分辨率气象数据集\C1_fresh_downloads\2023\fsm1m_7111_ekistica-alice-springs-ekistica-alice-springs_irradiancedata_1sec_2023.csv,
irradiance_year,2023,,,main_interval_seconds,1,,C:\Users\Zhujiangkun-Yohkoh\Desktop\光伏项目_最新\PV_improve_v1\原始Dataset\高分辨率气象数据集\C1_fresh_downloads\2023\fsm1m_7111_ekistica-alice-springs-ekistica-alice-springs_irradiancedata_1sec_2023.csv,
irradiance_year,2023,,,missing_timestamps,31368048,,C:\Users\Zhujiangkun-Yohkoh\Desktop\光伏项目_最新\PV_improve_v1\原始Dataset\高分辨率气象数据集\C1_fresh_downloads\2023\fsm1m_7111_ekistica-alice-springs-ekistica-alice-springs_irradiancedata_1sec_2023.csv,
irradiance_year,2023,,,duplicate_timestamps,0,,C:\Users\Zhujiangkun-Yohkoh\Desktop\光伏项目_最新\PV_improve_v1\原始Dataset\高分辨率气象数据集\C1_fresh_downloads\2023\fsm1m_7111_ekistica-alice-springs-ekistica-alice-springs_irradiancedata_1sec_2023.csv,
irradiance_year,2023,,,inverse_timestamps,0,,C:\Users\Zhujiangkun-Yohkoh\Desktop\光伏项目_最新\PV_improve_v1\原始Dataset\高分辨率气象数据集\C1_fresh_downloads\2023\fsm1m_7111_ekistica-alice-springs-ekistica-alice-springs_irradiancedata_1sec_2023.csv,
irradiance_year,2023,,,empty_timestamp_fields,0,,C:\Users\Zhujiangkun-Yohkoh\Desktop\光伏项目_最新\PV_improve_v1\原始Dataset\高分辨率气象数据集\C1_fresh_downloads\2023\fsm1m_7111_ekistica-alice-springs-ekistica-alice-springs_irradiancedata_1sec_2023.csv,
irradiance_year,2023,,,out_of_target_year_records,18489565,,C:\Users\Zhujiangkun-Yohkoh\Desktop\光伏项目_最新\PV_improve_v1\原始Dataset\高分辨率气象数据集\C1_fresh_downloads\2023\fsm1m_7111_ekistica-alice-springs-ekistica-alice-springs_irradiancedata_1sec_2023.csv,
irradiance_year,2023,,,column_count_anomalies,212,,C:\Users\Zhujiangkun-Yohkoh\Desktop\光伏项目_最新\PV_improve_v1\原始Dataset\高分辨率气象数据集\C1_fresh_downloads\2023\fsm1m_7111_ekistica-alice-springs-ekistica-alice-springs_irradiancedata_1sec_2023.csv,
irradiance_year,2023,,,quote_anomalies,0,,C:\Users\Zhujiangkun-Yohkoh\Desktop\光伏项目_最新\PV_improve_v1\原始Dataset\高分辨率气象数据集\C1_fresh_downloads\2023\fsm1m_7111_ekistica-alice-springs-ekistica-alice-springs_irradiancedata_1sec_2023.csv,
irradiance_year,2023,,,glued_records,1,,C:\Users\Zhujiangkun-Yohkoh\Desktop\光伏项目_最新\PV_improve_v1\原始Dataset\高分辨率气象数据集\C1_fresh_downloads\2023\fsm1m_7111_ekistica-alice-springs-ekistica-alice-springs_irradiancedata_1sec_2023.csv,
irradiance_year,2023,,,truncated_records,211,,C:\Users\Zhujiangkun-Yohkoh\Desktop\光伏项目_最新\PV_improve_v1\原始Dataset\高分辨率气象数据集\C1_fresh_downloads\2023\fsm1m_7111_ekistica-alice-springs-ekistica-alice-springs_irradiancedata_1sec_2023.csv,
irradiance_year,2023,,,duplicate_headers,0,,C:\Users\Zhujiangkun-Yohkoh\Desktop\光伏项目_最新\PV_improve_v1\原始Dataset\高分辨率气象数据集\C1_fresh_downloads\2023\fsm1m_7111_ekistica-alice-springs-ekistica-alice-springs_irradiancedata_1sec_2023.csv,
irradiance_year,2023,,,data_error_lines,211,,C:\Users\Zhujiangkun-Yohkoh\Desktop\光伏项目_最新\PV_improve_v1\原始Dataset\高分辨率气象数据集\C1_fresh_downloads\2023\fsm1m_7111_ekistica-alice-springs-ekistica-alice-springs_irradiancedata_1sec_2023.csv,
irradiance_year,2023,,,MB0_missing,59,,C:\Users\Zhujiangkun-Yohkoh\Desktop\光伏项目_最新\PV_improve_v1\原始Dataset\高分辨率气象数据集\C1_fresh_downloads\2023\fsm1m_7111_ekistica-alice-springs-ekistica-alice-springs_irradiancedata_1sec_2023.csv,
irradiance_year,2023,,,MB1_missing,58,,C:\Users\Zhujiangkun-Yohkoh\Desktop\光伏项目_最新\PV_improve_v1\原始Dataset\高分辨率气象数据集\C1_fresh_downloads\2023\fsm1m_7111_ekistica-alice-springs-ekistica-alice-springs_irradiancedata_1sec_2023.csv,
irradiance_year,2023,,,MB2_missing,42,,C:\Users\Zhujiangkun-Yohkoh\Desktop\光伏项目_最新\PV_improve_v1\原始Dataset\高分辨率气象数据集\C1_fresh_downloads\2023\fsm1m_7111_ekistica-alice-springs-ekistica-alice-springs_irradiancedata_1sec_2023.csv,
irradiance_year,2023,,,five_minute_timestamp_complete_bins,558,,C:\Users\Zhujiangkun-Yohkoh\Desktop\光伏项目_最新\PV_improve_v1\原始Dataset\高分辨率气象数据集\C1_fresh_downloads\2023\fsm1m_7111_ekistica-alice-springs-ekistica-alice-springs_irradiancedata_1sec_2023.csv,
irradiance_year,2023,,,five_minute_all_channel_complete_bins,464,,C:\Users\Zhujiangkun-Yohkoh\Desktop\光伏项目_最新\PV_improve_v1\原始Dataset\高分辨率气象数据集\C1_fresh_downloads\2023\fsm1m_7111_ekistica-alice-springs-ekistica-alice-springs_irradiancedata_1sec_2023.csv,
irradiance_year,2023,,,five_minute_partial_bins,96,,C:\Users\Zhujiangkun-Yohkoh\Desktop\光伏项目_最新\PV_improve_v1\原始Dataset\高分辨率气象数据集\C1_fresh_downloads\2023\fsm1m_7111_ekistica-alice-springs-ekistica-alice-springs_irradiancedata_1sec_2023.csv,
irradiance_year,2023,,,five_minute_empty_bins,104560,,C:\Users\Zhujiangkun-Yohkoh\Desktop\光伏项目_最新\PV_improve_v1\原始Dataset\高分辨率气象数据集\C1_fresh_downloads\2023\fsm1m_7111_ekistica-alice-springs-ekistica-alice-springs_irradiancedata_1sec_2023.csv,
irradiance_year,2023,,,structurally_full_calendar,False,,C:\Users\Zhujiangkun-Yohkoh\Desktop\光伏项目_最新\PV_improve_v1\原始Dataset\高分辨率气象数据集\C1_fresh_downloads\2023\fsm1m_7111_ekistica-alice-springs-ekistica-alice-springs_irradiancedata_1sec_2023.csv,
irradiance_field,2023,,,MB0_unit,W/m-2,,C:\Users\Zhujiangkun-Yohkoh\Desktop\光伏项目_最新\PV_improve_v1\原始Dataset\高分辨率气象数据集\C1_fresh_downloads\2023\fsm1m_7111_ekistica-alice-springs-ekistica-alice-springs_irradiancedata_1sec_2023.csv,
irradiance_field,2023,,,MB1_unit,W/m-2,,C:\Users\Zhujiangkun-Yohkoh\Desktop\光伏项目_最新\PV_improve_v1\原始Dataset\高分辨率气象数据集\C1_fresh_downloads\2023\fsm1m_7111_ekistica-alice-springs-ekistica-alice-springs_irradiancedata_1sec_2023.csv,
irradiance_field,2023,,,MB2_unit,W/m-2,,C:\Users\Zhujiangkun-Yohkoh\Desktop\光伏项目_最新\PV_improve_v1\原始Dataset\高分辨率气象数据集\C1_fresh_downloads\2023\fsm1m_7111_ekistica-alice-springs-ekistica-alice-springs_irradiancedata_1sec_2023.csv,
pv,,,Site 17 Sanyo,base_train_positive_power_p99_9_kw,5.9843339920044,kW,C:\Users\Zhujiangkun-Yohkoh\Desktop\光伏项目_最新\PV_improve_v1\原始Dataset\5min pv active power data\17 Sanyo.csv,
pv,,,Site 17 Sanyo,origin_daylight_threshold_kw,0.059843339920044,kW,C:\Users\Zhujiangkun-Yohkoh\Desktop\光伏项目_最新\PV_improve_v1\原始Dataset\5min pv active power data\17 Sanyo.csv,
pv,,,Site 25 Hanwha,base_train_positive_power_p99_9_kw,5.5657334327698,kW,C:\Users\Zhujiangkun-Yohkoh\Desktop\光伏项目_最新\PV_improve_v1\原始Dataset\5min pv active power data\25 Hanwha.csv,
pv,,,Site 25 Hanwha,origin_daylight_threshold_kw,0.055657334327698,kW,C:\Users\Zhujiangkun-Yohkoh\Desktop\光伏项目_最新\PV_improve_v1\原始Dataset\5min pv active power data\25 Hanwha.csv,
pv,,,Site 38 Q CELLS,base_train_positive_power_p99_9_kw,5.6048669815063,kW,C:\Users\Zhujiangkun-Yohkoh\Desktop\光伏项目_最新\PV_improve_v1\原始Dataset\5min pv active power data\38 Q CELLS.csv,
pv,,,Site 38 Q CELLS,origin_daylight_threshold_kw,0.056048669815063,kW,C:\Users\Zhujiangkun-Yohkoh\Desktop\光伏项目_最新\PV_improve_v1\原始Dataset\5min pv active power data\38 Q CELLS.csv,
window,,BASE_TRAIN,Site 17 Sanyo,expected_calendar_origins,105037,,,
window,,BASE_TRAIN,Site 17 Sanyo,stage_boundary_excluded_origins,83,,,
window,,BASE_TRAIN,Site 17 Sanyo,formal_masked_origins,59586,,,
window,,BASE_TRAIN,Site 17 Sanyo,strict_all_channel_complete_origins,55459,,,
window,,BASE_TRAIN,Site 17 Sanyo,window_loss_total,45451,,,
window,,BASE_TRAIN,Site 17 Sanyo,window_loss_pv,6021,,,
window,,BASE_TRAIN,Site 17 Sanyo,window_loss_hf_zero_timestamp,39430,,,
window,,BASE_TRAIN,Site 17 Sanyo,first_legal_origin,2021-06-02T15:25,,,
window,,BASE_TRAIN,Site 17 Sanyo,last_legal_origin,2021-12-31T22:55,,,
window,,BASE_TRAIN,Site 17 Sanyo,eligible_origin_segments,13,,,
window,,BASE_TRAIN,Site 17 Sanyo,months,6;7;8;9;10;11;12,,,
window,,BASE_TRAIN,Site 17 Sanyo,seasons,spring;summer;winter,,,
window,,BASE_TRAIN,Site 25 Hanwha,expected_calendar_origins,105037,,,
window,,BASE_TRAIN,Site 25 Hanwha,stage_boundary_excluded_origins,83,,,
window,,BASE_TRAIN,Site 25 Hanwha,formal_masked_origins,58292,,,
window,,BASE_TRAIN,Site 25 Hanwha,strict_all_channel_complete_origins,54237,,,
window,,BASE_TRAIN,Site 25 Hanwha,window_loss_total,46745,,,
window,,BASE_TRAIN,Site 25 Hanwha,window_loss_pv,7231,,,
window,,BASE_TRAIN,Site 25 Hanwha,window_loss_hf_zero_timestamp,39514,,,
window,,BASE_TRAIN,Site 25 Hanwha,first_legal_origin,2021-06-02T15:25,,,
window,,BASE_TRAIN,Site 25 Hanwha,last_legal_origin,2021-12-31T22:55,,,
window,,BASE_TRAIN,Site 25 Hanwha,eligible_origin_segments,11,,,
window,,BASE_TRAIN,Site 25 Hanwha,months,6;7;8;9;10;11;12,,,
window,,BASE_TRAIN,Site 25 Hanwha,seasons,spring;summer;winter,,,
window,,BASE_TRAIN,Site 38 Q CELLS,expected_calendar_origins,105037,,,
window,,BASE_TRAIN,Site 38 Q CELLS,stage_boundary_excluded_origins,83,,,
window,,BASE_TRAIN,Site 38 Q CELLS,formal_masked_origins,58207,,,
window,,BASE_TRAIN,Site 38 Q CELLS,strict_all_channel_complete_origins,54152,,,
window,,BASE_TRAIN,Site 38 Q CELLS,window_loss_total,46830,,,
window,,BASE_TRAIN,Site 38 Q CELLS,window_loss_pv,7316,,,
window,,BASE_TRAIN,Site 38 Q CELLS,window_loss_hf_zero_timestamp,39514,,,
window,,BASE_TRAIN,Site 38 Q CELLS,first_legal_origin,2021-06-02T15:25,,,
window,,BASE_TRAIN,Site 38 Q CELLS,last_legal_origin,2021-12-31T22:55,,,
window,,BASE_TRAIN,Site 38 Q CELLS,eligible_origin_segments,12,,,
window,,BASE_TRAIN,Site 38 Q CELLS,months,6;7;8;9;10;11;12,,,
window,,BASE_TRAIN,Site 38 Q CELLS,seasons,spring;summer;winter,,,
window,,BASE_TRAIN,THREE_ARRAY_COMMON,expected_calendar_origins,105037,,,
window,,BASE_TRAIN,THREE_ARRAY_COMMON,stage_boundary_excluded_origins,83,,,
window,,BASE_TRAIN,THREE_ARRAY_COMMON,formal_masked_origins,58122,,,
window,,BASE_TRAIN,THREE_ARRAY_COMMON,strict_all_channel_complete_origins,54067,,,
window,,BASE_TRAIN,THREE_ARRAY_COMMON,window_loss_total,46915,,,
window,,BASE_TRAIN,THREE_ARRAY_COMMON,window_loss_pv,7485,,,
window,,BASE_TRAIN,THREE_ARRAY_COMMON,window_loss_hf_zero_timestamp,39430,,,
window,,BASE_TRAIN,THREE_ARRAY_COMMON,first_legal_origin,2021-06-02T15:25,,,
window,,BASE_TRAIN,THREE_ARRAY_COMMON,last_legal_origin,2021-12-31T22:55,,,
window,,BASE_TRAIN,THREE_ARRAY_COMMON,eligible_origin_segments,13,,,
window,,BASE_TRAIN,THREE_ARRAY_COMMON,months,6;7;8;9;10;11;12,,,
window,,BASE_TRAIN,THREE_ARRAY_COMMON,seasons,spring;summer;winter,,,
window,,BASE_MODEL_VALIDATION,Site 17 Sanyo,expected_calendar_origins,34477,,,
window,,BASE_MODEL_VALIDATION,Site 17 Sanyo,stage_boundary_excluded_origins,83,,,
window,,BASE_MODEL_VALIDATION,Site 17 Sanyo,formal_masked_origins,31755,,,
window,,BASE_MODEL_VALIDATION,Site 17 Sanyo,strict_all_channel_complete_origins,31320,,,
window,,BASE_MODEL_VALIDATION,Site 17 Sanyo,window_loss_total,2722,,,
window,,BASE_MODEL_VALIDATION,Site 17 Sanyo,window_loss_pv,2722,,,
window,,BASE_MODEL_VALIDATION,Site 17 Sanyo,window_loss_hf_zero_timestamp,0,,,
window,,BASE_MODEL_VALIDATION,Site 17 Sanyo,first_legal_origin,2022-01-01T05:55,,,
window,,BASE_MODEL_VALIDATION,Site 17 Sanyo,last_legal_origin,2022-04-30T22:55,,,
window,,BASE_MODEL_VALIDATION,Site 17 Sanyo,eligible_origin_segments,7,,,
window,,BASE_MODEL_VALIDATION,Site 17 Sanyo,months,1;2;3;4,,,
window,,BASE_MODEL_VALIDATION,Site 17 Sanyo,seasons,autumn;summer,,,
window,,BASE_MODEL_VALIDATION,Site 25 Hanwha,expected_calendar_origins,34477,,,
window,,BASE_MODEL_VALIDATION,Site 25 Hanwha,stage_boundary_excluded_origins,83,,,
window,,BASE_MODEL_VALIDATION,Site 25 Hanwha,formal_masked_origins,31757,,,
window,,BASE_MODEL_VALIDATION,Site 25 Hanwha,strict_all_channel_complete_origins,31322,,,
window,,BASE_MODEL_VALIDATION,Site 25 Hanwha,window_loss_total,2720,,,
window,,BASE_MODEL_VALIDATION,Site 25 Hanwha,window_loss_pv,2720,,,
window,,BASE_MODEL_VALIDATION,Site 25 Hanwha,window_loss_hf_zero_timestamp,0,,,
window,,BASE_MODEL_VALIDATION,Site 25 Hanwha,first_legal_origin,2022-01-01T05:55,,,
window,,BASE_MODEL_VALIDATION,Site 25 Hanwha,last_legal_origin,2022-04-30T22:55,,,
window,,BASE_MODEL_VALIDATION,Site 25 Hanwha,eligible_origin_segments,7,,,
window,,BASE_MODEL_VALIDATION,Site 25 Hanwha,months,1;2;3;4,,,
window,,BASE_MODEL_VALIDATION,Site 25 Hanwha,seasons,autumn;summer,,,
window,,BASE_MODEL_VALIDATION,Site 38 Q CELLS,expected_calendar_origins,34477,,,
window,,BASE_MODEL_VALIDATION,Site 38 Q CELLS,stage_boundary_excluded_origins,83,,,
window,,BASE_MODEL_VALIDATION,Site 38 Q CELLS,formal_masked_origins,31757,,,
window,,BASE_MODEL_VALIDATION,Site 38 Q CELLS,strict_all_channel_complete_origins,31322,,,
window,,BASE_MODEL_VALIDATION,Site 38 Q CELLS,window_loss_total,2720,,,
window,,BASE_MODEL_VALIDATION,Site 38 Q CELLS,window_loss_pv,2720,,,
window,,BASE_MODEL_VALIDATION,Site 38 Q CELLS,window_loss_hf_zero_timestamp,0,,,
window,,BASE_MODEL_VALIDATION,Site 38 Q CELLS,first_legal_origin,2022-01-01T05:55,,,
window,,BASE_MODEL_VALIDATION,Site 38 Q CELLS,last_legal_origin,2022-04-30T22:55,,,
window,,BASE_MODEL_VALIDATION,Site 38 Q CELLS,eligible_origin_segments,7,,,
window,,BASE_MODEL_VALIDATION,Site 38 Q CELLS,months,1;2;3;4,,,
window,,BASE_MODEL_VALIDATION,Site 38 Q CELLS,seasons,autumn;summer,,,
window,,BASE_MODEL_VALIDATION,THREE_ARRAY_COMMON,expected_calendar_origins,34477,,,
window,,BASE_MODEL_VALIDATION,THREE_ARRAY_COMMON,stage_boundary_excluded_origins,83,,,
window,,BASE_MODEL_VALIDATION,THREE_ARRAY_COMMON,formal_masked_origins,31750,,,
window,,BASE_MODEL_VALIDATION,THREE_ARRAY_COMMON,strict_all_channel_complete_origins,31315,,,
window,,BASE_MODEL_VALIDATION,THREE_ARRAY_COMMON,window_loss_total,2727,,,
window,,BASE_MODEL_VALIDATION,THREE_ARRAY_COMMON,window_loss_pv,2727,,,
window,,BASE_MODEL_VALIDATION,THREE_ARRAY_COMMON,window_loss_hf_zero_timestamp,0,,,
window,,BASE_MODEL_VALIDATION,THREE_ARRAY_COMMON,first_legal_origin,2022-01-01T05:55,,,
window,,BASE_MODEL_VALIDATION,THREE_ARRAY_COMMON,last_legal_origin,2022-04-30T22:55,,,
window,,BASE_MODEL_VALIDATION,THREE_ARRAY_COMMON,eligible_origin_segments,7,,,
window,,BASE_MODEL_VALIDATION,THREE_ARRAY_COMMON,months,1;2;3;4,,,
window,,BASE_MODEL_VALIDATION,THREE_ARRAY_COMMON,seasons,autumn;summer,,,
window,,RISK_FIT,Site 17 Sanyo,expected_calendar_origins,35341,,,
window,,RISK_FIT,Site 17 Sanyo,stage_boundary_excluded_origins,83,,,
window,,RISK_FIT,Site 17 Sanyo,formal_masked_origins,35004,,,
window,,RISK_FIT,Site 17 Sanyo,strict_all_channel_complete_origins,34171,,,
window,,RISK_FIT,Site 17 Sanyo,window_loss_total,337,,,
window,,RISK_FIT,Site 17 Sanyo,window_loss_pv,337,,,
window,,RISK_FIT,Site 17 Sanyo,window_loss_hf_zero_timestamp,0,,,
window,,RISK_FIT,Site 17 Sanyo,first_legal_origin,2022-05-01T05:55,,,
window,,RISK_FIT,Site 17 Sanyo,last_legal_origin,2022-08-31T22:55,,,
window,,RISK_FIT,Site 17 Sanyo,eligible_origin_segments,5,,,
window,,RISK_FIT,Site 17 Sanyo,months,5;6;7;8,,,
window,,RISK_FIT,Site 17 Sanyo,seasons,autumn;winter,,,
window,,RISK_FIT,Site 25 Hanwha,expected_calendar_origins,35341,,,
window,,RISK_FIT,Site 25 Hanwha,stage_boundary_excluded_origins,83,,,
window,,RISK_FIT,Site 25 Hanwha,formal_masked_origins,32593,,,
window,,RISK_FIT,Site 25 Hanwha,strict_all_channel_complete_origins,31760,,,
window,,RISK_FIT,Site 25 Hanwha,window_loss_total,2748,,,
window,,RISK_FIT,Site 25 Hanwha,window_loss_pv,2748,,,
window,,RISK_FIT,Site 25 Hanwha,window_loss_hf_zero_timestamp,0,,,
window,,RISK_FIT,Site 25 Hanwha,first_legal_origin,2022-05-01T05:55,,,
window,,RISK_FIT,Site 25 Hanwha,last_legal_origin,2022-08-31T22:55,,,
window,,RISK_FIT,Site 25 Hanwha,eligible_origin_segments,5,,,
window,,RISK_FIT,Site 25 Hanwha,months,5;6;7;8,,,
window,,RISK_FIT,Site 25 Hanwha,seasons,autumn;winter,,,
window,,RISK_FIT,Site 38 Q CELLS,expected_calendar_origins,35341,,,
window,,RISK_FIT,Site 38 Q CELLS,stage_boundary_excluded_origins,83,,,
window,,RISK_FIT,Site 38 Q CELLS,formal_masked_origins,32593,,,
window,,RISK_FIT,Site 38 Q CELLS,strict_all_channel_complete_origins,31760,,,
window,,RISK_FIT,Site 38 Q CELLS,window_loss_total,2748,,,
window,,RISK_FIT,Site 38 Q CELLS,window_loss_pv,2748,,,
window,,RISK_FIT,Site 38 Q CELLS,window_loss_hf_zero_timestamp,0,,,
window,,RISK_FIT,Site 38 Q CELLS,first_legal_origin,2022-05-01T05:55,,,
window,,RISK_FIT,Site 38 Q CELLS,last_legal_origin,2022-08-31T22:55,,,
window,,RISK_FIT,Site 38 Q CELLS,eligible_origin_segments,5,,,
window,,RISK_FIT,Site 38 Q CELLS,months,5;6;7;8,,,
window,,RISK_FIT,Site 38 Q CELLS,seasons,autumn;winter,,,
window,,RISK_FIT,THREE_ARRAY_COMMON,expected_calendar_origins,35341,,,
window,,RISK_FIT,THREE_ARRAY_COMMON,stage_boundary_excluded_origins,83,,,
window,,RISK_FIT,THREE_ARRAY_COMMON,formal_masked_origins,32509,,,
window,,RISK_FIT,THREE_ARRAY_COMMON,strict_all_channel_complete_origins,31676,,,
window,,RISK_FIT,THREE_ARRAY_COMMON,window_loss_total,2832,,,
window,,RISK_FIT,THREE_ARRAY_COMMON,window_loss_pv,2832,,,
window,,RISK_FIT,THREE_ARRAY_COMMON,window_loss_hf_zero_timestamp,0,,,
window,,RISK_FIT,THREE_ARRAY_COMMON,first_legal_origin,2022-05-01T05:55,,,
window,,RISK_FIT,THREE_ARRAY_COMMON,last_legal_origin,2022-08-31T22:55,,,
window,,RISK_FIT,THREE_ARRAY_COMMON,eligible_origin_segments,6,,,
window,,RISK_FIT,THREE_ARRAY_COMMON,months,5;6;7;8,,,
window,,RISK_FIT,THREE_ARRAY_COMMON,seasons,autumn;winter,,,
window,,RISK_CALIBRATION,Site 17 Sanyo,expected_calendar_origins,35053,,,
window,,RISK_CALIBRATION,Site 17 Sanyo,stage_boundary_excluded_origins,83,,,
window,,RISK_CALIBRATION,Site 17 Sanyo,formal_masked_origins,34969,,,
window,,RISK_CALIBRATION,Site 17 Sanyo,strict_all_channel_complete_origins,2300,,,
window,,RISK_CALIBRATION,Site 17 Sanyo,window_loss_total,84,,,
window,,RISK_CALIBRATION,Site 17 Sanyo,window_loss_pv,84,,,
window,,RISK_CALIBRATION,Site 17 Sanyo,window_loss_hf_zero_timestamp,0,,,
window,,RISK_CALIBRATION,Site 17 Sanyo,first_legal_origin,2022-09-01T05:55,,,
window,,RISK_CALIBRATION,Site 17 Sanyo,last_legal_origin,2022-12-31T22:55,,,
window,,RISK_CALIBRATION,Site 17 Sanyo,eligible_origin_segments,2,,,
window,,RISK_CALIBRATION,Site 17 Sanyo,months,9;10;11;12,,,
window,,RISK_CALIBRATION,Site 17 Sanyo,seasons,spring;summer,,,
window,,RISK_CALIBRATION,Site 25 Hanwha,expected_calendar_origins,35053,,,
window,,RISK_CALIBRATION,Site 25 Hanwha,stage_boundary_excluded_origins,83,,,
window,,RISK_CALIBRATION,Site 25 Hanwha,formal_masked_origins,34969,,,
window,,RISK_CALIBRATION,Site 25 Hanwha,strict_all_channel_complete_origins,2300,,,
window,,RISK_CALIBRATION,Site 25 Hanwha,window_loss_total,84,,,
window,,RISK_CALIBRATION,Site 25 Hanwha,window_loss_pv,84,,,
window,,RISK_CALIBRATION,Site 25 Hanwha,window_loss_hf_zero_timestamp,0,,,
window,,RISK_CALIBRATION,Site 25 Hanwha,first_legal_origin,2022-09-01T05:55,,,
window,,RISK_CALIBRATION,Site 25 Hanwha,last_legal_origin,2022-12-31T22:55,,,
window,,RISK_CALIBRATION,Site 25 Hanwha,eligible_origin_segments,2,,,
window,,RISK_CALIBRATION,Site 25 Hanwha,months,9;10;11;12,,,
window,,RISK_CALIBRATION,Site 25 Hanwha,seasons,spring;summer,,,
window,,RISK_CALIBRATION,Site 38 Q CELLS,expected_calendar_origins,35053,,,
window,,RISK_CALIBRATION,Site 38 Q CELLS,stage_boundary_excluded_origins,83,,,
window,,RISK_CALIBRATION,Site 38 Q CELLS,formal_masked_origins,34969,,,
window,,RISK_CALIBRATION,Site 38 Q CELLS,strict_all_channel_complete_origins,2300,,,
window,,RISK_CALIBRATION,Site 38 Q CELLS,window_loss_total,84,,,
window,,RISK_CALIBRATION,Site 38 Q CELLS,window_loss_pv,84,,,
window,,RISK_CALIBRATION,Site 38 Q CELLS,window_loss_hf_zero_timestamp,0,,,
window,,RISK_CALIBRATION,Site 38 Q CELLS,first_legal_origin,2022-09-01T05:55,,,
window,,RISK_CALIBRATION,Site 38 Q CELLS,last_legal_origin,2022-12-31T22:55,,,
window,,RISK_CALIBRATION,Site 38 Q CELLS,eligible_origin_segments,2,,,
window,,RISK_CALIBRATION,Site 38 Q CELLS,months,9;10;11;12,,,
window,,RISK_CALIBRATION,Site 38 Q CELLS,seasons,spring;summer,,,
window,,RISK_CALIBRATION,THREE_ARRAY_COMMON,expected_calendar_origins,35053,,,
window,,RISK_CALIBRATION,THREE_ARRAY_COMMON,stage_boundary_excluded_origins,83,,,
window,,RISK_CALIBRATION,THREE_ARRAY_COMMON,formal_masked_origins,34969,,,
window,,RISK_CALIBRATION,THREE_ARRAY_COMMON,strict_all_channel_complete_origins,2300,,,
window,,RISK_CALIBRATION,THREE_ARRAY_COMMON,window_loss_total,84,,,
window,,RISK_CALIBRATION,THREE_ARRAY_COMMON,window_loss_pv,84,,,
window,,RISK_CALIBRATION,THREE_ARRAY_COMMON,window_loss_hf_zero_timestamp,0,,,
window,,RISK_CALIBRATION,THREE_ARRAY_COMMON,first_legal_origin,2022-09-01T05:55,,,
window,,RISK_CALIBRATION,THREE_ARRAY_COMMON,last_legal_origin,2022-12-31T22:55,,,
window,,RISK_CALIBRATION,THREE_ARRAY_COMMON,eligible_origin_segments,2,,,
window,,RISK_CALIBRATION,THREE_ARRAY_COMMON,months,9;10;11;12,,,
window,,RISK_CALIBRATION,THREE_ARRAY_COMMON,seasons,spring;summer,,,
window,,FINAL_TEST,Site 17 Sanyo,expected_calendar_origins,105037,,,
window,,FINAL_TEST,Site 17 Sanyo,stage_boundary_excluded_origins,83,,,
window,,FINAL_TEST,Site 17 Sanyo,formal_masked_origins,604,,,
window,,FINAL_TEST,Site 17 Sanyo,strict_all_channel_complete_origins,0,,,
window,,FINAL_TEST,Site 17 Sanyo,window_loss_total,104433,,,
window,,FINAL_TEST,Site 17 Sanyo,window_loss_pv,28452,,,
window,,FINAL_TEST,Site 17 Sanyo,window_loss_hf_zero_timestamp,75981,,,
window,,FINAL_TEST,Site 17 Sanyo,first_legal_origin,2023-01-01T05:55,,,
window,,FINAL_TEST,Site 17 Sanyo,last_legal_origin,2023-01-03T08:10,,,
window,,FINAL_TEST,Site 17 Sanyo,eligible_origin_segments,1,,,
window,,FINAL_TEST,Site 17 Sanyo,months,1,,,
window,,FINAL_TEST,Site 17 Sanyo,seasons,summer,,,
window,,FINAL_TEST,Site 25 Hanwha,expected_calendar_origins,105037,,,
window,,FINAL_TEST,Site 25 Hanwha,stage_boundary_excluded_origins,83,,,
window,,FINAL_TEST,Site 25 Hanwha,formal_masked_origins,604,,,
window,,FINAL_TEST,Site 25 Hanwha,strict_all_channel_complete_origins,0,,,
window,,FINAL_TEST,Site 25 Hanwha,window_loss_total,104433,,,
window,,FINAL_TEST,Site 25 Hanwha,window_loss_pv,29620,,,
window,,FINAL_TEST,Site 25 Hanwha,window_loss_hf_zero_timestamp,74813,,,
window,,FINAL_TEST,Site 25 Hanwha,first_legal_origin,2023-01-01T05:55,,,
window,,FINAL_TEST,Site 25 Hanwha,last_legal_origin,2023-01-03T08:10,,,
window,,FINAL_TEST,Site 25 Hanwha,eligible_origin_segments,1,,,
window,,FINAL_TEST,Site 25 Hanwha,months,1,,,
window,,FINAL_TEST,Site 25 Hanwha,seasons,summer,,,
window,,FINAL_TEST,Site 38 Q CELLS,expected_calendar_origins,105037,,,
window,,FINAL_TEST,Site 38 Q CELLS,stage_boundary_excluded_origins,83,,,
window,,FINAL_TEST,Site 38 Q CELLS,formal_masked_origins,604,,,
window,,FINAL_TEST,Site 38 Q CELLS,strict_all_channel_complete_origins,0,,,
window,,FINAL_TEST,Site 38 Q CELLS,window_loss_total,104433,,,
window,,FINAL_TEST,Site 38 Q CELLS,window_loss_pv,29539,,,
window,,FINAL_TEST,Site 38 Q CELLS,window_loss_hf_zero_timestamp,74894,,,
window,,FINAL_TEST,Site 38 Q CELLS,first_legal_origin,2023-01-01T05:55,,,
window,,FINAL_TEST,Site 38 Q CELLS,last_legal_origin,2023-01-03T08:10,,,
window,,FINAL_TEST,Site 38 Q CELLS,eligible_origin_segments,1,,,
window,,FINAL_TEST,Site 38 Q CELLS,months,1,,,
window,,FINAL_TEST,Site 38 Q CELLS,seasons,summer,,,
window,,FINAL_TEST,THREE_ARRAY_COMMON,expected_calendar_origins,105037,,,
window,,FINAL_TEST,THREE_ARRAY_COMMON,stage_boundary_excluded_origins,83,,,
window,,FINAL_TEST,THREE_ARRAY_COMMON,formal_masked_origins,604,,,
window,,FINAL_TEST,THREE_ARRAY_COMMON,strict_all_channel_complete_origins,0,,,
window,,FINAL_TEST,THREE_ARRAY_COMMON,window_loss_total,104433,,,
window,,FINAL_TEST,THREE_ARRAY_COMMON,window_loss_pv,30306,,,
window,,FINAL_TEST,THREE_ARRAY_COMMON,window_loss_hf_zero_timestamp,74127,,,
window,,FINAL_TEST,THREE_ARRAY_COMMON,first_legal_origin,2023-01-01T05:55,,,
window,,FINAL_TEST,THREE_ARRAY_COMMON,last_legal_origin,2023-01-03T08:10,,,
window,,FINAL_TEST,THREE_ARRAY_COMMON,eligible_origin_segments,1,,,
window,,FINAL_TEST,THREE_ARRAY_COMMON,months,1,,,
window,,FINAL_TEST,THREE_ARRAY_COMMON,seasons,summer,,,
primary_daylight,,BASE_TRAIN,THREE_ARRAY_COMMON,common_origins,58122,,,
primary_daylight,,BASE_TRAIN,THREE_ARRAY_COMMON,primary_daylight_common_origins,27339,,,
primary_daylight,,BASE_TRAIN,THREE_ARRAY_COMMON,first,2021-06-02T15:25,,,
primary_daylight,,BASE_TRAIN,THREE_ARRAY_COMMON,last,2021-12-31T18:50,,,
primary_daylight,,BASE_MODEL_VALIDATION,THREE_ARRAY_COMMON,common_origins,31750,,,
primary_daylight,,BASE_MODEL_VALIDATION,THREE_ARRAY_COMMON,primary_daylight_common_origins,15446,,,
primary_daylight,,BASE_MODEL_VALIDATION,THREE_ARRAY_COMMON,first,2022-01-01T06:25,,,
primary_daylight,,BASE_MODEL_VALIDATION,THREE_ARRAY_COMMON,last,2022-04-30T17:50,,,
primary_daylight,,RISK_FIT,THREE_ARRAY_COMMON,common_origins,32509,,,
primary_daylight,,RISK_FIT,THREE_ARRAY_COMMON,primary_daylight_common_origins,13863,,,
primary_daylight,,RISK_FIT,THREE_ARRAY_COMMON,first,2022-05-01T07:20,,,
primary_daylight,,RISK_FIT,THREE_ARRAY_COMMON,last,2022-08-31T17:20,,,
primary_daylight,,RISK_CALIBRATION,THREE_ARRAY_COMMON,common_origins,34969,,,
primary_daylight,,RISK_CALIBRATION,THREE_ARRAY_COMMON,primary_daylight_common_origins,17343,,,
primary_daylight,,RISK_CALIBRATION,THREE_ARRAY_COMMON,first,2022-09-01T07:50,,,
primary_daylight,,RISK_CALIBRATION,THREE_ARRAY_COMMON,last,2022-12-31T18:55,,,
primary_daylight,,FINAL_TEST,THREE_ARRAY_COMMON,common_origins,604,,,
primary_daylight,,FINAL_TEST,THREE_ARRAY_COMMON,primary_daylight_common_origins,333,,,
primary_daylight,,FINAL_TEST,THREE_ARRAY_COMMON,first,2023-01-01T06:15,,,
primary_daylight,,FINAL_TEST,THREE_ARRAY_COMMON,last,2023-01-03T08:10,,,
readiness,,,,fresh_2021_and_2023_exist,True,,,
readiness,,,,fresh_2021_and_2023_have_31536000_unique_seconds,False,,,
readiness,,,,main_interval_is_one_second,True,,,
readiness,,,,fresh_year_first_last_utc_are_exact,False,,,
readiness,,,,no_structural_anomaly_in_fresh_years,False,,,
readiness,,,,mb_fields_units_compatible,True,,,
readiness,,,,formal_2023_source_is_not_excluded_old_file,True,,,
readiness,,,,all_stages_have_three_array_common_origins,True,,,
readiness,,,,base_train_and_final_test_cover_12_months_four_seasons,False,,,
readiness,,,,risk_fit_and_calibration_cover_planned_months,True,,,
readiness,,,,raw_sources_unchanged,True,,,
readiness,,,,frozen_daylight_thresholds_match,True,,,
