evaluated_targets,rmse,mae,r2,nrmse,horizon,scope,prefix_source,run_id,dataset,model,seed,parameter_count,actual_epochs,best_epoch,best_validation_mse,training_seconds,numerically_finite,prediction_file
50124,0.11158989369869232,0.05860383063554764,0.99485182762146,0.01842065743233707,12,regular_full_timeline,same_H144_prediction,Discrete Candidate_Sanyo_42,Sanyo,Discrete Candidate,42,98738,reused,reused,reused,0.0,True,artifacts\Discrete Candidate_Sanyo_42\test_H144.npz
9219,0.23298069834709167,0.15600813925266266,0.9793869256973267,0.03845919635147683,12,predefined_daylight,same_H144_prediction,Discrete Candidate_Sanyo_42,Sanyo,Discrete Candidate,42,98738,reused,reused,reused,0.0,True,artifacts\Discrete Candidate_Sanyo_42\test_H144.npz
200496,0.5680811405181885,0.21923762559890747,0.8724257946014404,0.0937757689017273,48,regular_full_timeline,same_H144_prediction,Discrete Candidate_Sanyo_42,Sanyo,Discrete Candidate,42,98738,reused,reused,reused,0.0,True,artifacts\Discrete Candidate_Sanyo_42\test_H144.npz
49254,1.1332296133041382,0.7218820452690125,0.568581223487854,0.18706742884100408,48,predefined_daylight,same_H144_prediction,Discrete Candidate_Sanyo_42,Sanyo,Discrete Candidate,42,98738,reused,reused,reused,0.0,True,artifacts\Discrete Candidate_Sanyo_42\test_H144.npz
400992,0.8814753890037537,0.4064173996448517,0.778499186038971,0.14550920014062602,96,regular_full_timeline,same_H144_prediction,Discrete Candidate_Sanyo_42,Sanyo,Discrete Candidate,42,98738,reused,reused,reused,0.0,True,artifacts\Discrete Candidate_Sanyo_42\test_H144.npz
136926,1.498582124710083,1.0701756477355957,0.20058858394622803,0.24737784971858753,96,predefined_daylight,same_H144_prediction,Discrete Candidate_Sanyo_42,Sanyo,Discrete Candidate,42,98738,reused,reused,reused,0.0,True,artifacts\Discrete Candidate_Sanyo_42\test_H144.npz
601488,0.8720543384552002,0.45527270436286926,0.8209099769592285,0.14395402395884543,144,regular_full_timeline,same_H144_prediction,Discrete Candidate_Sanyo_42,Sanyo,Discrete Candidate,42,98738,reused,reused,reused,0.0,True,artifacts\Discrete Candidate_Sanyo_42\test_H144.npz
263547,1.295788288116455,0.9558733701705933,0.3663709759712219,0.2139017375953233,144,predefined_daylight,same_H144_prediction,Discrete Candidate_Sanyo_42,Sanyo,Discrete Candidate,42,98738,reused,reused,reused,0.0,True,artifacts\Discrete Candidate_Sanyo_42\test_H144.npz
50124,0.1879166215658188,0.13188515603542328,0.9854006767272949,0.031020261754641645,12,regular_full_timeline,same_H144_prediction,Discrete Candidate_Sanyo_43,Sanyo,Discrete Candidate,43,98738,reused,reused,reused,0.0,True,artifacts\Discrete Candidate_Sanyo_43\test_H144.npz
9219,0.3582236170768738,0.286519855260849,0.9512683749198914,0.059133621474389046,12,predefined_daylight,same_H144_prediction,Discrete Candidate_Sanyo_43,Sanyo,Discrete Candidate,43,98738,reused,reused,reused,0.0,True,artifacts\Discrete Candidate_Sanyo_43\test_H144.npz
200496,0.6236792206764221,0.2803352177143097,0.8462324738502502,0.10295359992696144,48,regular_full_timeline,same_H144_prediction,Discrete Candidate_Sanyo_43,Sanyo,Discrete Candidate,43,98738,reused,reused,reused,0.0,True,artifacts\Discrete Candidate_Sanyo_43\test_H144.npz
49254,1.2388066053390503,0.8839889764785767,0.48445063829421997,0.20449550891663268,48,predefined_daylight,same_H144_prediction,Discrete Candidate_Sanyo_43,Sanyo,Discrete Candidate,43,98738,reused,reused,reused,0.0,True,artifacts\Discrete Candidate_Sanyo_43\test_H144.npz
400992,0.8970956206321716,0.4508565664291382,0.7705793976783752,0.14808770367982435,96,regular_full_timeline,same_H144_prediction,Discrete Candidate_Sanyo_43,Sanyo,Discrete Candidate,43,98738,reused,reused,reused,0.0,True,artifacts\Discrete Candidate_Sanyo_43\test_H144.npz
136926,1.5161014795303345,1.1514300107955933,0.18178820610046387,0.25026985026525705,96,predefined_daylight,same_H144_prediction,Discrete Candidate_Sanyo_43,Sanyo,Discrete Candidate,43,98738,reused,reused,reused,0.0,True,artifacts\Discrete Candidate_Sanyo_43\test_H144.npz
601488,0.8593759536743164,0.46560603380203247,0.8260795474052429,0.14186114462091348,144,regular_full_timeline,same_H144_prediction,Discrete Candidate_Sanyo_43,Sanyo,Discrete Candidate,43,98738,reused,reused,reused,0.0,True,artifacts\Discrete Candidate_Sanyo_43\test_H144.npz
263547,1.2688829898834229,0.9483965635299683,0.39241063594818115,0.2094603561633831,144,predefined_daylight,same_H144_prediction,Discrete Candidate_Sanyo_43,Sanyo,Discrete Candidate,43,98738,reused,reused,reused,0.0,True,artifacts\Discrete Candidate_Sanyo_43\test_H144.npz
50124,0.13892880082130432,0.0759287029504776,0.992020308971405,0.022933616679703187,12,regular_full_timeline,same_H144_prediction,Discrete Candidate_Sanyo_44,Sanyo,Discrete Candidate,44,98738,reused,reused,reused,0.0,True,artifacts\Discrete Candidate_Sanyo_44\test_H144.npz
9219,0.29958903789520264,0.23323075473308563,0.9659156799316406,0.04945454157750172,12,predefined_daylight,same_H144_prediction,Discrete Candidate_Sanyo_44,Sanyo,Discrete Candidate,44,98738,reused,reused,reused,0.0,True,artifacts\Discrete Candidate_Sanyo_44\test_H144.npz
200496,0.5853375792503357,0.2420198619365692,0.8645575046539307,0.09662436867945719,48,regular_full_timeline,same_H144_prediction,Discrete Candidate_Sanyo_44,Sanyo,Discrete Candidate,44,98738,reused,reused,reused,0.0,True,artifacts\Discrete Candidate_Sanyo_44\test_H144.npz
49254,1.1671528816223145,0.8148069381713867,0.542365550994873,0.1926672989005783,48,predefined_daylight,same_H144_prediction,Discrete Candidate_Sanyo_44,Sanyo,Discrete Candidate,44,98738,reused,reused,reused,0.0,True,artifacts\Discrete Candidate_Sanyo_44\test_H144.npz
400992,0.8997817039489746,0.43089017271995544,0.7692034840583801,0.14853110781772186,96,regular_full_timeline,same_H144_prediction,Discrete Candidate_Sanyo_44,Sanyo,Discrete Candidate,44,98738,reused,reused,reused,0.0,True,artifacts\Discrete Candidate_Sanyo_44\test_H144.npz
136926,1.5268151760101318,1.1502741575241089,0.17018336057662964,0.2520384094613189,96,predefined_daylight,same_H144_prediction,Discrete Candidate_Sanyo_44,Sanyo,Discrete Candidate,44,98738,reused,reused,reused,0.0,True,artifacts\Discrete Candidate_Sanyo_44\test_H144.npz
601488,0.8844037652015686,0.4640660285949707,0.8158017992973328,0.14599260067973407,144,regular_full_timeline,same_H144_prediction,Discrete Candidate_Sanyo_44,Sanyo,Discrete Candidate,44,98738,reused,reused,reused,0.0,True,artifacts\Discrete Candidate_Sanyo_44\test_H144.npz
263547,1.3153785467147827,0.9829270243644714,0.3470672369003296,0.21713559176158923,144,predefined_daylight,same_H144_prediction,Discrete Candidate_Sanyo_44,Sanyo,Discrete Candidate,44,98738,reused,reused,reused,0.0,True,artifacts\Discrete Candidate_Sanyo_44\test_H144.npz
50124,0.20975738763809204,0.15216900408267975,0.9818098545074463,0.03462561754934718,12,regular_full_timeline,same_H144_prediction,iTransformer_Sanyo_42,Sanyo,iTransformer,42,176528,25,22,0.01543243530516823,22.579759500000364,True,artifacts\iTransformer_Sanyo_42\test_H144.npz
9219,0.3963041305541992,0.3292471766471863,0.940356969833374,0.06541974712934634,12,predefined_daylight,same_H144_prediction,iTransformer_Sanyo_42,Sanyo,iTransformer,42,176528,25,22,0.01543243530516823,22.579759500000364,True,artifacts\iTransformer_Sanyo_42\test_H144.npz
200496,0.57941734790802,0.32386019825935364,0.8672834634780884,0.0956470888393003,48,regular_full_timeline,same_H144_prediction,iTransformer_Sanyo_42,Sanyo,iTransformer,42,176528,25,22,0.01543243530516823,22.579759500000364,True,artifacts\iTransformer_Sanyo_42\test_H144.npz
49254,1.0836385488510132,0.8085384964942932,0.6055135726928711,0.17888120355018575,48,predefined_daylight,same_H144_prediction,iTransformer_Sanyo_42,Sanyo,iTransformer,42,176528,25,22,0.01543243530516823,22.579759500000364,True,artifacts\iTransformer_Sanyo_42\test_H144.npz
400992,0.7826195955276489,0.4748062789440155,0.8253951072692871,0.12919061925065672,96,regular_full_timeline,same_H144_prediction,iTransformer_Sanyo_42,Sanyo,iTransformer,42,176528,25,22,0.01543243530516823,22.579759500000364,True,artifacts\iTransformer_Sanyo_42\test_H144.npz
136926,1.2363979816436768,0.9637455940246582,0.455841064453125,0.2040979063156688,96,predefined_daylight,same_H144_prediction,iTransformer_Sanyo_42,Sanyo,iTransformer,42,176528,25,22,0.01543243530516823,22.579759500000364,True,artifacts\iTransformer_Sanyo_42\test_H144.npz
601488,0.7861059308052063,0.5040290951728821,0.8544720411300659,0.12976612466349957,144,regular_full_timeline,same_H144_prediction,iTransformer_Sanyo_42,Sanyo,iTransformer,42,176528,25,22,0.01543243530516823,22.579759500000364,True,artifacts\iTransformer_Sanyo_42\test_H144.npz
263547,1.0950188636779785,0.8501841425895691,0.5475087761878967,0.1807598045054453,144,predefined_daylight,same_H144_prediction,iTransformer_Sanyo_42,Sanyo,iTransformer,42,176528,25,22,0.01543243530516823,22.579759500000364,True,artifacts\iTransformer_Sanyo_42\test_H144.npz
50124,0.196896493434906,0.13378030061721802,0.9839720726013184,0.032502610540933875,12,regular_full_timeline,same_H144_prediction,iTransformer_Sanyo_43,Sanyo,iTransformer,43,176528,24,19,0.01586300932491819,20.69651359999989,True,artifacts\iTransformer_Sanyo_43\test_H144.npz
9219,0.3741997182369232,0.3144926428794861,0.9468247294425964,0.06177087003534078,12,predefined_daylight,same_H144_prediction,iTransformer_Sanyo_43,Sanyo,iTransformer,43,176528,24,19,0.01586300932491819,20.69651359999989,True,artifacts\iTransformer_Sanyo_43\test_H144.npz
200496,0.5701006650924683,0.3266378939151764,0.8715171217918396,0.09410914111964017,48,regular_full_timeline,same_H144_prediction,iTransformer_Sanyo_43,Sanyo,iTransformer,43,176528,24,19,0.01586300932491819,20.69651359999989,True,artifacts\iTransformer_Sanyo_43\test_H144.npz
49254,1.0373163223266602,0.7582175135612488,0.6385189294815063,0.17123458038364514,48,predefined_daylight,same_H144_prediction,iTransformer_Sanyo_43,Sanyo,iTransformer,43,176528,24,19,0.01586300932491819,20.69651359999989,True,artifacts\iTransformer_Sanyo_43\test_H144.npz
400992,0.7503946423530579,0.46395954489707947,0.839478075504303,0.12387109788965374,96,regular_full_timeline,same_H144_prediction,iTransformer_Sanyo_43,Sanyo,iTransformer,43,176528,24,19,0.01586300932491819,20.69651359999989,True,artifacts\iTransformer_Sanyo_43\test_H144.npz
136926,1.1427031755447388,0.8799760937690735,0.5351893305778503,0.18863127336951688,96,predefined_daylight,same_H144_prediction,iTransformer_Sanyo_43,Sanyo,iTransformer,43,176528,24,19,0.01586300932491819,20.69651359999989,True,artifacts\iTransformer_Sanyo_43\test_H144.npz
601488,0.7665969133377075,0.5039578080177307,0.8616056442260742,0.1265456813446752,144,regular_full_timeline,same_H144_prediction,iTransformer_Sanyo_43,Sanyo,iTransformer,43,176528,24,19,0.01586300932491819,20.69651359999989,True,artifacts\iTransformer_Sanyo_43\test_H144.npz
263547,1.0451902151107788,0.8189451098442078,0.5877528786659241,0.17253436011125053,144,predefined_daylight,same_H144_prediction,iTransformer_Sanyo_43,Sanyo,iTransformer,43,176528,24,19,0.01586300932491819,20.69651359999989,True,artifacts\iTransformer_Sanyo_43\test_H144.npz
50124,0.2916303277015686,0.234846830368042,0.9648385643959045,0.048140760649669365,12,regular_full_timeline,same_H144_prediction,iTransformer_Sanyo_44,Sanyo,iTransformer,44,176528,20,15,0.016934942392011484,17.379260099998646,True,artifacts\iTransformer_Sanyo_44\test_H144.npz
9219,0.3129141926765442,0.24902349710464478,0.9628162384033203,0.051654186216672456,12,predefined_daylight,same_H144_prediction,iTransformer_Sanyo_44,Sanyo,iTransformer,44,176528,20,15,0.016934942392011484,17.379260099998646,True,artifacts\iTransformer_Sanyo_44\test_H144.npz
200496,0.5862461924552917,0.36468273401260376,0.8641366958618164,0.09677435764380002,48,regular_full_timeline,same_H144_prediction,iTransformer_Sanyo_44,Sanyo,iTransformer,44,176528,20,15,0.016934942392011484,17.379260099998646,True,artifacts\iTransformer_Sanyo_44\test_H144.npz
49254,1.007150411605835,0.6828384399414062,0.6592373847961426,0.16625495463883366,48,predefined_daylight,same_H144_prediction,iTransformer_Sanyo_44,Sanyo,iTransformer,44,176528,20,15,0.016934942392011484,17.379260099998646,True,artifacts\iTransformer_Sanyo_44\test_H144.npz
400992,0.781589925289154,0.5051259398460388,0.8258542418479919,0.12902064684452824,96,regular_full_timeline,same_H144_prediction,iTransformer_Sanyo_44,Sanyo,iTransformer,44,176528,20,15,0.016934942392011484,17.379260099998646,True,artifacts\iTransformer_Sanyo_44\test_H144.npz
136926,1.1584336757659912,0.8713492155075073,0.5223040580749512,0.1912279794529316,96,predefined_daylight,same_H144_prediction,iTransformer_Sanyo_44,Sanyo,iTransformer,44,176528,20,15,0.016934942392011484,17.379260099998646,True,artifacts\iTransformer_Sanyo_44\test_H144.npz
601488,0.8064447641372681,0.5484465956687927,0.8468441963195801,0.13312354950696187,144,regular_full_timeline,same_H144_prediction,iTransformer_Sanyo_44,Sanyo,iTransformer,44,176528,20,15,0.016934942392011484,17.379260099998646,True,artifacts\iTransformer_Sanyo_44\test_H144.npz
263547,1.0743879079818726,0.8244513869285583,0.5643986463546753,0.17735415767862925,144,predefined_daylight,same_H144_prediction,iTransformer_Sanyo_44,Sanyo,iTransformer,44,176528,20,15,0.016934942392011484,17.379260099998646,True,artifacts\iTransformer_Sanyo_44\test_H144.npz
50124,0.203854039311409,0.14374741911888123,0.9828193187713623,0.03365112466629802,12,regular_full_timeline,same_H144_prediction,PatchTST_Sanyo_42,Sanyo,PatchTST,42,146576,13,8,0.016783362378676732,11.730030700000498,True,artifacts\PatchTST_Sanyo_42\test_H144.npz
9219,0.34646889567375183,0.2722024619579315,0.9544140100479126,0.05719321550210513,12,predefined_daylight,same_H144_prediction,PatchTST_Sanyo_42,Sanyo,PatchTST,42,146576,13,8,0.016783362378676732,11.730030700000498,True,artifacts\PatchTST_Sanyo_42\test_H144.npz
200496,0.5658773183822632,0.322316974401474,0.8734136819839478,0.09341197383694039,48,regular_full_timeline,same_H144_prediction,PatchTST_Sanyo_42,Sanyo,PatchTST,42,146576,13,8,0.016783362378676732,11.730030700000498,True,artifacts\PatchTST_Sanyo_42\test_H144.npz
49254,1.0144990682601929,0.6852164268493652,0.6542465686798096,0.16746803122069062,48,predefined_daylight,same_H144_prediction,PatchTST_Sanyo_42,Sanyo,PatchTST,42,146576,13,8,0.016783362378676732,11.730030700000498,True,artifacts\PatchTST_Sanyo_42\test_H144.npz
400992,0.7930812835693359,0.47651371359825134,0.8206958770751953,0.1309175782537743,96,regular_full_timeline,same_H144_prediction,PatchTST_Sanyo_42,Sanyo,PatchTST,42,146576,13,8,0.016783362378676732,11.730030700000498,True,artifacts\PatchTST_Sanyo_42\test_H144.npz
136926,1.2485473155975342,0.9272018671035767,0.4450942873954773,0.20610345279821457,96,predefined_daylight,same_H144_prediction,PatchTST_Sanyo_42,Sanyo,PatchTST,42,146576,13,8,0.016783362378676732,11.730030700000498,True,artifacts\PatchTST_Sanyo_42\test_H144.npz
601488,0.7962585091590881,0.5134963393211365,0.8506888151168823,0.13144205750753282,144,regular_full_timeline,same_H144_prediction,PatchTST_Sanyo_42,Sanyo,PatchTST,42,146576,13,8,0.016783362378676732,11.730030700000498,True,artifacts\PatchTST_Sanyo_42\test_H144.npz
263547,1.1152679920196533,0.8547099232673645,0.5306190848350525,0.18410242133320728,144,predefined_daylight,same_H144_prediction,PatchTST_Sanyo_42,Sanyo,PatchTST,42,146576,13,8,0.016783362378676732,11.730030700000498,True,artifacts\PatchTST_Sanyo_42\test_H144.npz
50124,0.2626354396343231,0.20361082255840302,0.9714826941490173,0.04335444100482911,12,regular_full_timeline,same_H144_prediction,PatchTST_Sanyo_43,Sanyo,PatchTST,43,146576,12,7,0.018636245839297773,11.562939200000983,True,artifacts\PatchTST_Sanyo_43\test_H144.npz
9219,0.35267868638038635,0.2669987380504608,0.9527652859687805,0.05821829423945287,12,predefined_daylight,same_H144_prediction,PatchTST_Sanyo_43,Sanyo,PatchTST,43,146576,12,7,0.018636245839297773,11.562939200000983,True,artifacts\PatchTST_Sanyo_43\test_H144.npz
200496,0.6163077354431152,0.3584373891353607,0.849845826625824,0.10173675492649105,48,regular_full_timeline,same_H144_prediction,PatchTST_Sanyo_43,Sanyo,PatchTST,43,146576,12,7,0.018636245839297773,11.562939200000983,True,artifacts\PatchTST_Sanyo_43\test_H144.npz
49254,1.1245046854019165,0.7678004503250122,0.575198769569397,0.18562716482890074,48,predefined_daylight,same_H144_prediction,PatchTST_Sanyo_43,Sanyo,PatchTST,43,146576,12,7,0.018636245839297773,11.562939200000983,True,artifacts\PatchTST_Sanyo_43\test_H144.npz
400992,0.920355498790741,0.5487625002861023,0.7585283517837524,0.15192731883918467,96,regular_full_timeline,same_H144_prediction,PatchTST_Sanyo_43,Sanyo,PatchTST,43,146576,12,7,0.018636245839297773,11.562939200000983,True,artifacts\PatchTST_Sanyo_43\test_H144.npz
136926,1.4811854362487793,1.1008012294769287,0.21904122829437256,0.24450609827245703,96,predefined_daylight,same_H144_prediction,PatchTST_Sanyo_43,Sanyo,PatchTST,43,146576,12,7,0.018636245839297773,11.562939200000983,True,artifacts\PatchTST_Sanyo_43\test_H144.npz
601488,0.8968002200126648,0.5649462342262268,0.8106018900871277,0.14803894053975067,144,regular_full_timeline,same_H144_prediction,PatchTST_Sanyo_43,Sanyo,PatchTST,43,146576,12,7,0.018636245839297773,11.562939200000983,True,artifacts\PatchTST_Sanyo_43\test_H144.npz
263547,1.2750002145767212,0.9586530327796936,0.38653820753097534,0.2104701546028022,144,predefined_daylight,same_H144_prediction,PatchTST_Sanyo_43,Sanyo,PatchTST,43,146576,12,7,0.018636245839297773,11.562939200000983,True,artifacts\PatchTST_Sanyo_43\test_H144.npz
50124,0.22531147301197052,0.16723893582820892,0.979012131690979,0.03719320202181897,12,regular_full_timeline,same_H144_prediction,PatchTST_Sanyo_44,Sanyo,PatchTST,44,146576,16,11,0.0179827264820536,16.116699000001972,True,artifacts\PatchTST_Sanyo_44\test_H144.npz
9219,0.35644716024398804,0.27490174770355225,0.9517504572868347,0.058840373567456895,12,predefined_daylight,same_H144_prediction,PatchTST_Sanyo_44,Sanyo,PatchTST,44,146576,16,11,0.0179827264820536,16.116699000001972,True,artifacts\PatchTST_Sanyo_44\test_H144.npz
200496,0.623626708984375,0.32725536823272705,0.8462583422660828,0.10294493158022923,48,regular_full_timeline,same_H144_prediction,PatchTST_Sanyo_44,Sanyo,PatchTST,44,146576,16,11,0.0179827264820536,16.116699000001972,True,artifacts\PatchTST_Sanyo_44\test_H144.npz
49254,1.1813088655471802,0.7794590592384338,0.5311972498893738,0.19500409233100952,48,predefined_daylight,same_H144_prediction,PatchTST_Sanyo_44,Sanyo,PatchTST,44,146576,16,11,0.0179827264820536,16.116699000001972,True,artifacts\PatchTST_Sanyo_44\test_H144.npz
400992,0.8907219767570496,0.5075601935386658,0.7738277912139893,0.1470355769456924,96,regular_full_timeline,same_H144_prediction,PatchTST_Sanyo_44,Sanyo,PatchTST,44,146576,16,11,0.0179827264820536,16.116699000001972,True,artifacts\PatchTST_Sanyo_44\test_H144.npz
136926,1.4541759490966797,1.062589406967163,0.24726319313049316,0.24004751789603568,96,predefined_daylight,same_H144_prediction,PatchTST_Sanyo_44,Sanyo,PatchTST,44,146576,16,11,0.0179827264820536,16.116699000001972,True,artifacts\PatchTST_Sanyo_44\test_H144.npz
601488,0.8530150055885315,0.5147354602813721,0.8286446928977966,0.14081111363916968,144,regular_full_timeline,same_H144_prediction,PatchTST_Sanyo_44,Sanyo,PatchTST,44,146576,16,11,0.0179827264820536,16.116699000001972,True,artifacts\PatchTST_Sanyo_44\test_H144.npz
263547,1.2181615829467773,0.8803223371505737,0.44001448154449463,0.20108754003552742,144,predefined_daylight,same_H144_prediction,PatchTST_Sanyo_44,Sanyo,PatchTST,44,146576,16,11,0.0179827264820536,16.116699000001972,True,artifacts\PatchTST_Sanyo_44\test_H144.npz
50124,0.1863563507795334,0.15204358100891113,0.98564213514328,0.030762700673586656,12,regular_full_timeline,same_H144_prediction,ModernTCN_Sanyo_42,Sanyo,ModernTCN,42,682896,24,19,0.017289038157711427,21.985115899999073,True,artifacts\ModernTCN_Sanyo_42\test_H144.npz
9219,0.24169299006462097,0.18181584775447845,0.9778164625167847,0.039897374450405115,12,predefined_daylight,same_H144_prediction,ModernTCN_Sanyo_42,Sanyo,ModernTCN,42,682896,24,19,0.017289038157711427,21.985115899999073,True,artifacts\ModernTCN_Sanyo_42\test_H144.npz
200496,0.5720483660697937,0.333529531955719,0.8706377148628235,0.09443065708577968,48,regular_full_timeline,same_H144_prediction,ModernTCN_Sanyo_42,Sanyo,ModernTCN,42,682896,24,19,0.017289038157711427,21.985115899999073,True,artifacts\ModernTCN_Sanyo_42\test_H144.npz
49254,1.0221402645111084,0.6734446883201599,0.6490185260772705,0.16872939866039294,48,predefined_daylight,same_H144_prediction,ModernTCN_Sanyo_42,Sanyo,ModernTCN,42,682896,24,19,0.017289038157711427,21.985115899999073,True,artifacts\ModernTCN_Sanyo_42\test_H144.npz
400992,0.7906337380409241,0.48018142580986023,0.8218008279800415,0.1305135506466627,96,regular_full_timeline,same_H144_prediction,ModernTCN_Sanyo_42,Sanyo,ModernTCN,42,682896,24,19,0.017289038157711427,21.985115899999073,True,artifacts\ModernTCN_Sanyo_42\test_H144.npz
136926,1.2315548658370972,0.9333741664886475,0.46009576320648193,0.20329843089525995,96,predefined_daylight,same_H144_prediction,ModernTCN_Sanyo_42,Sanyo,ModernTCN,42,682896,24,19,0.017289038157711427,21.985115899999073,True,artifacts\ModernTCN_Sanyo_42\test_H144.npz
601488,0.7864310145378113,0.5104381442070007,0.8543516993522644,0.12981978773169203,144,regular_full_timeline,same_H144_prediction,ModernTCN_Sanyo_42,Sanyo,ModernTCN,42,682896,24,19,0.017289038157711427,21.985115899999073,True,artifacts\ModernTCN_Sanyo_42\test_H144.npz
263547,1.0926297903060913,0.8489676117897034,0.5494810342788696,0.18036542916637488,144,predefined_daylight,same_H144_prediction,ModernTCN_Sanyo_42,Sanyo,ModernTCN,42,682896,24,19,0.017289038157711427,21.985115899999073,True,artifacts\ModernTCN_Sanyo_42\test_H144.npz
50124,0.14129501581192017,0.10447878390550613,0.991746187210083,0.023324218680553607,12,regular_full_timeline,same_H144_prediction,ModernTCN_Sanyo_43,Sanyo,ModernTCN,43,682896,16,11,0.018373810065289337,15.244557900001382,True,artifacts\ModernTCN_Sanyo_43\test_H144.npz
9219,0.21770769357681274,0.15825775265693665,0.9820009469985962,0.03593801114813386,12,predefined_daylight,same_H144_prediction,ModernTCN_Sanyo_43,Sanyo,ModernTCN,43,682896,16,11,0.018373810065289337,15.244557900001382,True,artifacts\ModernTCN_Sanyo_43\test_H144.npz
200496,0.56702721118927,0.3377254903316498,0.8728986978530884,0.09360179193587123,48,regular_full_timeline,same_H144_prediction,ModernTCN_Sanyo_43,Sanyo,ModernTCN,43,682896,16,11,0.018373810065289337,15.244557900001382,True,artifacts\ModernTCN_Sanyo_43\test_H144.npz
49254,0.9643687009811401,0.6429961323738098,0.6875723600387573,0.15919278072983464,48,predefined_daylight,same_H144_prediction,ModernTCN_Sanyo_43,Sanyo,ModernTCN,43,682896,16,11,0.018373810065289337,15.244557900001382,True,artifacts\ModernTCN_Sanyo_43\test_H144.npz
400992,0.8139668703079224,0.5165320634841919,0.8111276626586914,0.13436525819891051,96,regular_full_timeline,same_H144_prediction,ModernTCN_Sanyo_43,Sanyo,ModernTCN,43,682896,16,11,0.018373810065289337,15.244557900001382,True,artifacts\ModernTCN_Sanyo_43\test_H144.npz
136926,1.2301753759384155,0.9373713135719299,0.46130460500717163,0.20307071214750672,96,predefined_daylight,same_H144_prediction,ModernTCN_Sanyo_43,Sanyo,ModernTCN,43,682896,16,11,0.018373810065289337,15.244557900001382,True,artifacts\ModernTCN_Sanyo_43\test_H144.npz
601488,0.8128421306610107,0.5445773601531982,0.8444046378135681,0.13417959224790363,144,regular_full_timeline,same_H144_prediction,ModernTCN_Sanyo_43,Sanyo,ModernTCN,43,682896,16,11,0.018373810065289337,15.244557900001382,True,artifacts\ModernTCN_Sanyo_43\test_H144.npz
263547,1.1099669933319092,0.8739281892776489,0.535070538520813,0.18322736107784163,144,predefined_daylight,same_H144_prediction,ModernTCN_Sanyo_43,Sanyo,ModernTCN,43,682896,16,11,0.018373810065289337,15.244557900001382,True,artifacts\ModernTCN_Sanyo_43\test_H144.npz
50124,0.10353922098875046,0.06698664277791977,0.9955678582191467,0.017091695828608595,12,regular_full_timeline,same_H144_prediction,ModernTCN_Sanyo_44,Sanyo,ModernTCN,44,682896,25,23,0.016157240575800338,24.317107099999703,True,artifacts\ModernTCN_Sanyo_44\test_H144.npz
9219,0.17946307361125946,0.1297421008348465,0.9877692461013794,0.029624795679736728,12,predefined_daylight,same_H144_prediction,ModernTCN_Sanyo_44,Sanyo,ModernTCN,44,682896,25,23,0.016157240575800338,24.317107099999703,True,artifacts\ModernTCN_Sanyo_44\test_H144.npz
200496,0.5384224057197571,0.2958959937095642,0.8853989839553833,0.088879865021098,48,regular_full_timeline,same_H144_prediction,ModernTCN_Sanyo_44,Sanyo,ModernTCN,44,682896,25,23,0.016157240575800338,24.317107099999703,True,artifacts\ModernTCN_Sanyo_44\test_H144.npz
49254,0.9514525532722473,0.6271032691001892,0.6958853006362915,0.15706065277088696,48,predefined_daylight,same_H144_prediction,ModernTCN_Sanyo_44,Sanyo,ModernTCN,44,682896,25,23,0.016157240575800338,24.317107099999703,True,artifacts\ModernTCN_Sanyo_44\test_H144.npz
400992,0.7424330711364746,0.4453047811985016,0.8428661823272705,0.12255684467959307,96,regular_full_timeline,same_H144_prediction,ModernTCN_Sanyo_44,Sanyo,ModernTCN,44,682896,25,23,0.016157240575800338,24.317107099999703,True,artifacts\ModernTCN_Sanyo_44\test_H144.npz
136926,1.1424140930175781,0.8610773086547852,0.535424530506134,0.18858355318603076,96,predefined_daylight,same_H144_prediction,ModernTCN_Sanyo_44,Sanyo,ModernTCN,44,682896,25,23,0.016157240575800338,24.317107099999703,True,artifacts\ModernTCN_Sanyo_44\test_H144.npz
601488,0.7481278777122498,0.48249301314353943,0.8681938052177429,0.12349691261584386,144,regular_full_timeline,same_H144_prediction,ModernTCN_Sanyo_44,Sanyo,ModernTCN,44,682896,25,23,0.016157240575800338,24.317107099999703,True,artifacts\ModernTCN_Sanyo_44\test_H144.npz
263547,1.0329208374023438,0.8034048676490784,0.597374677658081,0.17050899745354164,144,predefined_daylight,same_H144_prediction,ModernTCN_Sanyo_44,Sanyo,ModernTCN,44,682896,25,23,0.016157240575800338,24.317107099999703,True,artifacts\ModernTCN_Sanyo_44\test_H144.npz
54420,0.183072030544281,0.1035548523068428,0.9873466491699219,0.03140782965112628,12,regular_full_timeline,same_H144_prediction,Discrete Candidate_Hanwha_42,Hanwha,Discrete Candidate,42,98802,22,17,0.013196636539171724,922.2202409999991,True,artifacts\Discrete Candidate_Hanwha_42\test_H144.npz
14617,0.3408616781234741,0.27585893869400024,0.9489309191703796,0.058478214773007825,12,predefined_daylight,same_H144_prediction,Discrete Candidate_Hanwha_42,Hanwha,Discrete Candidate,42,98802,22,17,0.013196636539171724,922.2202409999991,True,artifacts\Discrete Candidate_Hanwha_42\test_H144.npz
217680,0.5031967163085938,0.2161582112312317,0.9075046181678772,0.08632840691087283,48,regular_full_timeline,same_H144_prediction,Discrete Candidate_Hanwha_42,Hanwha,Discrete Candidate,42,98802,22,17,0.013196636539171724,922.2202409999991,True,artifacts\Discrete Candidate_Hanwha_42\test_H144.npz
68044,0.883172869682312,0.5730260610580444,0.6863002777099609,0.15151709936799482,48,predefined_daylight,same_H144_prediction,Discrete Candidate_Hanwha_42,Hanwha,Discrete Candidate,42,98802,22,17,0.013196636539171724,922.2202409999991,True,artifacts\Discrete Candidate_Hanwha_42\test_H144.npz
435360,0.7587395906448364,0.3538155257701874,0.8216213583946228,0.13016933139207348,96,regular_full_timeline,same_H144_prediction,Discrete Candidate_Hanwha_42,Hanwha,Discrete Candidate,42,98802,22,17,0.013196636539171724,922.2202409999991,True,artifacts\Discrete Candidate_Hanwha_42\test_H144.npz
165255,1.2193726301193237,0.8426645398139954,0.3809016942977905,0.20919551574411663,96,predefined_daylight,same_H144_prediction,Discrete Candidate_Hanwha_42,Hanwha,Discrete Candidate,42,98802,22,17,0.013196636539171724,922.2202409999991,True,artifacts\Discrete Candidate_Hanwha_42\test_H144.npz
653040,0.7632253170013428,0.39672136306762695,0.8392167091369629,0.13093890241200404,144,regular_full_timeline,same_H144_prediction,Discrete Candidate_Hanwha_42,Hanwha,Discrete Candidate,42,98802,22,17,0.013196636539171724,922.2202409999991,True,artifacts\Discrete Candidate_Hanwha_42\test_H144.npz
290271,1.1293532848358154,0.823800265789032,0.4501166343688965,0.1937518007562803,144,predefined_daylight,same_H144_prediction,Discrete Candidate_Hanwha_42,Hanwha,Discrete Candidate,42,98802,22,17,0.013196636539171724,922.2202409999991,True,artifacts\Discrete Candidate_Hanwha_42\test_H144.npz
54420,0.16847644746303558,0.09196998924016953,0.9892838001251221,0.028903812048264022,12,regular_full_timeline,same_H144_prediction,Discrete Candidate_Hanwha_43,Hanwha,Discrete Candidate,43,98802,25,21,0.012976588667644298,1045.6229158999995,True,artifacts\Discrete Candidate_Hanwha_43\test_H144.npz
14617,0.30879536271095276,0.21243521571159363,0.9580875635147095,0.05297691908615984,12,predefined_daylight,same_H144_prediction,Discrete Candidate_Hanwha_43,Hanwha,Discrete Candidate,43,98802,25,21,0.012976588667644298,1045.6229158999995,True,artifacts\Discrete Candidate_Hanwha_43\test_H144.npz
217680,0.49923986196517944,0.196320578455925,0.9089535474777222,0.0856495691506601,48,regular_full_timeline,same_H144_prediction,Discrete Candidate_Hanwha_43,Hanwha,Discrete Candidate,43,98802,25,21,0.012976588667644298,1045.6229158999995,True,artifacts\Discrete Candidate_Hanwha_43\test_H144.npz
68044,0.8813595175743103,0.5226877927780151,0.6875871419906616,0.1512060007586862,48,predefined_daylight,same_H144_prediction,Discrete Candidate_Hanwha_43,Hanwha,Discrete Candidate,43,98802,25,21,0.012976588667644298,1045.6229158999995,True,artifacts\Discrete Candidate_Hanwha_43\test_H144.npz
435360,0.7538799047470093,0.33780282735824585,0.8238990306854248,0.12933560388938967,96,regular_full_timeline,same_H144_prediction,Discrete Candidate_Hanwha_43,Hanwha,Discrete Candidate,43,98802,25,21,0.012976588667644298,1045.6229158999995,True,artifacts\Discrete Candidate_Hanwha_43\test_H144.npz
165255,1.2150053977966309,0.8116338849067688,0.385328471660614,0.20844627355550796,96,predefined_daylight,same_H144_prediction,Discrete Candidate_Hanwha_43,Hanwha,Discrete Candidate,43,98802,25,21,0.012976588667644298,1045.6229158999995,True,artifacts\Discrete Candidate_Hanwha_43\test_H144.npz
653040,0.7426120042800903,0.3713533282279968,0.8477842807769775,0.1274024833720792,144,regular_full_timeline,same_H144_prediction,Discrete Candidate_Hanwha_43,Hanwha,Discrete Candidate,43,98802,25,21,0.012976588667644298,1045.6229158999995,True,artifacts\Discrete Candidate_Hanwha_43\test_H144.npz
290271,1.1002676486968994,0.7763434052467346,0.47807544469833374,0.18876187027684116,144,predefined_daylight,same_H144_prediction,Discrete Candidate_Hanwha_43,Hanwha,Discrete Candidate,43,98802,25,21,0.012976588667644298,1045.6229158999995,True,artifacts\Discrete Candidate_Hanwha_43\test_H144.npz
54420,0.1676693707704544,0.0851626768708229,0.989386260509491,0.028765350005752,12,regular_full_timeline,same_H144_prediction,Discrete Candidate_Hanwha_44,Hanwha,Discrete Candidate,44,98802,24,19,0.013421937124803662,962.7571671000005,True,artifacts\Discrete Candidate_Hanwha_44\test_H144.npz
14617,0.30992498993873596,0.21097400784492493,0.9577803611755371,0.05317071788455634,12,predefined_daylight,same_H144_prediction,Discrete Candidate_Hanwha_44,Hanwha,Discrete Candidate,44,98802,24,19,0.013421937124803662,962.7571671000005,True,artifacts\Discrete Candidate_Hanwha_44\test_H144.npz
217680,0.5364344716072083,0.20294342935085297,0.8948818445205688,0.09203067477397059,48,regular_full_timeline,same_H144_prediction,Discrete Candidate_Hanwha_44,Hanwha,Discrete Candidate,44,98802,24,19,0.013421937124803662,962.7571671000005,True,artifacts\Discrete Candidate_Hanwha_44\test_H144.npz
68044,0.9534428119659424,0.5584900379180908,0.6343951225280762,0.16357260763038287,48,predefined_daylight,same_H144_prediction,Discrete Candidate_Hanwha_44,Hanwha,Discrete Candidate,44,98802,24,19,0.013421937124803662,962.7571671000005,True,artifacts\Discrete Candidate_Hanwha_44\test_H144.npz
435360,0.8387439846992493,0.3733208477497101,0.7820202112197876,0.14389488177971063,96,regular_full_timeline,same_H144_prediction,Discrete Candidate_Hanwha_44,Hanwha,Discrete Candidate,44,98802,24,19,0.013421937124803662,962.7571671000005,True,artifacts\Discrete Candidate_Hanwha_44\test_H144.npz
165255,1.3544178009033203,0.9073448181152344,0.23617827892303467,0.23236385940961776,96,predefined_daylight,same_H144_prediction,Discrete Candidate_Hanwha_44,Hanwha,Discrete Candidate,44,98802,24,19,0.013421937124803662,962.7571671000005,True,artifacts\Discrete Candidate_Hanwha_44\test_H144.npz
653040,0.8029652237892151,0.39049264788627625,0.8220373392105103,0.13775667910369388,144,regular_full_timeline,same_H144_prediction,Discrete Candidate_Hanwha_44,Hanwha,Discrete Candidate,44,98802,24,19,0.013421937124803662,962.7571671000005,True,artifacts\Discrete Candidate_Hanwha_44\test_H144.npz
290271,1.1905567646026611,0.8203139305114746,0.38890159130096436,0.20425186710097673,144,predefined_daylight,same_H144_prediction,Discrete Candidate_Hanwha_44,Hanwha,Discrete Candidate,44,98802,24,19,0.013421937124803662,962.7571671000005,True,artifacts\Discrete Candidate_Hanwha_44\test_H144.npz
54420,0.18741858005523682,0.13346204161643982,0.9867386817932129,0.03215352349744688,12,regular_full_timeline,same_H144_prediction,iTransformer_Hanwha_42,Hanwha,iTransformer,42,176528,23,18,0.014436233377851108,32.13105949999954,True,artifacts\iTransformer_Hanwha_42\test_H144.npz
14617,0.3031632602214813,0.2296687513589859,0.9596024751663208,0.05201067582638337,12,predefined_daylight,same_H144_prediction,iTransformer_Hanwha_42,Hanwha,iTransformer,42,176528,23,18,0.014436233377851108,32.13105949999954,True,artifacts\iTransformer_Hanwha_42\test_H144.npz
217680,0.533363938331604,0.275278240442276,0.8960817456245422,0.09150389421786065,48,regular_full_timeline,same_H144_prediction,iTransformer_Hanwha_42,Hanwha,iTransformer,42,176528,23,18,0.014436233377851108,32.13105949999954,True,artifacts\iTransformer_Hanwha_42\test_H144.npz
68044,0.9113610982894897,0.5911416411399841,0.6659560203552246,0.15635307065005857,48,predefined_daylight,same_H144_prediction,iTransformer_Hanwha_42,Hanwha,iTransformer,42,176528,23,18,0.014436233377851108,32.13105949999954,True,artifacts\iTransformer_Hanwha_42\test_H144.npz
435360,0.7999061346054077,0.45587342977523804,0.8017398118972778,0.1372318618954782,96,regular_full_timeline,same_H144_prediction,iTransformer_Hanwha_42,Hanwha,iTransformer,42,176528,23,18,0.014436233377851108,32.13105949999954,True,artifacts\iTransformer_Hanwha_42\test_H144.npz
165255,1.2509921789169312,0.9171724915504456,0.3483777642250061,0.21462016416981114,96,predefined_daylight,same_H144_prediction,iTransformer_Hanwha_42,Hanwha,iTransformer,42,176528,23,18,0.014436233377851108,32.13105949999954,True,artifacts\iTransformer_Hanwha_42\test_H144.npz
653040,0.7838164567947388,0.47781649231910706,0.8304240703582764,0.1344715174653837,144,regular_full_timeline,same_H144_prediction,iTransformer_Hanwha_42,Hanwha,iTransformer,42,176528,23,18,0.014436233377851108,32.13105949999954,True,artifacts\iTransformer_Hanwha_42\test_H144.npz
290271,1.1213902235031128,0.8417708277702332,0.4578436017036438,0.1923856582980608,144,predefined_daylight,same_H144_prediction,iTransformer_Hanwha_42,Hanwha,iTransformer,42,176528,23,18,0.014436233377851108,32.13105949999954,True,artifacts\iTransformer_Hanwha_42\test_H144.npz
54420,0.18442600965499878,0.12664984166622162,0.9871587753295898,0.031640118248866624,12,regular_full_timeline,same_H144_prediction,iTransformer_Hanwha_43,Hanwha,iTransformer,43,176528,25,25,0.013945670031449375,37.26891719999912,True,artifacts\iTransformer_Hanwha_43\test_H144.npz
14617,0.30001696944236755,0.23207151889801025,0.9604366421699524,0.0514708983162442,12,predefined_daylight,same_H144_prediction,iTransformer_Hanwha_43,Hanwha,iTransformer,43,176528,25,25,0.013945670031449375,37.26891719999912,True,artifacts\iTransformer_Hanwha_43\test_H144.npz
217680,0.5111171007156372,0.2656153738498688,0.9045698642730713,0.08768722771756994,48,regular_full_timeline,same_H144_prediction,iTransformer_Hanwha_43,Hanwha,iTransformer,43,176528,25,25,0.013945670031449375,37.26891719999912,True,artifacts\iTransformer_Hanwha_43\test_H144.npz
68044,0.8687666654586792,0.5748511552810669,0.6964508295059204,0.14904557159376305,48,predefined_daylight,same_H144_prediction,iTransformer_Hanwha_43,Hanwha,iTransformer,43,176528,25,25,0.013945670031449375,37.26891719999912,True,artifacts\iTransformer_Hanwha_43\test_H144.npz
435360,0.7892124056816101,0.4417429566383362,0.8070053458213806,0.13539724622330035,96,regular_full_timeline,same_H144_prediction,iTransformer_Hanwha_43,Hanwha,iTransformer,43,176528,25,25,0.013945670031449375,37.26891719999912,True,artifacts\iTransformer_Hanwha_43\test_H144.npz
165255,1.2419826984405518,0.9110329747200012,0.3577297329902649,0.2130744980885097,96,predefined_daylight,same_H144_prediction,iTransformer_Hanwha_43,Hanwha,iTransformer,43,176528,25,25,0.013945670031449375,37.26891719999912,True,artifacts\iTransformer_Hanwha_43\test_H144.npz
653040,0.7707314491271973,0.459012895822525,0.8360385894775391,0.13222665411523682,144,regular_full_timeline,same_H144_prediction,iTransformer_Hanwha_43,Hanwha,iTransformer,43,176528,25,25,0.013945670031449375,37.26891719999912,True,artifacts\iTransformer_Hanwha_43\test_H144.npz
290271,1.1101480722427368,0.8293371796607971,0.4686596393585205,0.19045695531351245,144,predefined_daylight,same_H144_prediction,iTransformer_Hanwha_43,Hanwha,iTransformer,43,176528,25,25,0.013945670031449375,37.26891719999912,True,artifacts\iTransformer_Hanwha_43\test_H144.npz
54420,0.1785402148962021,0.12654365599155426,0.9879653453826904,0.030630351554324687,12,regular_full_timeline,same_H144_prediction,iTransformer_Hanwha_44,Hanwha,iTransformer,44,176528,24,19,0.014501246486735694,33.53901369999949,True,artifacts\iTransformer_Hanwha_44\test_H144.npz
14617,0.2886618971824646,0.2137763947248459,0.9633747339248657,0.049522822609895385,12,predefined_daylight,same_H144_prediction,iTransformer_Hanwha_44,Hanwha,iTransformer,44,176528,24,19,0.014501246486735694,33.53901369999949,True,artifacts\iTransformer_Hanwha_44\test_H144.npz
217680,0.5206241011619568,0.275885671377182,0.9009867906570435,0.08931824830342051,48,regular_full_timeline,same_H144_prediction,iTransformer_Hanwha_44,Hanwha,iTransformer,44,176528,24,19,0.014501246486735694,33.53901369999949,True,artifacts\iTransformer_Hanwha_44\test_H144.npz
68044,0.8855937719345093,0.5880381464958191,0.6845781803131104,0.15193242925379433,48,predefined_daylight,same_H144_prediction,iTransformer_Hanwha_44,Hanwha,iTransformer,44,176528,24,19,0.014501246486735694,33.53901369999949,True,artifacts\iTransformer_Hanwha_44\test_H144.npz
435360,0.7745519280433655,0.4566155672073364,0.8141089677810669,0.13288209531304288,96,regular_full_timeline,same_H144_prediction,iTransformer_Hanwha_44,Hanwha,iTransformer,44,176528,24,19,0.014501246486735694,33.53901369999949,True,artifacts\iTransformer_Hanwha_44\test_H144.npz
165255,1.2003341913223267,0.8974552750587463,0.40008318424224854,0.2059292820065996,96,predefined_daylight,same_H144_prediction,iTransformer_Hanwha_44,Hanwha,iTransformer,44,176528,24,19,0.014501246486735694,33.53901369999949,True,artifacts\iTransformer_Hanwha_44\test_H144.npz
653040,0.7623842358589172,0.4761331081390381,0.8395708799362183,0.13079460656754577,144,regular_full_timeline,same_H144_prediction,iTransformer_Hanwha_44,Hanwha,iTransformer,44,176528,24,19,0.014501246486735694,33.53901369999949,True,artifacts\iTransformer_Hanwha_44\test_H144.npz
290271,1.082106113433838,0.8201481699943542,0.4951635003089905,0.18564607807172226,144,predefined_daylight,same_H144_prediction,iTransformer_Hanwha_44,Hanwha,iTransformer,44,176528,24,19,0.014501246486735694,33.53901369999949,True,artifacts\iTransformer_Hanwha_44\test_H144.npz
54420,0.24803417921066284,0.18020273745059967,0.9767734408378601,0.042552733069845694,12,regular_full_timeline,same_H144_prediction,PatchTST_Hanwha_42,Hanwha,PatchTST,42,146576,15,10,0.013879140838980675,21.265169800000876,True,artifacts\PatchTST_Hanwha_42\test_H144.npz
14617,0.39148372411727905,0.31508368253707886,0.9326357841491699,0.06716293079673892,12,predefined_daylight,same_H144_prediction,PatchTST_Hanwha_42,Hanwha,PatchTST,42,146576,15,10,0.013879140838980675,21.265169800000876,True,artifacts\PatchTST_Hanwha_42\test_H144.npz
217680,0.5750556588172913,0.3445577323436737,0.8792006969451904,0.09865652398322566,48,regular_full_timeline,same_H144_prediction,PatchTST_Hanwha_42,Hanwha,PatchTST,42,146576,15,10,0.013879140838980675,21.265169800000876,True,artifacts\PatchTST_Hanwha_42\test_H144.npz
68044,0.9481347799301147,0.655722975730896,0.6384545564651489,0.1626619618836331,48,predefined_daylight,same_H144_prediction,PatchTST_Hanwha_42,Hanwha,PatchTST,42,146576,15,10,0.013879140838980675,21.265169800000876,True,artifacts\PatchTST_Hanwha_42\test_H144.npz
435360,0.8349324464797974,0.5042330026626587,0.7839968204498291,0.143240974447447,96,regular_full_timeline,same_H144_prediction,PatchTST_Hanwha_42,Hanwha,PatchTST,42,146576,15,10,0.013879140838980675,21.265169800000876,True,artifacts\PatchTST_Hanwha_42\test_H144.npz
165255,1.2897250652313232,0.9387414455413818,0.3074023127555847,0.22126517647257585,96,predefined_daylight,same_H144_prediction,PatchTST_Hanwha_42,Hanwha,PatchTST,42,146576,15,10,0.013879140838980675,21.265169800000876,True,artifacts\PatchTST_Hanwha_42\test_H144.npz
653040,0.7896373867988586,0.4915612041950226,0.8278960585594177,0.13547015596541553,144,regular_full_timeline,same_H144_prediction,PatchTST_Hanwha_42,Hanwha,PatchTST,42,146576,15,10,0.013879140838980675,21.265169800000876,True,artifacts\PatchTST_Hanwha_42\test_H144.npz
290271,1.1182079315185547,0.8169224262237549,0.46091634035110474,0.19183970442267093,144,predefined_daylight,same_H144_prediction,PatchTST_Hanwha_42,Hanwha,PatchTST,42,146576,15,10,0.013879140838980675,21.265169800000876,True,artifacts\PatchTST_Hanwha_42\test_H144.npz
54420,0.2033754140138626,0.1432480812072754,0.9843844175338745,0.034891077242023956,12,regular_full_timeline,same_H144_prediction,PatchTST_Hanwha_43,Hanwha,PatchTST,43,146576,16,11,0.014200629132306752,28.91290149999986,True,artifacts\PatchTST_Hanwha_43\test_H144.npz
14617,0.310788094997406,0.2335560917854309,0.9575448632240295,0.05331879215113403,12,predefined_daylight,same_H144_prediction,PatchTST_Hanwha_43,Hanwha,PatchTST,43,146576,16,11,0.014200629132306752,28.91290149999986,True,artifacts\PatchTST_Hanwha_43\test_H144.npz
217680,0.5595434904098511,0.3047160804271698,0.8856300115585327,0.0959952570413996,48,regular_full_timeline,same_H144_prediction,PatchTST_Hanwha_43,Hanwha,PatchTST,43,146576,16,11,0.014200629132306752,28.91290149999986,True,artifacts\PatchTST_Hanwha_43\test_H144.npz
68044,0.9436678290367126,0.6294062733650208,0.6418533325195312,0.1618956119813416,48,predefined_daylight,same_H144_prediction,PatchTST_Hanwha_43,Hanwha,PatchTST,43,146576,16,11,0.014200629132306752,28.91290149999986,True,artifacts\PatchTST_Hanwha_43\test_H144.npz
435360,0.895308256149292,0.5198734402656555,0.751628041267395,0.15359904574599875,96,regular_full_timeline,same_H144_prediction,PatchTST_Hanwha_43,Hanwha,PatchTST,43,146576,16,11,0.014200629132306752,28.91290149999986,True,artifacts\PatchTST_Hanwha_43\test_H144.npz
165255,1.4007984399795532,1.0256410837173462,0.18296992778778076,0.2403209198458068,96,predefined_daylight,same_H144_prediction,PatchTST_Hanwha_43,Hanwha,PatchTST,43,146576,16,11,0.014200629132306752,28.91290149999986,True,artifacts\PatchTST_Hanwha_43\test_H144.npz
653040,0.8600425720214844,0.5332643985748291,0.7958377599716187,0.14754886650057492,144,regular_full_timeline,same_H144_prediction,PatchTST_Hanwha_43,Hanwha,PatchTST,43,146576,16,11,0.014200629132306752,28.91290149999986,True,artifacts\PatchTST_Hanwha_43\test_H144.npz
290271,1.2306225299835205,0.9235602021217346,0.3470788598060608,0.21112554807880174,144,predefined_daylight,same_H144_prediction,PatchTST_Hanwha_43,Hanwha,PatchTST,43,146576,16,11,0.014200629132306752,28.91290149999986,True,artifacts\PatchTST_Hanwha_43\test_H144.npz
54420,0.2192285805940628,0.1667173057794571,0.981855034828186,0.037610845815636965,12,regular_full_timeline,same_H144_prediction,PatchTST_Hanwha_44,Hanwha,PatchTST,44,146576,16,11,0.013742180322022998,29.690960700001597,True,artifacts\PatchTST_Hanwha_44\test_H144.npz
14617,0.3045794367790222,0.23318791389465332,0.9592241644859314,0.05225363501541364,12,predefined_daylight,same_H144_prediction,PatchTST_Hanwha_44,Hanwha,PatchTST,44,146576,16,11,0.013742180322022998,29.690960700001597,True,artifacts\PatchTST_Hanwha_44\test_H144.npz
217680,0.601839542388916,0.34384632110595703,0.8676859736442566,0.10325156589166026,48,regular_full_timeline,same_H144_prediction,PatchTST_Hanwha_44,Hanwha,PatchTST,44,146576,16,11,0.013742180322022998,29.690960700001597,True,artifacts\PatchTST_Hanwha_44\test_H144.npz
68044,1.0117980241775513,0.6882991194725037,0.5882720947265625,0.17358402531635334,48,predefined_daylight,same_H144_prediction,PatchTST_Hanwha_44,Hanwha,PatchTST,44,146576,16,11,0.013742180322022998,29.690960700001597,True,artifacts\PatchTST_Hanwha_44\test_H144.npz
435360,0.8571417331695557,0.4992258548736572,0.7723525762557983,0.1470511987124596,96,regular_full_timeline,same_H144_prediction,PatchTST_Hanwha_44,Hanwha,PatchTST,44,146576,16,11,0.013742180322022998,29.690960700001597,True,artifacts\PatchTST_Hanwha_44\test_H144.npz
165255,1.334196925163269,0.971287190914154,0.25881505012512207,0.2288947668412338,96,predefined_daylight,same_H144_prediction,PatchTST_Hanwha_44,Hanwha,PatchTST,44,146576,16,11,0.013742180322022998,29.690960700001597,True,artifacts\PatchTST_Hanwha_44\test_H144.npz
653040,0.8103558421134949,0.4910943806171417,0.8187462687492371,0.1390246132641189,144,regular_full_timeline,same_H144_prediction,PatchTST_Hanwha_44,Hanwha,PatchTST,44,146576,16,11,0.013742180322022998,29.690960700001597,True,artifacts\PatchTST_Hanwha_44\test_H144.npz
290271,1.157561182975769,0.8473743200302124,0.42230457067489624,0.19859114654253732,144,predefined_daylight,same_H144_prediction,PatchTST_Hanwha_44,Hanwha,PatchTST,44,146576,16,11,0.013742180322022998,29.690960700001597,True,artifacts\PatchTST_Hanwha_44\test_H144.npz
54420,0.150999054312706,0.09767739474773407,0.9913918375968933,0.02590539123444921,12,regular_full_timeline,same_H144_prediction,ModernTCN_Hanwha_42,Hanwha,ModernTCN,42,682896,25,21,0.013810670879833838,29.085395599999174,True,artifacts\ModernTCN_Hanwha_42\test_H144.npz
14617,0.22988680005073547,0.1534847468137741,0.9767710566520691,0.03943936948516892,12,predefined_daylight,same_H144_prediction,ModernTCN_Hanwha_42,Hanwha,ModernTCN,42,682896,25,21,0.013810670879833838,29.085395599999174,True,artifacts\ModernTCN_Hanwha_42\test_H144.npz
217680,0.5280011892318726,0.30103322863578796,0.8981609344482422,0.09058386121399141,48,regular_full_timeline,same_H144_prediction,ModernTCN_Hanwha_42,Hanwha,ModernTCN,42,682896,25,21,0.013810670879833838,29.085395599999174,True,artifacts\ModernTCN_Hanwha_42\test_H144.npz
68044,0.8387642502784729,0.5415412187576294,0.7170547246932983,0.14389835854160674,48,predefined_daylight,same_H144_prediction,ModernTCN_Hanwha_42,Hanwha,ModernTCN,42,682896,25,21,0.013810670879833838,29.085395599999174,True,artifacts\ModernTCN_Hanwha_42\test_H144.npz
435360,0.7439119219779968,0.43977805972099304,0.8285251259803772,0.1276254971961732,96,regular_full_timeline,same_H144_prediction,ModernTCN_Hanwha_42,Hanwha,ModernTCN,42,682896,25,21,0.013810670879833838,29.085395599999174,True,artifacts\ModernTCN_Hanwha_42\test_H144.npz
165255,1.1184813976287842,0.8212605118751526,0.47911208868026733,0.19188662025672765,96,predefined_daylight,same_H144_prediction,ModernTCN_Hanwha_42,Hanwha,ModernTCN,42,682896,25,21,0.013810670879833838,29.085395599999174,True,artifacts\ModernTCN_Hanwha_42\test_H144.npz
653040,0.7382394075393677,0.46688851714134216,0.8495715856552124,0.1266523208641451,144,regular_full_timeline,same_H144_prediction,ModernTCN_Hanwha_42,Hanwha,ModernTCN,42,682896,25,21,0.013810670879833838,29.085395599999174,True,artifacts\ModernTCN_Hanwha_42\test_H144.npz
290271,1.0267164707183838,0.7826290726661682,0.5455228090286255,0.17614343336039404,144,predefined_daylight,same_H144_prediction,ModernTCN_Hanwha_42,Hanwha,ModernTCN,42,682896,25,21,0.013810670879833838,29.085395599999174,True,artifacts\ModernTCN_Hanwha_42\test_H144.npz
54420,0.16667409241199493,0.09684861451387405,0.9895118474960327,0.028594600093572564,12,regular_full_timeline,same_H144_prediction,ModernTCN_Hanwha_43,Hanwha,ModernTCN,43,682896,24,19,0.013965367339551449,27.606087500000285,True,artifacts\ModernTCN_Hanwha_43\test_H144.npz
14617,0.2908104956150055,0.20660211145877838,0.9628275036811829,0.049891436064158676,12,predefined_daylight,same_H144_prediction,ModernTCN_Hanwha_43,Hanwha,ModernTCN,43,682896,24,19,0.013965367339551449,27.606087500000285,True,artifacts\ModernTCN_Hanwha_43\test_H144.npz
217680,0.5514460802078247,0.2972128391265869,0.8889162540435791,0.09460606569696307,48,regular_full_timeline,same_H144_prediction,ModernTCN_Hanwha_43,Hanwha,ModernTCN,43,682896,24,19,0.013965367339551449,27.606087500000285,True,artifacts\ModernTCN_Hanwha_43\test_H144.npz
68044,0.914633572101593,0.5813338756561279,0.6635527610778809,0.1569144961158861,48,predefined_daylight,same_H144_prediction,ModernTCN_Hanwha_43,Hanwha,ModernTCN,43,682896,24,19,0.013965367339551449,27.606087500000285,True,artifacts\ModernTCN_Hanwha_43\test_H144.npz
435360,0.7933812141418457,0.46716439723968506,0.804961085319519,0.13611244682263812,96,regular_full_timeline,same_H144_prediction,ModernTCN_Hanwha_43,Hanwha,ModernTCN,43,682896,24,19,0.013965367339551449,27.606087500000285,True,artifacts\ModernTCN_Hanwha_43\test_H144.npz
165255,1.2099984884262085,0.8860228061676025,0.3903840184211731,0.20758728840022606,96,predefined_daylight,same_H144_prediction,ModernTCN_Hanwha_43,Hanwha,ModernTCN,43,682896,24,19,0.013965367339551449,27.606087500000285,True,artifacts\ModernTCN_Hanwha_43\test_H144.npz
653040,0.7722088694572449,0.48377013206481934,0.83540940284729,0.1324801202832325,144,regular_full_timeline,same_H144_prediction,ModernTCN_Hanwha_43,Hanwha,ModernTCN,43,682896,24,19,0.013965367339551449,27.606087500000285,True,artifacts\ModernTCN_Hanwha_43\test_H144.npz
290271,1.0749865770339966,0.8059349060058594,0.5017846822738647,0.18442465071454264,144,predefined_daylight,same_H144_prediction,ModernTCN_Hanwha_43,Hanwha,ModernTCN,43,682896,24,19,0.013965367339551449,27.606087500000285,True,artifacts\ModernTCN_Hanwha_43\test_H144.npz
54420,0.164255753159523,0.1076817512512207,0.989814043045044,0.02817970991589521,12,regular_full_timeline,same_H144_prediction,ModernTCN_Hanwha_44,Hanwha,ModernTCN,44,682896,21,16,0.013995282680672757,23.639772800001083,True,artifacts\ModernTCN_Hanwha_44\test_H144.npz
14617,0.2605757713317871,0.188144713640213,0.9701551198959351,0.04470436807232578,12,predefined_daylight,same_H144_prediction,ModernTCN_Hanwha_44,Hanwha,ModernTCN,44,682896,21,16,0.013995282680672757,23.639772800001083,True,artifacts\ModernTCN_Hanwha_44\test_H144.npz
217680,0.564104437828064,0.3128809332847595,0.8837578892707825,0.09677773298342685,48,regular_full_timeline,same_H144_prediction,ModernTCN_Hanwha_44,Hanwha,ModernTCN,44,682896,21,16,0.013995282680672757,23.639772800001083,True,artifacts\ModernTCN_Hanwha_44\test_H144.npz
68044,0.9421480894088745,0.6305636763572693,0.643005907535553,0.16163488551644523,48,predefined_daylight,same_H144_prediction,ModernTCN_Hanwha_44,Hanwha,ModernTCN,44,682896,21,16,0.013995282680672757,23.639772800001083,True,artifacts\ModernTCN_Hanwha_44\test_H144.npz
435360,0.7936590909957886,0.45715227723121643,0.8048244714736938,0.1361601193636958,96,regular_full_timeline,same_H144_prediction,ModernTCN_Hanwha_44,Hanwha,ModernTCN,44,682896,21,16,0.013995282680672757,23.639772800001083,True,artifacts\ModernTCN_Hanwha_44\test_H144.npz
165255,1.2215557098388672,0.90406334400177,0.37868303060531616,0.20957004480648841,96,predefined_daylight,same_H144_prediction,ModernTCN_Hanwha_44,Hanwha,ModernTCN,44,682896,21,16,0.013995282680672757,23.639772800001083,True,artifacts\ModernTCN_Hanwha_44\test_H144.npz
653040,0.765646755695343,0.46695205569267273,0.8381948471069336,0.13135432432973607,144,regular_full_timeline,same_H144_prediction,ModernTCN_Hanwha_44,Hanwha,ModernTCN,44,682896,21,16,0.013995282680672757,23.639772800001083,True,artifacts\ModernTCN_Hanwha_44\test_H144.npz
290271,1.0773483514785767,0.8084509968757629,0.49959301948547363,0.18482983663622177,144,predefined_daylight,same_H144_prediction,ModernTCN_Hanwha_44,Hanwha,ModernTCN,44,682896,21,16,0.013995282680672757,23.639772800001083,True,artifacts\ModernTCN_Hanwha_44\test_H144.npz
36228,0.06996534019708633,0.05778538063168526,-310.5347900390625,0.011589739238687582,12,regular_full_timeline,same_H144_prediction,Discrete Candidate_Qcells_42,Qcells,Discrete Candidate,42,98738,reused,reused,reused,0.0,True,artifacts\Discrete Candidate_Qcells_42\test_H144.npz
36,0.1491435319185257,0.13580524921417236,-13.199295997619629,0.024705584782457397,12,predefined_daylight,same_H144_prediction,Discrete Candidate_Qcells_42,Qcells,Discrete Candidate,42,98738,reused,reused,reused,0.0,True,artifacts\Discrete Candidate_Qcells_42\test_H144.npz
144912,0.5187119841575623,0.2031196504831314,0.2562507390975952,0.08592449660694633,48,regular_full_timeline,same_H144_prediction,Discrete Candidate_Qcells_42,Qcells,Discrete Candidate,42,98738,reused,reused,reused,0.0,True,artifacts\Discrete Candidate_Qcells_42\test_H144.npz
14871,1.5772918462753296,1.2701530456542969,-1.050154447555542,0.2612779577737327,48,predefined_daylight,same_H144_prediction,Discrete Candidate_Qcells_42,Qcells,Discrete Candidate,42,98738,reused,reused,reused,0.0,True,artifacts\Discrete Candidate_Qcells_42\test_H144.npz
289824,0.8904521465301514,0.42391762137413025,0.6662059426307678,0.14750315161397376,96,regular_full_timeline,same_H144_prediction,Discrete Candidate_Qcells_42,Qcells,Discrete Candidate,42,98738,reused,reused,reused,0.0,True,artifacts\Discrete Candidate_Qcells_42\test_H144.npz
77007,1.6950732469558716,1.339849829673767,-0.10630214214324951,0.2807884141970077,96,predefined_daylight,same_H144_prediction,Discrete Candidate_Qcells_42,Qcells,Discrete Candidate,42,98738,reused,reused,reused,0.0,True,artifacts\Discrete Candidate_Qcells_42\test_H144.npz
434736,0.867561399936676,0.4659443497657776,0.7990307807922363,0.14371130577645,144,regular_full_timeline,same_H144_prediction,Discrete Candidate_Qcells_42,Qcells,Discrete Candidate,42,98738,reused,reused,reused,0.0,True,artifacts\Discrete Candidate_Qcells_42\test_H144.npz
187271,1.2997400760650635,0.9655981659889221,0.2946147322654724,0.21530158385899428,144,predefined_daylight,same_H144_prediction,Discrete Candidate_Qcells_42,Qcells,Discrete Candidate,42,98738,reused,reused,reused,0.0,True,artifacts\Discrete Candidate_Qcells_42\test_H144.npz
36228,0.09120932221412659,0.06624698638916016,-528.4428100585938,0.015108798979915255,12,regular_full_timeline,same_H144_prediction,Discrete Candidate_Qcells_43,Qcells,Discrete Candidate,43,98738,reused,reused,reused,0.0,True,artifacts\Discrete Candidate_Qcells_43\test_H144.npz
36,0.1394977867603302,0.12328223139047623,-11.422030448913574,0.023107769766745164,12,predefined_daylight,same_H144_prediction,Discrete Candidate_Qcells_43,Qcells,Discrete Candidate,43,98738,reused,reused,reused,0.0,True,artifacts\Discrete Candidate_Qcells_43\test_H144.npz
144912,0.5062791109085083,0.19246402382850647,0.29147690534591675,0.08386499459440283,48,regular_full_timeline,same_H144_prediction,Discrete Candidate_Qcells_43,Qcells,Discrete Candidate,43,98738,reused,reused,reused,0.0,True,artifacts\Discrete Candidate_Qcells_43\test_H144.npz
14871,1.537693738937378,1.2327656745910645,-0.9485079050064087,0.2547185422531385,48,predefined_daylight,same_H144_prediction,Discrete Candidate_Qcells_43,Qcells,Discrete Candidate,43,98738,reused,reused,reused,0.0,True,artifacts\Discrete Candidate_Qcells_43\test_H144.npz
289824,0.8915721774101257,0.4257477819919586,0.6653656959533691,0.14768868441924013,96,regular_full_timeline,same_H144_prediction,Discrete Candidate_Qcells_43,Qcells,Discrete Candidate,43,98738,reused,reused,reused,0.0,True,artifacts\Discrete Candidate_Qcells_43\test_H144.npz
77007,1.7000609636306763,1.355084776878357,-0.11282229423522949,0.2816146280836922,96,predefined_daylight,same_H144_prediction,Discrete Candidate_Qcells_43,Qcells,Discrete Candidate,43,98738,reused,reused,reused,0.0,True,artifacts\Discrete Candidate_Qcells_43\test_H144.npz
434736,0.8870413303375244,0.4937773644924164,0.7899044752120972,0.14693815085570852,144,regular_full_timeline,same_H144_prediction,Discrete Candidate_Qcells_43,Qcells,Discrete Candidate,43,98738,reused,reused,reused,0.0,True,artifacts\Discrete Candidate_Qcells_43\test_H144.npz
187271,1.3305933475494385,1.0333787202835083,0.26072829961776733,0.22041241974083328,144,predefined_daylight,same_H144_prediction,Discrete Candidate_Qcells_43,Qcells,Discrete Candidate,43,98738,reused,reused,reused,0.0,True,artifacts\Discrete Candidate_Qcells_43\test_H144.npz
36228,0.11168753355741501,0.09337087720632553,-792.8711547851562,0.018501009020985427,12,regular_full_timeline,same_H144_prediction,Discrete Candidate_Qcells_44,Qcells,Discrete Candidate,44,98738,reused,reused,reused,0.0,True,artifacts\Discrete Candidate_Qcells_44\test_H144.npz
36,0.19194640219211578,0.18142487108707428,-22.518951416015625,0.03179586839632797,12,predefined_daylight,same_H144_prediction,Discrete Candidate_Qcells_44,Qcells,Discrete Candidate,44,98738,reused,reused,reused,0.0,True,artifacts\Discrete Candidate_Qcells_44\test_H144.npz
144912,0.5151435732841492,0.20728231966495514,0.26644861698150635,0.08533339033342781,48,regular_full_timeline,same_H144_prediction,Discrete Candidate_Qcells_44,Qcells,Discrete Candidate,44,98738,reused,reused,reused,0.0,True,artifacts\Discrete Candidate_Qcells_44\test_H144.npz
14871,1.56017005443573,1.2510170936584473,-1.0058865547180176,0.25844173769446105,48,predefined_daylight,same_H144_prediction,Discrete Candidate_Qcells_44,Qcells,Discrete Candidate,44,98738,reused,reused,reused,0.0,True,artifacts\Discrete Candidate_Qcells_44\test_H144.npz
289824,0.8987546563148499,0.44385212659835815,0.6599524021148682,0.148878460061846,96,regular_full_timeline,same_H144_prediction,Discrete Candidate_Qcells_44,Qcells,Discrete Candidate,44,98738,reused,reused,reused,0.0,True,artifacts\Discrete Candidate_Qcells_44\test_H144.npz
77007,1.7104418277740479,1.3554401397705078,-0.12645387649536133,0.28333421535583314,96,predefined_daylight,same_H144_prediction,Discrete Candidate_Qcells_44,Qcells,Discrete Candidate,44,98738,reused,reused,reused,0.0,True,artifacts\Discrete Candidate_Qcells_44\test_H144.npz
434736,0.9015195369720459,0.5175552368164062,0.7829902172088623,0.14933646177744872,144,regular_full_timeline,same_H144_prediction,Discrete Candidate_Qcells_44,Qcells,Discrete Candidate,44,98738,reused,reused,reused,0.0,True,artifacts\Discrete Candidate_Qcells_44\test_H144.npz
187271,1.349449634552002,1.0494316816329956,0.239626944065094,0.2235359584637775,144,predefined_daylight,same_H144_prediction,Discrete Candidate_Qcells_44,Qcells,Discrete Candidate,44,98738,reused,reused,reused,0.0,True,artifacts\Discrete Candidate_Qcells_44\test_H144.npz
36228,0.13841043412685394,0.11185253411531448,-1218.2093505859375,0.022927650103966555,12,regular_full_timeline,same_H144_prediction,iTransformer_Qcells_42,Qcells,iTransformer,42,176528,19,14,0.01596781281599154,20.102726000000985,True,artifacts\iTransformer_Qcells_42\test_H144.npz
36,0.12479648739099503,0.10233831405639648,-8.941747665405273,0.02067250359523054,12,predefined_daylight,same_H144_prediction,iTransformer_Qcells_42,Qcells,iTransformer,42,176528,19,14,0.01596781281599154,20.102726000000985,True,artifacts\iTransformer_Qcells_42\test_H144.npz
144912,0.5087711811065674,0.25337159633636475,0.2844846844673157,0.0842778053329578,48,regular_full_timeline,same_H144_prediction,iTransformer_Qcells_42,Qcells,iTransformer,42,176528,19,14,0.01596781281599154,20.102726000000985,True,artifacts\iTransformer_Qcells_42\test_H144.npz
14871,1.4752799272537231,1.175026535987854,-0.7935410737991333,0.2443797116225939,48,predefined_daylight,same_H144_prediction,iTransformer_Qcells_42,Qcells,iTransformer,42,176528,19,14,0.01596781281599154,20.102726000000985,True,artifacts\iTransformer_Qcells_42\test_H144.npz
289824,0.8780317306518555,0.4946309030056,0.6754527688026428,0.1454457131614484,96,regular_full_timeline,same_H144_prediction,iTransformer_Qcells_42,Qcells,iTransformer,42,176528,19,14,0.01596781281599154,20.102726000000985,True,artifacts\iTransformer_Qcells_42\test_H144.npz
77007,1.625472903251648,1.309165358543396,-0.01731705665588379,0.2692591365263393,96,predefined_daylight,same_H144_prediction,iTransformer_Qcells_42,Qcells,iTransformer,42,176528,19,14,0.01596781281599154,20.102726000000985,True,artifacts\iTransformer_Qcells_42\test_H144.npz
434736,0.8783197999000549,0.556206226348877,0.7940155863761902,0.14549343175268104,144,regular_full_timeline,same_H144_prediction,iTransformer_Qcells_42,Qcells,iTransformer,42,176528,19,14,0.01596781281599154,20.102726000000985,True,artifacts\iTransformer_Qcells_42\test_H144.npz
187271,1.286204218864441,1.0093616247177124,0.3092302680015564,0.2130593728601566,144,predefined_daylight,same_H144_prediction,iTransformer_Qcells_42,Qcells,iTransformer,42,176528,19,14,0.01596781281599154,20.102726000000985,True,artifacts\iTransformer_Qcells_42\test_H144.npz
36228,0.10226553678512573,0.08226091414690018,-664.5784301757812,0.016940257863469636,12,regular_full_timeline,same_H144_prediction,iTransformer_Qcells_43,Qcells,iTransformer,43,176528,24,19,0.015847477906694014,25.82873269999982,True,artifacts\iTransformer_Qcells_43\test_H144.npz
36,0.13352429866790771,0.11489156633615494,-10.380950927734375,0.022118263117573395,12,predefined_daylight,same_H144_prediction,iTransformer_Qcells_43,Qcells,iTransformer,43,176528,24,19,0.015847477906694014,25.82873269999982,True,artifacts\iTransformer_Qcells_43\test_H144.npz
144912,0.4933224618434906,0.22963295876979828,0.3272778391838074,0.08171872926291525,48,regular_full_timeline,same_H144_prediction,iTransformer_Qcells_43,Qcells,iTransformer,43,176528,24,19,0.015847477906694014,25.82873269999982,True,artifacts\iTransformer_Qcells_43\test_H144.npz
14871,1.4510747194290161,1.1602444648742676,-0.7351700067520142,0.2403701256459323,48,predefined_daylight,same_H144_prediction,iTransformer_Qcells_43,Qcells,iTransformer,43,176528,24,19,0.015847477906694014,25.82873269999982,True,artifacts\iTransformer_Qcells_43\test_H144.npz
289824,0.9014662504196167,0.49321097135543823,0.657897412776947,0.14932763487478745,96,regular_full_timeline,same_H144_prediction,iTransformer_Qcells_43,Qcells,iTransformer,43,176528,24,19,0.015847477906694014,25.82873269999982,True,artifacts\iTransformer_Qcells_43\test_H144.npz
77007,1.684425711631775,1.3511277437210083,-0.09244740009307861,0.2790246529175887,96,predefined_daylight,same_H144_prediction,iTransformer_Qcells_43,Qcells,iTransformer,43,176528,24,19,0.015847477906694014,25.82873269999982,True,artifacts\iTransformer_Qcells_43\test_H144.npz
434736,0.8960331082344055,0.5535432696342468,0.7856234908103943,0.14842763637558865,144,regular_full_timeline,same_H144_prediction,iTransformer_Qcells_43,Qcells,iTransformer,43,176528,24,19,0.015847477906694014,25.82873269999982,True,artifacts\iTransformer_Qcells_43\test_H144.npz
187271,1.3181697130203247,1.0179996490478516,0.2744688391685486,0.2183544481196908,144,predefined_daylight,same_H144_prediction,iTransformer_Qcells_43,Qcells,iTransformer,43,176528,24,19,0.015847477906694014,25.82873269999982,True,artifacts\iTransformer_Qcells_43\test_H144.npz
36228,0.1377626359462738,0.11172179132699966,-1206.8236083984375,0.022820342514650597,12,regular_full_timeline,same_H144_prediction,iTransformer_Qcells_44,Qcells,iTransformer,44,176528,18,13,0.015976420758912962,21.098945800000365,True,artifacts\iTransformer_Qcells_44\test_H144.npz
36,0.13042989373207092,0.11494287103414536,-9.8595609664917,0.021605675796419345,12,predefined_daylight,same_H144_prediction,iTransformer_Qcells_44,Qcells,iTransformer,44,176528,18,13,0.015976420758912962,21.098945800000365,True,artifacts\iTransformer_Qcells_44\test_H144.npz
144912,0.493849515914917,0.2625073194503784,0.3258395791053772,0.08180603562396936,48,regular_full_timeline,same_H144_prediction,iTransformer_Qcells_44,Qcells,iTransformer,44,176528,18,13,0.015976420758912962,21.098945800000365,True,artifacts\iTransformer_Qcells_44\test_H144.npz
14871,1.3972935676574707,1.1100724935531616,-0.608932375907898,0.2314612927404868,48,predefined_daylight,same_H144_prediction,iTransformer_Qcells_44,Qcells,iTransformer,44,176528,18,13,0.015976420758912962,21.098945800000365,True,artifacts\iTransformer_Qcells_44\test_H144.npz
289824,0.8468028903007507,0.48478537797927856,0.6981284618377686,0.1402726644007853,96,regular_full_timeline,same_H144_prediction,iTransformer_Qcells_44,Qcells,iTransformer,44,176528,18,13,0.015976420758912962,21.098945800000365,True,artifacts\iTransformer_Qcells_44\test_H144.npz
77007,1.5501744747161865,1.2292931079864502,0.07475239038467407,0.25678597268048853,96,predefined_daylight,same_H144_prediction,iTransformer_Qcells_44,Qcells,iTransformer,44,176528,18,13,0.015976420758912962,21.098945800000365,True,artifacts\iTransformer_Qcells_44\test_H144.npz
434736,0.8265736103057861,0.5155989527702332,0.8175716996192932,0.13692168976866592,144,regular_full_timeline,same_H144_prediction,iTransformer_Qcells_44,Qcells,iTransformer,44,176528,18,13,0.015976420758912962,21.098945800000365,True,artifacts\iTransformer_Qcells_44\test_H144.npz
187271,1.2018190622329712,0.9129787087440491,0.3968968987464905,0.1990809950202205,144,predefined_daylight,same_H144_prediction,iTransformer_Qcells_44,Qcells,iTransformer,44,176528,18,13,0.015976420758912962,21.098945800000365,True,artifacts\iTransformer_Qcells_44\test_H144.npz
36228,0.14435090124607086,0.11256624013185501,-1325.1103515625,0.023911686838066347,12,regular_full_timeline,same_H144_prediction,PatchTST_Qcells_42,Qcells,PatchTST,42,146576,18,13,0.015242888048912087,18.640271199998097,True,artifacts\PatchTST_Qcells_42\test_H144.npz
36,0.15429769456386566,0.11616068333387375,-14.197665214538574,0.025559370398092293,12,predefined_daylight,same_H144_prediction,PatchTST_Qcells_42,Qcells,PatchTST,42,146576,18,13,0.015242888048912087,18.640271199998097,True,artifacts\PatchTST_Qcells_42\test_H144.npz
144912,0.5381198525428772,0.27384573221206665,0.19955402612686157,0.08913940463327699,48,regular_full_timeline,same_H144_prediction,PatchTST_Qcells_42,Qcells,PatchTST,42,146576,18,13,0.015242888048912087,18.640271199998097,True,artifacts\PatchTST_Qcells_42\test_H144.npz
14871,1.557568073272705,1.2446701526641846,-0.9992014169692993,0.25801072023498056,48,predefined_daylight,same_H144_prediction,PatchTST_Qcells_42,Qcells,PatchTST,42,146576,18,13,0.015242888048912087,18.640271199998097,True,artifacts\PatchTST_Qcells_42\test_H144.npz
289824,0.8997550010681152,0.522034227848053,0.6591949462890625,0.14904416689334968,96,regular_full_timeline,same_H144_prediction,PatchTST_Qcells_42,Qcells,PatchTST,42,146576,18,13,0.015242888048912087,18.640271199998097,True,artifacts\PatchTST_Qcells_42\test_H144.npz
77007,1.6557203531265259,1.3214948177337646,-0.055530548095703125,0.274269618226244,96,predefined_daylight,same_H144_prediction,PatchTST_Qcells_42,Qcells,PatchTST,42,146576,18,13,0.015242888048912087,18.640271199998097,True,artifacts\PatchTST_Qcells_42\test_H144.npz
434736,0.8458669781684875,0.5186102986335754,0.8089560866355896,0.14011763081511705,144,regular_full_timeline,same_H144_prediction,PatchTST_Qcells_42,Qcells,PatchTST,42,146576,18,13,0.015242888048912087,18.640271199998097,True,artifacts\PatchTST_Qcells_42\test_H144.npz
187271,1.2292999029159546,0.8957110643386841,0.3690004348754883,0.2036331886732281,144,predefined_daylight,same_H144_prediction,PatchTST_Qcells_42,Qcells,PatchTST,42,146576,18,13,0.015242888048912087,18.640271199998097,True,artifacts\PatchTST_Qcells_42\test_H144.npz
36228,0.16237661242485046,0.13091005384922028,-1676.983154296875,0.026897640905686977,12,regular_full_timeline,same_H144_prediction,PatchTST_Qcells_43,Qcells,PatchTST,43,146576,13,8,0.015539217623881996,14.109904999997525,True,artifacts\PatchTST_Qcells_43\test_H144.npz
36,0.13083085417747498,0.10491524636745453,-9.926432609558105,0.021672094783222965,12,predefined_daylight,same_H144_prediction,PatchTST_Qcells_43,Qcells,PatchTST,43,146576,13,8,0.015539217623881996,14.109904999997525,True,artifacts\PatchTST_Qcells_43\test_H144.npz
144912,0.5013558864593506,0.27452343702316284,0.3051897883415222,0.0830494638270466,48,regular_full_timeline,same_H144_prediction,PatchTST_Qcells_43,Qcells,PatchTST,43,146576,13,8,0.015539217623881996,14.109904999997525,True,artifacts\PatchTST_Qcells_43\test_H144.npz
14871,1.3993428945541382,1.1078499555587769,-0.6136554479598999,0.23180076317370846,48,predefined_daylight,same_H144_prediction,PatchTST_Qcells_43,Qcells,PatchTST,43,146576,13,8,0.015539217623881996,14.109904999997525,True,artifacts\PatchTST_Qcells_43\test_H144.npz
289824,0.8780245184898376,0.504284143447876,0.6754580736160278,0.14544451846880632,96,regular_full_timeline,same_H144_prediction,PatchTST_Qcells_43,Qcells,PatchTST,43,146576,13,8,0.015539217623881996,14.109904999997525,True,artifacts\PatchTST_Qcells_43\test_H144.npz
77007,1.624484658241272,1.3214638233184814,-0.016080379486083984,0.26909543401389635,96,predefined_daylight,same_H144_prediction,PatchTST_Qcells_43,Qcells,PatchTST,43,146576,13,8,0.015539217623881996,14.109904999997525,True,artifacts\PatchTST_Qcells_43\test_H144.npz
434736,0.8594950437545776,0.5428969264030457,0.8027505278587341,0.14237511610748604,144,regular_full_timeline,same_H144_prediction,PatchTST_Qcells_43,Qcells,PatchTST,43,146576,13,8,0.015539217623881996,14.109904999997525,True,artifacts\PatchTST_Qcells_43\test_H144.npz
187271,1.2580386400222778,0.97672438621521,0.33915233612060547,0.20839375252060224,144,predefined_daylight,same_H144_prediction,PatchTST_Qcells_43,Qcells,PatchTST,43,146576,13,8,0.015539217623881996,14.109904999997525,True,artifacts\PatchTST_Qcells_43\test_H144.npz
36228,0.14095884561538696,0.11086732894182205,-1263.5189208984375,0.02334979376169443,12,regular_full_timeline,same_H144_prediction,PatchTST_Qcells_44,Qcells,PatchTST,44,146576,19,14,0.015160555214000246,21.85272630000327,True,artifacts\PatchTST_Qcells_44\test_H144.npz
36,0.1653866022825241,0.13327918946743011,-16.460580825805664,0.02739624489250765,12,predefined_daylight,same_H144_prediction,PatchTST_Qcells_44,Qcells,PatchTST,44,146576,19,14,0.015160555214000246,21.85272630000327,True,artifacts\PatchTST_Qcells_44\test_H144.npz
144912,0.5233446955680847,0.2614413797855377,0.2429063320159912,0.08669190396986062,48,regular_full_timeline,same_H144_prediction,PatchTST_Qcells_44,Qcells,PatchTST,44,146576,19,14,0.015160555214000246,21.85272630000327,True,artifacts\PatchTST_Qcells_44\test_H144.npz
14871,1.5203889608383179,1.2151391506195068,-0.9048987627029419,0.25185201055063405,48,predefined_daylight,same_H144_prediction,PatchTST_Qcells_44,Qcells,PatchTST,44,146576,19,14,0.015160555214000246,21.85272630000327,True,artifacts\PatchTST_Qcells_44\test_H144.npz
289824,0.9163033962249756,0.517074465751648,0.6465435028076172,0.1517854039708299,96,regular_full_timeline,same_H144_prediction,PatchTST_Qcells_44,Qcells,PatchTST,44,146576,19,14,0.015160555214000246,21.85272630000327,True,artifacts\PatchTST_Qcells_44\test_H144.npz
77007,1.691892147064209,1.3371540307998657,-0.10215377807617188,0.28026146588041645,96,predefined_daylight,same_H144_prediction,PatchTST_Qcells_44,Qcells,PatchTST,44,146576,19,14,0.015160555214000246,21.85272630000327,True,artifacts\PatchTST_Qcells_44\test_H144.npz
434736,0.8701564073562622,0.5290533304214478,0.7978267669677734,0.14414116803726007,144,regular_full_timeline,same_H144_prediction,PatchTST_Qcells_44,Qcells,PatchTST,44,146576,19,14,0.015160555214000246,21.85272630000327,True,artifacts\PatchTST_Qcells_44\test_H144.npz
187271,1.272494912147522,0.9470235705375671,0.32387733459472656,0.21078842999695166,144,predefined_daylight,same_H144_prediction,PatchTST_Qcells_44,Qcells,PatchTST,44,146576,19,14,0.015160555214000246,21.85272630000327,True,artifacts\PatchTST_Qcells_44\test_H144.npz
36228,0.05918200686573982,0.04650983214378357,-221.9051055908203,0.009803483056953773,12,regular_full_timeline,same_H144_prediction,ModernTCN_Qcells_42,Qcells,ModernTCN,42,682896,25,25,0.012861728008526066,19.720427899999777,True,artifacts\ModernTCN_Qcells_42\test_H144.npz
36,0.11465766280889511,0.10372176766395569,-7.391974449157715,0.018993010109422732,12,predefined_daylight,same_H144_prediction,ModernTCN_Qcells_42,Qcells,ModernTCN,42,682896,25,25,0.012861728008526066,19.720427899999777,True,artifacts\ModernTCN_Qcells_42\test_H144.npz
144912,0.48577192425727844,0.21246568858623505,0.3477129340171814,0.08046798480159192,48,regular_full_timeline,same_H144_prediction,ModernTCN_Qcells_42,Qcells,ModernTCN,42,682896,25,25,0.012861728008526066,19.720427899999777,True,artifacts\ModernTCN_Qcells_42\test_H144.npz
14871,1.4321233034133911,1.1404860019683838,-0.6901423931121826,0.2372308288283042,48,predefined_daylight,same_H144_prediction,ModernTCN_Qcells_42,Qcells,ModernTCN,42,682896,25,25,0.012861728008526066,19.720427899999777,True,artifacts\ModernTCN_Qcells_42\test_H144.npz
289824,0.8080847263336182,0.44567450881004333,0.7251021862030029,0.13385901125601718,96,regular_full_timeline,same_H144_prediction,ModernTCN_Qcells_42,Qcells,ModernTCN,42,682896,25,25,0.012861728008526066,19.720427899999777,True,artifacts\ModernTCN_Qcells_42\test_H144.npz
77007,1.49971342086792,1.2095353603363037,0.1340090036392212,0.24842711307709966,96,predefined_daylight,same_H144_prediction,ModernTCN_Qcells_42,Qcells,ModernTCN,42,682896,25,25,0.012861728008526066,19.720427899999777,True,artifacts\ModernTCN_Qcells_42\test_H144.npz
434736,0.7843618988990784,0.480920672416687,0.8357285857200623,0.12992933145747387,144,regular_full_timeline,same_H144_prediction,ModernTCN_Qcells_42,Qcells,ModernTCN,42,682896,25,25,0.012861728008526066,19.720427899999777,True,artifacts\ModernTCN_Qcells_42\test_H144.npz
187271,1.1515583992004395,0.8911290168762207,0.44628626108169556,0.1907553300999941,144,predefined_daylight,same_H144_prediction,ModernTCN_Qcells_42,Qcells,ModernTCN,42,682896,25,25,0.012861728008526066,19.720427899999777,True,artifacts\ModernTCN_Qcells_42\test_H144.npz
36228,0.06344076246023178,0.050856079906225204,-255.1400146484375,0.01050894474244586,12,regular_full_timeline,same_H144_prediction,ModernTCN_Qcells_43,Qcells,ModernTCN,43,682896,25,25,0.01343664173812916,18.406343199996627,True,artifacts\ModernTCN_Qcells_43\test_H144.npz
36,0.2005992829799652,0.180982768535614,-24.687198638916016,0.033229215703896704,12,predefined_daylight,same_H144_prediction,ModernTCN_Qcells_43,Qcells,ModernTCN,43,682896,25,25,0.01343664173812916,18.406343199996627,True,artifacts\ModernTCN_Qcells_43\test_H144.npz
144912,0.47647204995155334,0.2074103206396103,0.37244921922683716,0.07892746319686152,48,regular_full_timeline,same_H144_prediction,ModernTCN_Qcells_43,Qcells,ModernTCN,43,682896,25,25,0.01343664173812916,18.406343199996627,True,artifacts\ModernTCN_Qcells_43\test_H144.npz
14871,1.3776112794876099,1.101883888244629,-0.56392502784729,0.22820092715279983,48,predefined_daylight,same_H144_prediction,ModernTCN_Qcells_43,Qcells,ModernTCN,43,682896,25,25,0.01343664173812916,18.406343199996627,True,artifacts\ModernTCN_Qcells_43\test_H144.npz
289824,0.7609241604804993,0.4181755483150482,0.7562524676322937,0.1260468765755177,96,regular_full_timeline,same_H144_prediction,ModernTCN_Qcells_43,Qcells,ModernTCN,43,682896,25,25,0.01343664173812916,18.406343199996627,True,artifacts\ModernTCN_Qcells_43\test_H144.npz
77007,1.380334734916687,1.104092001914978,0.26638931035995483,0.2286520667908303,96,predefined_daylight,same_H144_prediction,ModernTCN_Qcells_43,Qcells,ModernTCN,43,682896,25,25,0.01343664173812916,18.406343199996627,True,artifacts\ModernTCN_Qcells_43\test_H144.npz
434736,0.7400640249252319,0.4433339238166809,0.8537595272064209,0.12259140089444194,144,regular_full_timeline,same_H144_prediction,ModernTCN_Qcells_43,Qcells,ModernTCN,43,682896,25,25,0.01343664173812916,18.406343199996627,True,artifacts\ModernTCN_Qcells_43\test_H144.npz
187271,1.0703651905059814,0.8120542764663696,0.521615207195282,0.1773056975523588,144,predefined_daylight,same_H144_prediction,ModernTCN_Qcells_43,Qcells,ModernTCN,43,682896,25,25,0.01343664173812916,18.406343199996627,True,artifacts\ModernTCN_Qcells_43\test_H144.npz
36228,0.057615865021944046,0.041267029941082,-210.26365661621094,0.009544052094004688,12,regular_full_timeline,same_H144_prediction,ModernTCN_Qcells_44,Qcells,ModernTCN,44,682896,25,25,0.012659465661272407,18.846610199998395,True,artifacts\ModernTCN_Qcells_44\test_H144.npz
36,0.0827166810631752,0.06449344754219055,-3.3676133155822754,0.013701995323847659,12,predefined_daylight,same_H144_prediction,ModernTCN_Qcells_44,Qcells,ModernTCN,44,682896,25,25,0.012659465661272407,18.846610199998395,True,artifacts\ModernTCN_Qcells_44\test_H144.npz
144912,0.4677978754043579,0.21617038547992706,0.39509040117263794,0.07749058858395078,48,regular_full_timeline,same_H144_prediction,ModernTCN_Qcells_44,Qcells,ModernTCN,44,682896,25,25,0.012659465661272407,18.846610199998395,True,artifacts\ModernTCN_Qcells_44\test_H144.npz
14871,1.3394697904586792,1.0605064630508423,-0.47852396965026855,0.22188280005193312,48,predefined_daylight,same_H144_prediction,ModernTCN_Qcells_44,Qcells,ModernTCN,44,682896,25,25,0.012659465661272407,18.846610199998395,True,artifacts\ModernTCN_Qcells_44\test_H144.npz
289824,0.7461246848106384,0.4177553653717041,0.7656416893005371,0.12359534752699416,96,regular_full_timeline,same_H144_prediction,ModernTCN_Qcells_44,Qcells,ModernTCN,44,682896,25,25,0.012659465661272407,18.846610199998395,True,artifacts\ModernTCN_Qcells_44\test_H144.npz
77007,1.3552621603012085,1.0967967510223389,0.2927980422973633,0.22449880174534662,96,predefined_daylight,same_H144_prediction,ModernTCN_Qcells_44,Qcells,ModernTCN,44,682896,25,25,0.012659465661272407,18.846610199998395,True,artifacts\ModernTCN_Qcells_44\test_H144.npz
434736,0.7467212677001953,0.4669739902019501,0.8511166572570801,0.12369417131752745,144,regular_full_timeline,same_H144_prediction,ModernTCN_Qcells_44,Qcells,ModernTCN,44,682896,25,25,0.012659465661272407,18.846610199998395,True,artifacts\ModernTCN_Qcells_44\test_H144.npz
187271,1.0848759412765503,0.8657704591751099,0.508556604385376,0.17970939940122768,144,predefined_daylight,same_H144_prediction,ModernTCN_Qcells_44,Qcells,ModernTCN,44,682896,25,25,0.012659465661272407,18.846610199998395,True,artifacts\ModernTCN_Qcells_44\test_H144.npz
