section,model,seed,scope,horizon,n,positive_count,prevalence,event_type,rmse_kw,mae_kw,diff_mae_kw,backbone_parameters,power_head_parameters,event_head_parameters,total_parameters,actual_epochs,best_epoch,stop_reason,numerically_finite,training_seconds,mean_epoch_seconds,inference_ms_per_sample,threshold_kw,step_pos_weight,artifact_source,best_validation_objective,auroc,auprc,brier,f1,precision,recall,miss_rate,onset_time_mae_steps,onset_time_mae_minutes,onset_time_n,up_count,down_count,up_recall,down_recall,direction_accuracy,identification_rate,probability_bin,mean_predicted_probability,observed_event_rate
prevalence,LABELS,,train,12,802104,80214,0.1000044881960444,ramp_step,,,,,,,,,,,,,,,,,,,,,,,,,,,,,,,,,,,,,
prevalence,LABELS,,train,12,66842,14457,0.21628616737979114,first_onset,,,,,,,,,,,,,,,,,,,,,,,,,,,,,,,,,,,,,
prevalence,LABELS,,train,12,66842,6981,0.10444032195326292,upward_onset,,,,,,,,,,,,,,,,,,,,,,,,,,,,,,,,,,,,,
prevalence,LABELS,,train,12,66842,7476,0.11184584542652823,downward_onset,,,,,,,,,,,,,,,,,,,,,,,,,,,,,,,,,,,,,
prevalence,LABELS,,validation,12,209820,29568,0.14092078924792678,ramp_step,,,,,,,,,,,,,,,,,,,,,,,,,,,,,,,,,,,,,
prevalence,LABELS,,validation,12,17485,4453,0.25467543608807547,first_onset,,,,,,,,,,,,,,,,,,,,,,,,,,,,,,,,,,,,,
prevalence,LABELS,,validation,12,17485,2162,0.12364884186445525,upward_onset,,,,,,,,,,,,,,,,,,,,,,,,,,,,,,,,,,,,,
prevalence,LABELS,,validation,12,17485,2291,0.13102659422362026,downward_onset,,,,,,,,,,,,,,,,,,,,,,,,,,,,,,,,,,,,,
prevalence,LABELS,,test,12,208812,36486,0.1747313372794667,ramp_step,,,,,,,,,,,,,,,,,,,,,,,,,,,,,,,,,,,,,
prevalence,LABELS,,test,12,17401,5623,0.3231423481409114,first_onset,,,,,,,,,,,,,,,,,,,,,,,,,,,,,,,,,,,,,
prevalence,LABELS,,test,12,17401,3125,0.17958738003563013,upward_onset,,,,,,,,,,,,,,,,,,,,,,,,,,,,,,,,,,,,,
prevalence,LABELS,,test,12,17401,2498,0.14355496810528132,downward_onset,,,,,,,,,,,,,,,,,,,,,,,,,,,,,,,,,,,,,
power,TRAJECTORY_ONLY,42,full_timeline,3,,,,,0.4030815362930298,0.19502899050712585,0.1351211667060852,19136,55308,0,74444,reused,reused,reused,True,0,0,nan,0.15069979429244995,8.999551200538559,C:\Users\Zhujiangkun-Yohkoh\Desktop\光伏项目_最新\PVforecast16\GFNODE_experiments\asoc_multirate_information_screen\results\MEAN_ONLY\42\test_predictions.npz,,,,,,,,,,,,,,,,,,,,
power,TRAJECTORY_ONLY,42,full_timeline,6,,,,,0.4400230646133423,0.2094784677028656,0.1326143592596054,19136,55308,0,74444,reused,reused,reused,True,0,0,nan,0.15069979429244995,8.999551200538559,C:\Users\Zhujiangkun-Yohkoh\Desktop\光伏项目_最新\PVforecast16\GFNODE_experiments\asoc_multirate_information_screen\results\MEAN_ONLY\42\test_predictions.npz,,,,,,,,,,,,,,,,,,,,
power,TRAJECTORY_ONLY,42,full_timeline,12,,,,,0.481767475605011,0.2312507927417755,0.13394679129123688,19136,55308,0,74444,reused,reused,reused,True,0,0,nan,0.15069979429244995,8.999551200538559,C:\Users\Zhujiangkun-Yohkoh\Desktop\光伏项目_最新\PVforecast16\GFNODE_experiments\asoc_multirate_information_screen\results\MEAN_ONLY\42\test_predictions.npz,,,,,,,,,,,,,,,,,,,,
power,TRAJECTORY_ONLY,42,daylight,12,,,,,0.6701191067695618,0.4227704405784607,0.13394679129123688,19136,55308,0,74444,reused,reused,reused,True,0,0,nan,0.15069979429244995,8.999551200538559,C:\Users\Zhujiangkun-Yohkoh\Desktop\光伏项目_最新\PVforecast16\GFNODE_experiments\asoc_multirate_information_screen\results\MEAN_ONLY\42\test_predictions.npz,,,,,,,,,,,,,,,,,,,,
power,TRAJECTORY_ONLY,42,ramp_step,12,,,,,0.9608327150344849,0.7169058918952942,0.13394679129123688,19136,55308,0,74444,reused,reused,reused,True,0,0,nan,0.15069979429244995,8.999551200538559,C:\Users\Zhujiangkun-Yohkoh\Desktop\光伏项目_最新\PVforecast16\GFNODE_experiments\asoc_multirate_information_screen\results\MEAN_ONLY\42\test_predictions.npz,,,,,,,,,,,,,,,,,,,,
power,TRAJECTORY_ONLY,42,onset_near,12,,,,,0.7990145683288574,0.5579513907432556,0.13394679129123688,19136,55308,0,74444,reused,reused,reused,True,0,0,nan,0.15069979429244995,8.999551200538559,C:\Users\Zhujiangkun-Yohkoh\Desktop\光伏项目_最新\PVforecast16\GFNODE_experiments\asoc_multirate_information_screen\results\MEAN_ONLY\42\test_predictions.npz,,,,,,,,,,,,,,,,,,,,
power,TRAJECTORY_ONLY,43,full_timeline,3,,,,,0.41238144040107727,0.19590820372104645,0.13355237245559692,19136,55308,0,74444,reused,reused,reused,True,0,0,nan,0.15069979429244995,8.999551200538559,C:\Users\Zhujiangkun-Yohkoh\Desktop\光伏项目_最新\PVforecast16\GFNODE_experiments\asoc_multirate_information_screen\results\MEAN_ONLY\43\test_predictions.npz,,,,,,,,,,,,,,,,,,,,
power,TRAJECTORY_ONLY,43,full_timeline,6,,,,,0.44752299785614014,0.21256747841835022,0.13295644521713257,19136,55308,0,74444,reused,reused,reused,True,0,0,nan,0.15069979429244995,8.999551200538559,C:\Users\Zhujiangkun-Yohkoh\Desktop\光伏项目_最新\PVforecast16\GFNODE_experiments\asoc_multirate_information_screen\results\MEAN_ONLY\43\test_predictions.npz,,,,,,,,,,,,,,,,,,,,
power,TRAJECTORY_ONLY,43,full_timeline,12,,,,,0.4876216650009155,0.23452074825763702,0.13141803443431854,19136,55308,0,74444,reused,reused,reused,True,0,0,nan,0.15069979429244995,8.999551200538559,C:\Users\Zhujiangkun-Yohkoh\Desktop\光伏项目_最新\PVforecast16\GFNODE_experiments\asoc_multirate_information_screen\results\MEAN_ONLY\43\test_predictions.npz,,,,,,,,,,,,,,,,,,,,
power,TRAJECTORY_ONLY,43,daylight,12,,,,,0.6783857941627502,0.4270092844963074,0.13141803443431854,19136,55308,0,74444,reused,reused,reused,True,0,0,nan,0.15069979429244995,8.999551200538559,C:\Users\Zhujiangkun-Yohkoh\Desktop\光伏项目_最新\PVforecast16\GFNODE_experiments\asoc_multirate_information_screen\results\MEAN_ONLY\43\test_predictions.npz,,,,,,,,,,,,,,,,,,,,
power,TRAJECTORY_ONLY,43,ramp_step,12,,,,,0.972485363483429,0.7279741168022156,0.13141803443431854,19136,55308,0,74444,reused,reused,reused,True,0,0,nan,0.15069979429244995,8.999551200538559,C:\Users\Zhujiangkun-Yohkoh\Desktop\光伏项目_最新\PVforecast16\GFNODE_experiments\asoc_multirate_information_screen\results\MEAN_ONLY\43\test_predictions.npz,,,,,,,,,,,,,,,,,,,,
power,TRAJECTORY_ONLY,43,onset_near,12,,,,,0.8104481101036072,0.5665357708930969,0.13141803443431854,19136,55308,0,74444,reused,reused,reused,True,0,0,nan,0.15069979429244995,8.999551200538559,C:\Users\Zhujiangkun-Yohkoh\Desktop\光伏项目_最新\PVforecast16\GFNODE_experiments\asoc_multirate_information_screen\results\MEAN_ONLY\43\test_predictions.npz,,,,,,,,,,,,,,,,,,,,
power,TRAJECTORY_ONLY,44,full_timeline,3,,,,,0.4072774648666382,0.18773534893989563,0.13048310577869415,19136,55308,0,74444,reused,reused,reused,True,0,0,nan,0.15069979429244995,8.999551200538559,C:\Users\Zhujiangkun-Yohkoh\Desktop\光伏项目_最新\PVforecast16\GFNODE_experiments\asoc_multirate_information_screen\results\MEAN_ONLY\44\test_predictions.npz,,,,,,,,,,,,,,,,,,,,
power,TRAJECTORY_ONLY,44,full_timeline,6,,,,,0.44645193219184875,0.20687218010425568,0.1329408586025238,19136,55308,0,74444,reused,reused,reused,True,0,0,nan,0.15069979429244995,8.999551200538559,C:\Users\Zhujiangkun-Yohkoh\Desktop\光伏项目_最新\PVforecast16\GFNODE_experiments\asoc_multirate_information_screen\results\MEAN_ONLY\44\test_predictions.npz,,,,,,,,,,,,,,,,,,,,
power,TRAJECTORY_ONLY,44,full_timeline,12,,,,,0.49055272340774536,0.2345530092716217,0.13210412859916687,19136,55308,0,74444,reused,reused,reused,True,0,0,nan,0.15069979429244995,8.999551200538559,C:\Users\Zhujiangkun-Yohkoh\Desktop\光伏项目_最新\PVforecast16\GFNODE_experiments\asoc_multirate_information_screen\results\MEAN_ONLY\44\test_predictions.npz,,,,,,,,,,,,,,,,,,,,
power,TRAJECTORY_ONLY,44,daylight,12,,,,,0.6818392276763916,0.4201297461986542,0.13210412859916687,19136,55308,0,74444,reused,reused,reused,True,0,0,nan,0.15069979429244995,8.999551200538559,C:\Users\Zhujiangkun-Yohkoh\Desktop\光伏项目_最新\PVforecast16\GFNODE_experiments\asoc_multirate_information_screen\results\MEAN_ONLY\44\test_predictions.npz,,,,,,,,,,,,,,,,,,,,
power,TRAJECTORY_ONLY,44,ramp_step,12,,,,,0.9792927503585815,0.7342929244041443,0.13210412859916687,19136,55308,0,74444,reused,reused,reused,True,0,0,nan,0.15069979429244995,8.999551200538559,C:\Users\Zhujiangkun-Yohkoh\Desktop\光伏项目_最新\PVforecast16\GFNODE_experiments\asoc_multirate_information_screen\results\MEAN_ONLY\44\test_predictions.npz,,,,,,,,,,,,,,,,,,,,
power,TRAJECTORY_ONLY,44,onset_near,12,,,,,0.815226137638092,0.5667555332183838,0.13210412859916687,19136,55308,0,74444,reused,reused,reused,True,0,0,nan,0.15069979429244995,8.999551200538559,C:\Users\Zhujiangkun-Yohkoh\Desktop\光伏项目_最新\PVforecast16\GFNODE_experiments\asoc_multirate_information_screen\results\MEAN_ONLY\44\test_predictions.npz,,,,,,,,,,,,,,,,,,,,
power,STEP_MULTITASK,42,full_timeline,3,,,,,0.4423670768737793,0.2237038016319275,0.14775501191616058,19136,55308,55308,129752,10,5,early_stopping,True,55.38851059999979,5.523994940000193,0.0384415091086687,0.15069979429244995,8.999551200538559,C:\Users\Zhujiangkun-Yohkoh\Desktop\光伏项目_最新\PVforecast16\GFNODE_experiments\asoc_joint_trajectory_onset_screen\results\STEP_MULTITASK\42\test_predictions.npz,0.1797820584875518,,,,,,,,,,,,,,,,,,,
power,STEP_MULTITASK,42,full_timeline,6,,,,,0.4675629436969757,0.23614464700222015,0.1480925977230072,19136,55308,55308,129752,10,5,early_stopping,True,55.38851059999979,5.523994940000193,0.0384415091086687,0.15069979429244995,8.999551200538559,C:\Users\Zhujiangkun-Yohkoh\Desktop\光伏项目_最新\PVforecast16\GFNODE_experiments\asoc_joint_trajectory_onset_screen\results\STEP_MULTITASK\42\test_predictions.npz,0.1797820584875518,,,,,,,,,,,,,,,,,,,
power,STEP_MULTITASK,42,full_timeline,12,,,,,0.5046685338020325,0.2711285352706909,0.1444772481918335,19136,55308,55308,129752,10,5,early_stopping,True,55.38851059999979,5.523994940000193,0.0384415091086687,0.15069979429244995,8.999551200538559,C:\Users\Zhujiangkun-Yohkoh\Desktop\光伏项目_最新\PVforecast16\GFNODE_experiments\asoc_joint_trajectory_onset_screen\results\STEP_MULTITASK\42\test_predictions.npz,0.1797820584875518,,,,,,,,,,,,,,,,,,,
power,STEP_MULTITASK,42,daylight,12,,,,,0.6967645883560181,0.458055317401886,0.1444772481918335,19136,55308,55308,129752,10,5,early_stopping,True,55.38851059999979,5.523994940000193,0.0384415091086687,0.15069979429244995,8.999551200538559,C:\Users\Zhujiangkun-Yohkoh\Desktop\光伏项目_最新\PVforecast16\GFNODE_experiments\asoc_joint_trajectory_onset_screen\results\STEP_MULTITASK\42\test_predictions.npz,0.1797820584875518,,,,,,,,,,,,,,,,,,,
power,STEP_MULTITASK,42,ramp_step,12,,,,,0.9705079197883606,0.7311652302742004,0.1444772481918335,19136,55308,55308,129752,10,5,early_stopping,True,55.38851059999979,5.523994940000193,0.0384415091086687,0.15069979429244995,8.999551200538559,C:\Users\Zhujiangkun-Yohkoh\Desktop\光伏项目_最新\PVforecast16\GFNODE_experiments\asoc_joint_trajectory_onset_screen\results\STEP_MULTITASK\42\test_predictions.npz,0.1797820584875518,,,,,,,,,,,,,,,,,,,
power,STEP_MULTITASK,42,onset_near,12,,,,,0.8229191303253174,0.5898209810256958,0.1444772481918335,19136,55308,55308,129752,10,5,early_stopping,True,55.38851059999979,5.523994940000193,0.0384415091086687,0.15069979429244995,8.999551200538559,C:\Users\Zhujiangkun-Yohkoh\Desktop\光伏项目_最新\PVforecast16\GFNODE_experiments\asoc_joint_trajectory_onset_screen\results\STEP_MULTITASK\42\test_predictions.npz,0.1797820584875518,,,,,,,,,,,,,,,,,,,
ramp_step,STEP_MULTITASK,42,full_timeline,all12,208812,36486,0.1747313372794667,,,,,19136,55308,55308,129752,10,5,early_stopping,True,55.38851059999979,5.523994940000193,0.0384415091086687,0.15069979429244995,8.999551200538559,,0.1797820584875518,0.9332770617049805,0.6817431969290394,0.15870648742771226,0.5988996594183914,0.43294925526325434,0.9711396151948692,,,,,,,,,,,,,
ramp_step,STEP_MULTITASK,42,daylight,all12,107560,36486,0.3392153216809223,,,,,19136,55308,55308,129752,10,5,early_stopping,True,55.38851059999979,5.523994940000193,0.0384415091086687,0.15069979429244995,8.999551200538559,,0.1797820584875518,0.8383641063151588,0.681785068700552,0.3069643044400589,0.5993808782732255,0.43345240134073837,0.9711396151948692,,,,,,,,,,,,,
ramp_step,STEP_MULTITASK,42,sunrise_sunset_transition,all12,69636,10077,0.14470963294847491,,,,,19136,55308,55308,129752,10,5,early_stopping,True,55.38851059999979,5.523994940000193,0.0384415091086687,0.15069979429244995,8.999551200538559,,0.1797820584875518,0.8736831028425439,0.5151665324729899,0.2084410952962467,0.4520117713974825,0.30102108036890646,0.9069167410935794,,,,,,,,,,,,,
ramp_step,STEP_MULTITASK,42,full_timeline,1,17401,3046,0.1750474110683294,,,,,19136,55308,55308,129752,10,5,early_stopping,True,55.38851059999979,5.523994940000193,0.0384415091086687,0.15069979429244995,8.999551200538559,,0.1797820584875518,0.9421341931553175,0.7214510347940036,0.1466419583951586,0.6255833686890114,0.46208085239736757,0.9681549573210768,,,,,,,,,,,,,
ramp_step,STEP_MULTITASK,42,full_timeline,2,17401,3045,0.174989943106718,,,,,19136,55308,55308,129752,10,5,early_stopping,True,55.38851059999979,5.523994940000193,0.0384415091086687,0.15069979429244995,8.999551200538559,,0.1797820584875518,0.9402965684693378,0.7114460542650469,0.1471765351753889,0.6243105642766228,0.461068463105123,0.9665024630541872,,,,,,,,,,,,,
ramp_step,STEP_MULTITASK,42,full_timeline,3,17401,3044,0.1749324751451066,,,,,19136,55308,55308,129752,10,5,early_stopping,True,55.38851059999979,5.523994940000193,0.0384415091086687,0.15069979429244995,8.999551200538559,,0.1797820584875518,0.9386567189383322,0.6998952098796295,0.14828273033462402,0.6217758985200845,0.4583852867830424,0.9661629434954008,,,,,,,,,,,,,
ramp_step,STEP_MULTITASK,42,full_timeline,4,17401,3043,0.1748750071834952,,,,,19136,55308,55308,129752,10,5,early_stopping,True,55.38851059999979,5.523994940000193,0.0384415091086687,0.15069979429244995,8.999551200538559,,0.1797820584875518,0.9361608604202466,0.695363965719594,0.1570382387961808,0.6055801503140121,0.4409295352323838,0.9664804469273743,,,,,,,,,,,,,
ramp_step,STEP_MULTITASK,42,full_timeline,5,17401,3042,0.1748175392218838,,,,,19136,55308,55308,129752,10,5,early_stopping,True,55.38851059999979,5.523994940000193,0.0384415091086687,0.15069979429244995,8.999551200538559,,0.1797820584875518,0.9341223818327431,0.6905216902568891,0.1545388017638874,0.609038961038961,0.44523773355612944,0.9635108481262328,,,,,,,,,,,,,
ramp_step,STEP_MULTITASK,42,full_timeline,6,17401,3041,0.1747600712602724,,,,,19136,55308,55308,129752,10,5,early_stopping,True,55.38851059999979,5.523994940000193,0.0384415091086687,0.15069979429244995,8.999551200538559,,0.1797820584875518,0.9322359279265088,0.6833865786115448,0.1565199280620504,0.6082634358496427,0.44392382103990324,0.9658007234462348,,,,,,,,,,,,,
ramp_step,STEP_MULTITASK,42,full_timeline,7,17401,3040,0.174702603298661,,,,,19136,55308,55308,129752,10,5,early_stopping,True,55.38851059999979,5.523994940000193,0.0384415091086687,0.15069979429244995,8.999551200538559,,0.1797820584875518,0.9321026381757612,0.6756232375907747,0.1575610643382718,0.6014014420635727,0.4349933891582195,0.9740131578947369,,,,,,,,,,,,,
ramp_step,STEP_MULTITASK,42,full_timeline,8,17401,3039,0.1746451353370496,,,,,19136,55308,55308,129752,10,5,early_stopping,True,55.38851059999979,5.523994940000193,0.0384415091086687,0.15069979429244995,8.999551200538559,,0.1797820584875518,0.930390132290803,0.6707649051600255,0.16189239787267673,0.5990113991728034,0.4319173697992435,0.976966107272129,,,,,,,,,,,,,
ramp_step,STEP_MULTITASK,42,full_timeline,9,17401,3038,0.17458766737543818,,,,,19136,55308,55308,129752,10,5,early_stopping,True,55.38851059999979,5.523994940000193,0.0384415091086687,0.15069979429244995,8.999551200538559,,0.1797820584875518,0.9301892773917988,0.6683156332272352,0.16725310826277243,0.5815089913995309,0.41353906032805116,0.9792626728110599,,,,,,,,,,,,,
ramp_step,STEP_MULTITASK,42,full_timeline,10,17401,3037,0.1745301994138268,,,,,19136,55308,55308,129752,10,5,early_stopping,True,55.38851059999979,5.523994940000193,0.0384415091086687,0.15069979429244995,8.999551200538559,,0.1797820584875518,0.9292543178822922,0.6613452111115591,0.16594968763610585,0.5787416959749903,0.4114460341714127,0.975304576885084,,,,,,,,,,,,,
ramp_step,STEP_MULTITASK,42,full_timeline,11,17401,3036,0.1744727314522154,,,,,19136,55308,55308,129752,10,5,early_stopping,True,55.38851059999979,5.523994940000193,0.0384415091086687,0.15069979429244995,8.999551200538559,,0.1797820584875518,0.9275852663960081,0.6581520755016749,0.16804345209259033,0.5737593473827328,0.4068310150117064,0.9729907773386034,,,,,,,,,,,,,
ramp_step,STEP_MULTITASK,42,full_timeline,12,17401,3035,0.174415263490604,,,,,19136,55308,55308,129752,10,5,early_stopping,True,55.38851059999979,5.523994940000193,0.0384415091086687,0.15069979429244995,8.999551200538559,,0.1797820584875518,0.927745207027117,0.6558274155728351,0.17357994640283997,0.5661995996568487,0.39833690987124465,0.9785831960461285,,,,,,,,,,,,,
first_onset,STEP_MULTITASK,42,full_timeline,12,17401,5623,0.3231423481409114,,,,,19136,55308,55308,129752,10,5,early_stopping,True,55.38851059999979,5.523994940000193,0.0384415091086687,0.15069979429244995,8.999551200538559,,0.1797820584875518,0.9474475889195235,0.8456393130606761,0.19962354707322846,0.5421753607103219,0.5648487184428599,0.521252000711364,0.478747999288636,2.487205731832139,12.436028659160696,2931,3125,2498,0.46144,0.2674139311449159,0.7198908222449676,,,,
first_onset,STEP_MULTITASK,42,daylight,12,9655,5623,0.5823925427239772,,,,,19136,55308,55308,129752,10,5,early_stopping,True,55.38851059999979,5.523994940000193,0.0384415091086687,0.15069979429244995,8.999551200538559,,0.1797820584875518,0.8465138133770315,0.845646507506072,0.355400376006899,0.5422255110535565,0.5649575944487278,0.521252000711364,0.478747999288636,2.487205731832139,12.436028659160696,2931,3125,2498,0.46144,0.2674139311449159,0.7198908222449676,,,,
first_onset,STEP_MULTITASK,42,sunrise_sunset_transition,12,7134,2742,0.3843566021867115,,,,,19136,55308,55308,129752,10,5,early_stopping,True,55.38851059999979,5.523994940000193,0.0384415091086687,0.15069979429244995,8.999551200538559,,0.1797820584875518,0.9053181203408093,0.8039814232287168,0.2737284713373615,0.606358686105744,0.5848864791596069,0.6294675419401896,0.37053245805981033,2.7387022016222478,13.693511008111239,1726,1660,1082,0.6186746987951808,0.24861367837338263,0.7508690614136733,,,,
onset_lead,STEP_MULTITASK,42,full_timeline,1,930,930,0.05344520429860353,,,,,19136,55308,55308,129752,10,5,early_stopping,True,55.38851059999979,5.523994940000193,0.0384415091086687,0.15069979429244995,8.999551200538559,,0.1797820584875518,,,,,,,,,,,499,431,,,,0.9935483870967742,,,
onset_lead,STEP_MULTITASK,42,full_timeline,2,930,930,0.05344520429860353,,,,,19136,55308,55308,129752,10,5,early_stopping,True,55.38851059999979,5.523994940000193,0.0384415091086687,0.15069979429244995,8.999551200538559,,0.1797820584875518,,,,,,,,,,,499,431,,,,0.4924731182795699,,,
onset_lead,STEP_MULTITASK,42,full_timeline,3,771,771,0.044307798402390665,,,,,19136,55308,55308,129752,10,5,early_stopping,True,55.38851059999979,5.523994940000193,0.0384415091086687,0.15069979429244995,8.999551200538559,,0.1797820584875518,,,,,,,,,,,416,355,,,,0.4033722438391699,,,
onset_lead,STEP_MULTITASK,42,full_timeline,4,633,633,0.03637721970001724,,,,,19136,55308,55308,129752,10,5,early_stopping,True,55.38851059999979,5.523994940000193,0.0384415091086687,0.15069979429244995,8.999551200538559,,0.1797820584875518,,,,,,,,,,,348,285,,,,0.3744075829383886,,,
onset_lead,STEP_MULTITASK,42,full_timeline,5,511,511,0.02936612838342624,,,,,19136,55308,55308,129752,10,5,early_stopping,True,55.38851059999979,5.523994940000193,0.0384415091086687,0.15069979429244995,8.999551200538559,,0.1797820584875518,,,,,,,,,,,280,231,,,,0.37573385518590996,,,
onset_lead,STEP_MULTITASK,42,full_timeline,6,426,426,0.0244813516464571,,,,,19136,55308,55308,129752,10,5,early_stopping,True,55.38851059999979,5.523994940000193,0.0384415091086687,0.15069979429244995,8.999551200538559,,0.1797820584875518,,,,,,,,,,,238,188,,,,0.38497652582159625,,,
onset_lead,STEP_MULTITASK,42,full_timeline,7,345,345,0.019826446755933567,,,,,19136,55308,55308,129752,10,5,early_stopping,True,55.38851059999979,5.523994940000193,0.0384415091086687,0.15069979429244995,8.999551200538559,,0.1797820584875518,,,,,,,,,,,198,147,,,,0.4144927536231884,,,
onset_lead,STEP_MULTITASK,42,full_timeline,8,283,283,0.016263433136026666,,,,,19136,55308,55308,129752,10,5,early_stopping,True,55.38851059999979,5.523994940000193,0.0384415091086687,0.15069979429244995,8.999551200538559,,0.1797820584875518,,,,,,,,,,,167,116,,,,0.4452296819787986,,,
onset_lead,STEP_MULTITASK,42,full_timeline,9,242,242,0.013907246709959197,,,,,19136,55308,55308,129752,10,5,early_stopping,True,55.38851059999979,5.523994940000193,0.0384415091086687,0.15069979429244995,8.999551200538559,,0.1797820584875518,,,,,,,,,,,144,98,,,,0.4834710743801653,,,
onset_lead,STEP_MULTITASK,42,full_timeline,10,210,210,0.012068271938394345,,,,,19136,55308,55308,129752,10,5,early_stopping,True,55.38851059999979,5.523994940000193,0.0384415091086687,0.15069979429244995,8.999551200538559,,0.1797820584875518,,,,,,,,,,,125,85,,,,0.47619047619047616,,,
onset_lead,STEP_MULTITASK,42,full_timeline,11,182,182,0.010459169013275099,,,,,19136,55308,55308,129752,10,5,early_stopping,True,55.38851059999979,5.523994940000193,0.0384415091086687,0.15069979429244995,8.999551200538559,,0.1797820584875518,,,,,,,,,,,111,71,,,,0.4835164835164835,,,
onset_lead,STEP_MULTITASK,42,full_timeline,12,160,160,0.009194873857824262,,,,,19136,55308,55308,129752,10,5,early_stopping,True,55.38851059999979,5.523994940000193,0.0384415091086687,0.15069979429244995,8.999551200538559,,0.1797820584875518,,,,,,,,,,,100,60,,,,0.44375,,,
reliability,STEP_MULTITASK,42,full_timeline,12,7434,,,,,,,19136,55308,55308,129752,10,5,early_stopping,True,55.38851059999979,5.523994940000193,0.0384415091086687,0.15069979429244995,8.999551200538559,,0.1797820584875518,,,,,,,,,,,,,,,,,"[0.0,0.1)",0.004446782637387514,0.0
reliability,STEP_MULTITASK,42,full_timeline,12,244,,,,,,,19136,55308,55308,129752,10,5,early_stopping,True,55.38851059999979,5.523994940000193,0.0384415091086687,0.15069979429244995,8.999551200538559,,0.1797820584875518,,,,,,,,,,,,,,,,,"[0.1,0.2)",0.14355994760990143,0.0
reliability,STEP_MULTITASK,42,full_timeline,12,170,,,,,,,19136,55308,55308,129752,10,5,early_stopping,True,55.38851059999979,5.523994940000193,0.0384415091086687,0.15069979429244995,8.999551200538559,,0.1797820584875518,,,,,,,,,,,,,,,,,"[0.2,0.3)",0.2482333481311798,0.0
reliability,STEP_MULTITASK,42,full_timeline,12,126,,,,,,,19136,55308,55308,129752,10,5,early_stopping,True,55.38851059999979,5.523994940000193,0.0384415091086687,0.15069979429244995,8.999551200538559,,0.1797820584875518,,,,,,,,,,,,,,,,,"[0.3,0.4)",0.3559684455394745,0.0
reliability,STEP_MULTITASK,42,full_timeline,12,95,,,,,,,19136,55308,55308,129752,10,5,early_stopping,True,55.38851059999979,5.523994940000193,0.0384415091086687,0.15069979429244995,8.999551200538559,,0.1797820584875518,,,,,,,,,,,,,,,,,"[0.4,0.5)",0.4535418450832367,0.021052631578947368
reliability,STEP_MULTITASK,42,full_timeline,12,104,,,,,,,19136,55308,55308,129752,10,5,early_stopping,True,55.38851059999979,5.523994940000193,0.0384415091086687,0.15069979429244995,8.999551200538559,,0.1797820584875518,,,,,,,,,,,,,,,,,"[0.5,0.6)",0.5472162961959839,0.019230769230769232
reliability,STEP_MULTITASK,42,full_timeline,12,112,,,,,,,19136,55308,55308,129752,10,5,early_stopping,True,55.38851059999979,5.523994940000193,0.0384415091086687,0.15069979429244995,8.999551200538559,,0.1797820584875518,,,,,,,,,,,,,,,,,"[0.6,0.7)",0.6457589268684387,0.026785714285714284
reliability,STEP_MULTITASK,42,full_timeline,12,154,,,,,,,19136,55308,55308,129752,10,5,early_stopping,True,55.38851059999979,5.523994940000193,0.0384415091086687,0.15069979429244995,8.999551200538559,,0.1797820584875518,,,,,,,,,,,,,,,,,"[0.7,0.8)",0.754480242729187,0.09090909090909091
reliability,STEP_MULTITASK,42,full_timeline,12,249,,,,,,,19136,55308,55308,129752,10,5,early_stopping,True,55.38851059999979,5.523994940000193,0.0384415091086687,0.15069979429244995,8.999551200538559,,0.1797820584875518,,,,,,,,,,,,,,,,,"[0.8,0.9)",0.8566833138465881,0.15261044176706828
reliability,STEP_MULTITASK,42,full_timeline,12,3735,,,,,,,19136,55308,55308,129752,10,5,early_stopping,True,55.38851059999979,5.523994940000193,0.0384415091086687,0.15069979429244995,8.999551200538559,,0.1797820584875518,,,,,,,,,,,,,,,,,"[0.9,1.0]",0.9923906326293945,0.33306559571619815
power,STEP_MULTITASK,43,full_timeline,3,,,,,0.4409744143486023,0.22989356517791748,0.14455513656139374,19136,55308,55308,129752,11,6,early_stopping,True,63.82773140000063,5.78648009090896,0.0387330555715139,0.15069979429244995,8.999551200538559,C:\Users\Zhujiangkun-Yohkoh\Desktop\光伏项目_最新\PVforecast16\GFNODE_experiments\asoc_joint_trajectory_onset_screen\results\STEP_MULTITASK\43\test_predictions.npz,0.1838239411796456,,,,,,,,,,,,,,,,,,,
power,STEP_MULTITASK,43,full_timeline,6,,,,,0.46710166335105896,0.2410159707069397,0.14113907516002655,19136,55308,55308,129752,11,6,early_stopping,True,63.82773140000063,5.78648009090896,0.0387330555715139,0.15069979429244995,8.999551200538559,C:\Users\Zhujiangkun-Yohkoh\Desktop\光伏项目_最新\PVforecast16\GFNODE_experiments\asoc_joint_trajectory_onset_screen\results\STEP_MULTITASK\43\test_predictions.npz,0.1838239411796456,,,,,,,,,,,,,,,,,,,
power,STEP_MULTITASK,43,full_timeline,12,,,,,0.5075574517250061,0.2641327381134033,0.13799230754375458,19136,55308,55308,129752,11,6,early_stopping,True,63.82773140000063,5.78648009090896,0.0387330555715139,0.15069979429244995,8.999551200538559,C:\Users\Zhujiangkun-Yohkoh\Desktop\光伏项目_最新\PVforecast16\GFNODE_experiments\asoc_joint_trajectory_onset_screen\results\STEP_MULTITASK\43\test_predictions.npz,0.1838239411796456,,,,,,,,,,,,,,,,,,,
power,STEP_MULTITASK,43,daylight,12,,,,,0.701549232006073,0.4422128200531006,0.13799230754375458,19136,55308,55308,129752,11,6,early_stopping,True,63.82773140000063,5.78648009090896,0.0387330555715139,0.15069979429244995,8.999551200538559,C:\Users\Zhujiangkun-Yohkoh\Desktop\光伏项目_最新\PVforecast16\GFNODE_experiments\asoc_joint_trajectory_onset_screen\results\STEP_MULTITASK\43\test_predictions.npz,0.1838239411796456,,,,,,,,,,,,,,,,,,,
power,STEP_MULTITASK,43,ramp_step,12,,,,,0.9917497634887695,0.7461536526679993,0.13799230754375458,19136,55308,55308,129752,11,6,early_stopping,True,63.82773140000063,5.78648009090896,0.0387330555715139,0.15069979429244995,8.999551200538559,C:\Users\Zhujiangkun-Yohkoh\Desktop\光伏项目_最新\PVforecast16\GFNODE_experiments\asoc_joint_trajectory_onset_screen\results\STEP_MULTITASK\43\test_predictions.npz,0.1838239411796456,,,,,,,,,,,,,,,,,,,
power,STEP_MULTITASK,43,onset_near,12,,,,,0.8394957184791565,0.5919643044471741,0.13799230754375458,19136,55308,55308,129752,11,6,early_stopping,True,63.82773140000063,5.78648009090896,0.0387330555715139,0.15069979429244995,8.999551200538559,C:\Users\Zhujiangkun-Yohkoh\Desktop\光伏项目_最新\PVforecast16\GFNODE_experiments\asoc_joint_trajectory_onset_screen\results\STEP_MULTITASK\43\test_predictions.npz,0.1838239411796456,,,,,,,,,,,,,,,,,,,
ramp_step,STEP_MULTITASK,43,full_timeline,all12,208812,36486,0.1747313372794667,,,,,19136,55308,55308,129752,11,6,early_stopping,True,63.82773140000063,5.78648009090896,0.0387330555715139,0.15069979429244995,8.999551200538559,,0.1838239411796456,0.9329941644744091,0.6807268006197906,0.1414237516093531,0.637217442297296,0.4786169495258152,0.953023077344735,,,,,,,,,,,,,
ramp_step,STEP_MULTITASK,43,daylight,all12,107560,36486,0.3392153216809223,,,,,19136,55308,55308,129752,11,6,early_stopping,True,63.82773140000063,5.78648009090896,0.0387330555715139,0.15069979429244995,8.999551200538559,,0.1838239411796456,0.8376158470072067,0.6807478057742512,0.27437174745076337,0.6372232810438352,0.47862353750860287,0.953023077344735,,,,,,,,,,,,,
ramp_step,STEP_MULTITASK,43,sunrise_sunset_transition,all12,69636,10077,0.14470963294847491,,,,,19136,55308,55308,129752,11,6,early_stopping,True,63.82773140000063,5.78648009090896,0.0387330555715139,0.15069979429244995,8.999551200538559,,0.1838239411796456,0.8724685358692335,0.5065452555931986,0.17670532652992554,0.4909008189262966,0.34402773902993106,0.8566041480599385,,,,,,,,,,,,,
ramp_step,STEP_MULTITASK,43,full_timeline,1,17401,3046,0.1750474110683294,,,,,19136,55308,55308,129752,11,6,early_stopping,True,63.82773140000063,5.78648009090896,0.0387330555715139,0.15069979429244995,8.999551200538559,,0.1838239411796456,0.9437978169633023,0.7307704505240568,0.14129564933145894,0.63998254989639,0.4791768740813327,0.9632304661851608,,,,,,,,,,,,,
ramp_step,STEP_MULTITASK,43,full_timeline,2,17401,3045,0.174989943106718,,,,,19136,55308,55308,129752,11,6,early_stopping,True,63.82773140000063,5.78648009090896,0.0387330555715139,0.15069979429244995,8.999551200538559,,0.1838239411796456,0.9408339818666872,0.7169869389729089,0.14193766764260793,0.6371469080597666,0.4769758327890268,0.9592775041050903,,,,,,,,,,,,,
ramp_step,STEP_MULTITASK,43,full_timeline,3,17401,3044,0.1749324751451066,,,,,19136,55308,55308,129752,11,6,early_stopping,True,63.82773140000063,5.78648009090896,0.0387330555715139,0.15069979429244995,8.999551200538559,,0.1838239411796456,0.9385972832621723,0.7045662103052241,0.14028527378264619,0.6417301114421273,0.48313673367669047,0.9553219448094612,,,,,,,,,,,,,
ramp_step,STEP_MULTITASK,43,full_timeline,4,17401,3043,0.1748750071834952,,,,,19136,55308,55308,129752,11,6,early_stopping,True,63.82773140000063,5.78648009090896,0.0387330555715139,0.15069979429244995,8.999551200538559,,0.1838239411796456,0.9366545503217406,0.6954815348643832,0.14070157799866492,0.6395927852163329,0.48214881548214883,0.9497206703910615,,,,,,,,,,,,,
ramp_step,STEP_MULTITASK,43,full_timeline,5,17401,3042,0.1748175392218838,,,,,19136,55308,55308,129752,11,6,early_stopping,True,63.82773140000063,5.78648009090896,0.0387330555715139,0.15069979429244995,8.999551200538559,,0.1838239411796456,0.9350099832697185,0.6833084332754271,0.14005303534452848,0.6371954580531364,0.4793498092552662,0.9500328731097962,,,,,,,,,,,,,
ramp_step,STEP_MULTITASK,43,full_timeline,6,17401,3041,0.1747600712602724,,,,,19136,55308,55308,129752,11,6,early_stopping,True,63.82773140000063,5.78648009090896,0.0387330555715139,0.15069979429244995,8.999551200538559,,0.1838239411796456,0.9314758193271346,0.6769627385071045,0.14275581087594838,0.6344157278550917,0.4776317977714951,0.9444261756001315,,,,,,,,,,,,,
ramp_step,STEP_MULTITASK,43,full_timeline,7,17401,3040,0.174702603298661,,,,,19136,55308,55308,129752,11,6,early_stopping,True,63.82773140000063,5.78648009090896,0.0387330555715139,0.15069979429244995,8.999551200538559,,0.1838239411796456,0.9321980972773484,0.6684416923890165,0.13803953516968492,0.6498479558508841,0.49409145401609866,0.9490131578947368,,,,,,,,,,,,,
ramp_step,STEP_MULTITASK,43,full_timeline,8,17401,3039,0.1746451353370496,,,,,19136,55308,55308,129752,11,6,early_stopping,True,63.82773140000063,5.78648009090896,0.0387330555715139,0.15069979429244995,8.999551200538559,,0.1838239411796456,0.9305359528194466,0.6570533921850554,0.14011604572341002,0.6459170013386881,0.48860759493670886,0.9526159921026653,,,,,,,,,,,,,
ramp_step,STEP_MULTITASK,43,full_timeline,9,17401,3038,0.17458766737543818,,,,,19136,55308,55308,129752,11,6,early_stopping,True,63.82773140000063,5.78648009090896,0.0387330555715139,0.15069979429244995,8.999551200538559,,0.1838239411796456,0.9286139634347762,0.6627464363549022,0.1372043688674038,0.6457551994544835,0.49314355146675926,0.935154707044108,,,,,,,,,,,,,
ramp_step,STEP_MULTITASK,43,full_timeline,10,17401,3037,0.1745301994138268,,,,,19136,55308,55308,129752,11,6,early_stopping,True,63.82773140000063,5.78648009090896,0.0387330555715139,0.15069979429244995,8.999551200538559,,0.1838239411796456,0.9283425494735998,0.6523211556117445,0.1406460043092192,0.6356946732564525,0.476928147659855,0.9529140599275601,,,,,,,,,,,,,
ramp_step,STEP_MULTITASK,43,full_timeline,11,17401,3036,0.1744727314522154,,,,,19136,55308,55308,129752,11,6,early_stopping,True,63.82773140000063,5.78648009090896,0.0387330555715139,0.15069979429244995,8.999551200538559,,0.1838239411796456,0.9265736902614732,0.6444341794389227,0.14659559657453777,0.6188759278897137,0.45636534250860183,0.961133069828722,,,,,,,,,,,,,
ramp_step,STEP_MULTITASK,43,full_timeline,12,17401,3035,0.174415263490604,,,,,19136,55308,55308,129752,11,6,early_stopping,True,63.82773140000063,5.78648009090896,0.0387330555715139,0.15069979429244995,8.999551200538559,,0.1838239411796456,0.9259136126140777,0.6411262342143942,0.1474544536921268,0.6223262743428754,0.45960389814523733,0.9634266886326195,,,,,,,,,,,,,
first_onset,STEP_MULTITASK,43,full_timeline,12,17401,5623,0.3231423481409114,,,,,19136,55308,55308,129752,11,6,early_stopping,True,63.82773140000063,5.78648009090896,0.0387330555715139,0.15069979429244995,8.999551200538559,,0.1838239411796456,0.9490937960183242,0.8604106784215879,0.18018926013404463,0.551093439363817,0.6247464503042597,0.49297528009959096,0.507024719900409,2.7496392496392494,13.748196248196248,2772,3125,2498,0.424,0.2618094475580464,0.713924963924964,,,,
first_onset,STEP_MULTITASK,43,daylight,12,9655,5623,0.5823925427239772,,,,,19136,55308,55308,129752,11,6,early_stopping,True,63.82773140000063,5.78648009090896,0.0387330555715139,0.15069979429244995,8.999551200538559,,0.1838239411796456,0.8513182773628154,0.8604166666858093,0.32399769463512695,0.551093439363817,0.6247464503042597,0.49297528009959096,0.507024719900409,2.7496392496392494,13.748196248196248,2772,3125,2498,0.424,0.2618094475580464,0.713924963924964,,,,
first_onset,STEP_MULTITASK,43,sunrise_sunset_transition,12,7134,2742,0.3843566021867115,,,,,19136,55308,55308,129752,11,6,early_stopping,True,63.82773140000063,5.78648009090896,0.0387330555715139,0.15069979429244995,8.999551200538559,,0.1838239411796456,0.9038013715009984,0.8165141193191613,0.2305018224505499,0.6070878274268104,0.643265306122449,0.574762946754194,0.42523705324580596,3.262690355329949,16.313451776649746,1576,1660,1082,0.5403614457831325,0.2800369685767098,0.7614213197969543,,,,
onset_lead,STEP_MULTITASK,43,full_timeline,1,930,930,0.05344520429860353,,,,,19136,55308,55308,129752,11,6,early_stopping,True,63.82773140000063,5.78648009090896,0.0387330555715139,0.15069979429244995,8.999551200538559,,0.1838239411796456,,,,,,,,,,,499,431,,,,0.9795698924731183,,,
onset_lead,STEP_MULTITASK,43,full_timeline,2,930,930,0.05344520429860353,,,,,19136,55308,55308,129752,11,6,early_stopping,True,63.82773140000063,5.78648009090896,0.0387330555715139,0.15069979429244995,8.999551200538559,,0.1838239411796456,,,,,,,,,,,499,431,,,,0.4827956989247312,,,
onset_lead,STEP_MULTITASK,43,full_timeline,3,771,771,0.044307798402390665,,,,,19136,55308,55308,129752,11,6,early_stopping,True,63.82773140000063,5.78648009090896,0.0387330555715139,0.15069979429244995,8.999551200538559,,0.1838239411796456,,,,,,,,,,,416,355,,,,0.39169909208819714,,,
onset_lead,STEP_MULTITASK,43,full_timeline,4,633,633,0.03637721970001724,,,,,19136,55308,55308,129752,11,6,early_stopping,True,63.82773140000063,5.78648009090896,0.0387330555715139,0.15069979429244995,8.999551200538559,,0.1838239411796456,,,,,,,,,,,348,285,,,,0.3696682464454976,,,
onset_lead,STEP_MULTITASK,43,full_timeline,5,511,511,0.02936612838342624,,,,,19136,55308,55308,129752,11,6,early_stopping,True,63.82773140000063,5.78648009090896,0.0387330555715139,0.15069979429244995,8.999551200538559,,0.1838239411796456,,,,,,,,,,,280,231,,,,0.3698630136986301,,,
onset_lead,STEP_MULTITASK,43,full_timeline,6,426,426,0.0244813516464571,,,,,19136,55308,55308,129752,11,6,early_stopping,True,63.82773140000063,5.78648009090896,0.0387330555715139,0.15069979429244995,8.999551200538559,,0.1838239411796456,,,,,,,,,,,238,188,,,,0.37089201877934275,,,
onset_lead,STEP_MULTITASK,43,full_timeline,7,345,345,0.019826446755933567,,,,,19136,55308,55308,129752,11,6,early_stopping,True,63.82773140000063,5.78648009090896,0.0387330555715139,0.15069979429244995,8.999551200538559,,0.1838239411796456,,,,,,,,,,,198,147,,,,0.3884057971014493,,,
onset_lead,STEP_MULTITASK,43,full_timeline,8,283,283,0.016263433136026666,,,,,19136,55308,55308,129752,11,6,early_stopping,True,63.82773140000063,5.78648009090896,0.0387330555715139,0.15069979429244995,8.999551200538559,,0.1838239411796456,,,,,,,,,,,167,116,,,,0.3710247349823322,,,
onset_lead,STEP_MULTITASK,43,full_timeline,9,242,242,0.013907246709959197,,,,,19136,55308,55308,129752,11,6,early_stopping,True,63.82773140000063,5.78648009090896,0.0387330555715139,0.15069979429244995,8.999551200538559,,0.1838239411796456,,,,,,,,,,,144,98,,,,0.35537190082644626,,,
onset_lead,STEP_MULTITASK,43,full_timeline,10,210,210,0.012068271938394345,,,,,19136,55308,55308,129752,11,6,early_stopping,True,63.82773140000063,5.78648009090896,0.0387330555715139,0.15069979429244995,8.999551200538559,,0.1838239411796456,,,,,,,,,,,125,85,,,,0.3523809523809524,,,
onset_lead,STEP_MULTITASK,43,full_timeline,11,182,182,0.010459169013275099,,,,,19136,55308,55308,129752,11,6,early_stopping,True,63.82773140000063,5.78648009090896,0.0387330555715139,0.15069979429244995,8.999551200538559,,0.1838239411796456,,,,,,,,,,,111,71,,,,0.3791208791208791,,,
onset_lead,STEP_MULTITASK,43,full_timeline,12,160,160,0.009194873857824262,,,,,19136,55308,55308,129752,11,6,early_stopping,True,63.82773140000063,5.78648009090896,0.0387330555715139,0.15069979429244995,8.999551200538559,,0.1838239411796456,,,,,,,,,,,100,60,,,,0.38125,,,
reliability,STEP_MULTITASK,43,full_timeline,12,7846,,,,,,,19136,55308,55308,129752,11,6,early_stopping,True,63.82773140000063,5.78648009090896,0.0387330555715139,0.15069979429244995,8.999551200538559,,0.1838239411796456,,,,,,,,,,,,,,,,,"[0.0,0.1)",0.003872038796544075,0.0
reliability,STEP_MULTITASK,43,full_timeline,12,220,,,,,,,19136,55308,55308,129752,11,6,early_stopping,True,63.82773140000063,5.78648009090896,0.0387330555715139,0.15069979429244995,8.999551200538559,,0.1838239411796456,,,,,,,,,,,,,,,,,"[0.1,0.2)",0.14660301804542542,0.00909090909090909
reliability,STEP_MULTITASK,43,full_timeline,12,156,,,,,,,19136,55308,55308,129752,11,6,early_stopping,True,63.82773140000063,5.78648009090896,0.0387330555715139,0.15069979429244995,8.999551200538559,,0.1838239411796456,,,,,,,,,,,,,,,,,"[0.2,0.3)",0.2479427605867386,0.03205128205128205
reliability,STEP_MULTITASK,43,full_timeline,12,130,,,,,,,19136,55308,55308,129752,11,6,early_stopping,True,63.82773140000063,5.78648009090896,0.0387330555715139,0.15069979429244995,8.999551200538559,,0.1838239411796456,,,,,,,,,,,,,,,,,"[0.3,0.4)",0.35136693716049194,0.09230769230769231
reliability,STEP_MULTITASK,43,full_timeline,12,125,,,,,,,19136,55308,55308,129752,11,6,early_stopping,True,63.82773140000063,5.78648009090896,0.0387330555715139,0.15069979429244995,8.999551200538559,,0.1838239411796456,,,,,,,,,,,,,,,,,"[0.4,0.5)",0.45208030939102173,0.128
reliability,STEP_MULTITASK,43,full_timeline,12,120,,,,,,,19136,55308,55308,129752,11,6,early_stopping,True,63.82773140000063,5.78648009090896,0.0387330555715139,0.15069979429244995,8.999551200538559,,0.1838239411796456,,,,,,,,,,,,,,,,,"[0.5,0.6)",0.5488215088844299,0.23333333333333334
reliability,STEP_MULTITASK,43,full_timeline,12,152,,,,,,,19136,55308,55308,129752,11,6,early_stopping,True,63.82773140000063,5.78648009090896,0.0387330555715139,0.15069979429244995,8.999551200538559,,0.1838239411796456,,,,,,,,,,,,,,,,,"[0.6,0.7)",0.649169921875,0.23684210526315788
reliability,STEP_MULTITASK,43,full_timeline,12,174,,,,,,,19136,55308,55308,129752,11,6,early_stopping,True,63.82773140000063,5.78648009090896,0.0387330555715139,0.15069979429244995,8.999551200538559,,0.1838239411796456,,,,,,,,,,,,,,,,,"[0.7,0.8)",0.7509744763374329,0.27011494252873564
reliability,STEP_MULTITASK,43,full_timeline,12,222,,,,,,,19136,55308,55308,129752,11,6,early_stopping,True,63.82773140000063,5.78648009090896,0.0387330555715139,0.15069979429244995,8.999551200538559,,0.1838239411796456,,,,,,,,,,,,,,,,,"[0.8,0.9)",0.8550680875778198,0.3108108108108108
reliability,STEP_MULTITASK,43,full_timeline,12,3607,,,,,,,19136,55308,55308,129752,11,6,early_stopping,True,63.82773140000063,5.78648009090896,0.0387330555715139,0.15069979429244995,8.999551200538559,,0.1838239411796456,,,,,,,,,,,,,,,,,"[0.9,1.0]",0.9897938966751099,0.3507069586914333
power,STEP_MULTITASK,44,full_timeline,3,,,,,0.42582637071609497,0.2276548594236374,0.14788423478603363,19136,55308,55308,129752,13,8,early_stopping,True,78.83747299999959,6.0492270076925845,0.0393681282684127,0.15069979429244995,8.999551200538559,C:\Users\Zhujiangkun-Yohkoh\Desktop\光伏项目_最新\PVforecast16\GFNODE_experiments\asoc_joint_trajectory_onset_screen\results\STEP_MULTITASK\44\test_predictions.npz,0.1813793544529303,,,,,,,,,,,,,,,,,,,
power,STEP_MULTITASK,44,full_timeline,6,,,,,0.45851776003837585,0.24290549755096436,0.14791308343410492,19136,55308,55308,129752,13,8,early_stopping,True,78.83747299999959,6.0492270076925845,0.0393681282684127,0.15069979429244995,8.999551200538559,C:\Users\Zhujiangkun-Yohkoh\Desktop\光伏项目_最新\PVforecast16\GFNODE_experiments\asoc_joint_trajectory_onset_screen\results\STEP_MULTITASK\44\test_predictions.npz,0.1813793544529303,,,,,,,,,,,,,,,,,,,
power,STEP_MULTITASK,44,full_timeline,12,,,,,0.4983415901660919,0.2702533006668091,0.14219236373901367,19136,55308,55308,129752,13,8,early_stopping,True,78.83747299999959,6.0492270076925845,0.0393681282684127,0.15069979429244995,8.999551200538559,C:\Users\Zhujiangkun-Yohkoh\Desktop\光伏项目_最新\PVforecast16\GFNODE_experiments\asoc_joint_trajectory_onset_screen\results\STEP_MULTITASK\44\test_predictions.npz,0.1813793544529303,,,,,,,,,,,,,,,,,,,
power,STEP_MULTITASK,44,daylight,12,,,,,0.6886462569236755,0.4598153829574585,0.14219236373901367,19136,55308,55308,129752,13,8,early_stopping,True,78.83747299999959,6.0492270076925845,0.0393681282684127,0.15069979429244995,8.999551200538559,C:\Users\Zhujiangkun-Yohkoh\Desktop\光伏项目_最新\PVforecast16\GFNODE_experiments\asoc_joint_trajectory_onset_screen\results\STEP_MULTITASK\44\test_predictions.npz,0.1813793544529303,,,,,,,,,,,,,,,,,,,
power,STEP_MULTITASK,44,ramp_step,12,,,,,0.9575517177581787,0.7269831299781799,0.14219236373901367,19136,55308,55308,129752,13,8,early_stopping,True,78.83747299999959,6.0492270076925845,0.0393681282684127,0.15069979429244995,8.999551200538559,C:\Users\Zhujiangkun-Yohkoh\Desktop\光伏项目_最新\PVforecast16\GFNODE_experiments\asoc_joint_trajectory_onset_screen\results\STEP_MULTITASK\44\test_predictions.npz,0.1813793544529303,,,,,,,,,,,,,,,,,,,
power,STEP_MULTITASK,44,onset_near,12,,,,,0.8154330253601074,0.5898060202598572,0.14219236373901367,19136,55308,55308,129752,13,8,early_stopping,True,78.83747299999959,6.0492270076925845,0.0393681282684127,0.15069979429244995,8.999551200538559,C:\Users\Zhujiangkun-Yohkoh\Desktop\光伏项目_最新\PVforecast16\GFNODE_experiments\asoc_joint_trajectory_onset_screen\results\STEP_MULTITASK\44\test_predictions.npz,0.1813793544529303,,,,,,,,,,,,,,,,,,,
ramp_step,STEP_MULTITASK,44,full_timeline,all12,208812,36486,0.1747313372794667,,,,,19136,55308,55308,129752,13,8,early_stopping,True,78.83747299999959,6.0492270076925845,0.0393681282684127,0.15069979429244995,8.999551200538559,,0.1813793544529303,0.9324814676228431,0.668037398503866,0.15800348360251393,0.6121445042275173,0.44461813309513176,0.9822397631968426,,,,,,,,,,,,,
ramp_step,STEP_MULTITASK,44,daylight,all12,107560,36486,0.3392153216809223,,,,,19136,55308,55308,129752,13,8,early_stopping,True,78.83747299999959,6.0492270076925845,0.0393681282684127,0.15069979429244995,8.999551200538559,,0.1813793544529303,0.8364442059797761,0.6680899702842631,0.3050306072968057,0.6130869899923018,0.4456132497761862,0.9822397631968426,,,,,,,,,,,,,
ramp_step,STEP_MULTITASK,44,sunrise_sunset_transition,all12,69636,10077,0.14470963294847491,,,,,19136,55308,55308,129752,13,8,early_stopping,True,78.83747299999959,6.0492270076925845,0.0393681282684127,0.15069979429244995,8.999551200538559,,0.1813793544529303,0.8814194163028263,0.5091665915736661,0.22708187368462637,0.45719391474053,0.2995809195118945,0.9647712612880818,,,,,,,,,,,,,
ramp_step,STEP_MULTITASK,44,full_timeline,1,17401,3046,0.1750474110683294,,,,,19136,55308,55308,129752,13,8,early_stopping,True,78.83747299999959,6.0492270076925845,0.0393681282684127,0.15069979429244995,8.999551200538559,,0.1813793544529303,0.9446790109988877,0.714601471359294,0.15075829398832127,0.6299655927431967,0.4615737203972498,0.9917925147734734,,,,,,,,,,,,,
ramp_step,STEP_MULTITASK,44,full_timeline,2,17401,3045,0.174989943106718,,,,,19136,55308,55308,129752,13,8,early_stopping,True,78.83747299999959,6.0492270076925845,0.0393681282684127,0.15069979429244995,8.999551200538559,,0.1813793544529303,0.9407165595843165,0.6947500027049608,0.14980934868031123,0.6380901856763925,0.4713166144200627,0.9875205254515599,,,,,,,,,,,,,
ramp_step,STEP_MULTITASK,44,full_timeline,3,17401,3044,0.1749324751451066,,,,,19136,55308,55308,129752,13,8,early_stopping,True,78.83747299999959,6.0492270076925845,0.0393681282684127,0.15069979429244995,8.999551200538559,,0.1813793544529303,0.9397118823849542,0.6882166421004834,0.1540881832200093,0.6267348429510592,0.4592445328031809,0.9865308804204993,,,,,,,,,,,,,
ramp_step,STEP_MULTITASK,44,full_timeline,4,17401,3043,0.1748750071834952,,,,,19136,55308,55308,129752,13,8,early_stopping,True,78.83747299999959,6.0492270076925845,0.0393681282684127,0.15069979429244995,8.999551200538559,,0.1813793544529303,0.9381909856206464,0.6831305823039636,0.15725876782080062,0.6182867745593238,0.4504355662361069,0.9855405849490634,,,,,,,,,,,,,
ramp_step,STEP_MULTITASK,44,full_timeline,5,17401,3042,0.1748175392218838,,,,,19136,55308,55308,129752,13,8,early_stopping,True,78.83747299999959,6.0492270076925845,0.0393681282684127,0.15069979429244995,8.999551200538559,,0.1813793544529303,0.9360238092981428,0.6774596735696189,0.15641626057348074,0.6217282924802658,0.4544488308533252,0.9838921761998685,,,,,,,,,,,,,
ramp_step,STEP_MULTITASK,44,full_timeline,6,17401,3041,0.1747600712602724,,,,,19136,55308,55308,129752,13,8,early_stopping,True,78.83747299999959,6.0492270076925845,0.0393681282684127,0.15069979429244995,8.999551200538559,,0.1813793544529303,0.9336530279311801,0.6704836023260529,0.1588020922013509,0.6124872057318321,0.44464259176697873,0.9838868793160145,,,,,,,,,,,,,
ramp_step,STEP_MULTITASK,44,full_timeline,7,17401,3040,0.174702603298661,,,,,19136,55308,55308,129752,13,8,early_stopping,True,78.83747299999959,6.0492270076925845,0.0393681282684127,0.15069979429244995,8.999551200538559,,0.1813793544529303,0.9322589231068059,0.669590213189019,0.15714735539714142,0.6128070716414842,0.44565704888623114,0.9805921052631579,,,,,,,,,,,,,
ramp_step,STEP_MULTITASK,44,full_timeline,8,17401,3039,0.1746451353370496,,,,,19136,55308,55308,129752,13,8,early_stopping,True,78.83747299999959,6.0492270076925845,0.0393681282684127,0.15069979429244995,8.999551200538559,,0.1813793544529303,0.9289441159463483,0.6522599153014425,0.16479811249136664,0.6057789452414629,0.4370899548039073,0.9865087199736755,,,,,,,,,,,,,
ramp_step,STEP_MULTITASK,44,full_timeline,9,17401,3038,0.17458766737543818,,,,,19136,55308,55308,129752,13,8,early_stopping,True,78.83747299999959,6.0492270076925845,0.0393681282684127,0.15069979429244995,8.999551200538559,,0.1813793544529303,0.9259507905548953,0.6424193386387379,0.16050928293621403,0.6081274249540535,0.440793368857312,0.9802501645819618,,,,,,,,,,,,,
ramp_step,STEP_MULTITASK,44,full_timeline,10,17401,3037,0.1745301994138268,,,,,19136,55308,55308,129752,13,8,early_stopping,True,78.83747299999959,6.0492270076925845,0.0393681282684127,0.15069979429244995,8.999551200538559,,0.1813793544529303,0.9242768479571593,0.6405431437446331,0.1617684538491186,0.5973737373737373,0.4308611394433921,0.9736582153440896,,,,,,,,,,,,,
ramp_step,STEP_MULTITASK,44,full_timeline,11,17401,3036,0.1744727314522154,,,,,19136,55308,55308,129752,13,8,early_stopping,True,78.83747299999959,6.0492270076925845,0.0393681282684127,0.15069979429244995,8.999551200538559,,0.1813793544529303,0.9227593509513636,0.6333296395258332,0.16430507268788916,0.5878505599048657,0.4204110559886605,0.9769433465085638,,,,,,,,,,,,,
ramp_step,STEP_MULTITASK,44,full_timeline,12,17401,3035,0.174415263490604,,,,,19136,55308,55308,129752,13,8,early_stopping,True,78.83747299999959,6.0492270076925845,0.0393681282684127,0.15069979429244995,8.999551200538559,,0.1813793544529303,0.9217027275410709,0.6303550738433218,0.16038057938416317,0.5897795591182364,0.42375809935205183,0.9696869851729819,,,,,,,,,,,,,
first_onset,STEP_MULTITASK,44,full_timeline,12,17401,5623,0.3231423481409114,,,,,19136,55308,55308,129752,13,8,early_stopping,True,78.83747299999959,6.0492270076925845,0.0393681282684127,0.15069979429244995,8.999551200538559,,0.1813793544529303,0.9546371341270012,0.8603404130150557,0.19505466213467915,0.5501295212510794,0.5972916666666667,0.5098701760626,0.49012982393739996,2.2957795605162192,11.478897802581097,2867,3125,2498,0.3968,0.2734187349879904,0.670735960934775,,,,
first_onset,STEP_MULTITASK,44,daylight,12,9655,5623,0.5823925427239772,,,,,19136,55308,55308,129752,13,8,early_stopping,True,78.83747299999959,6.0492270076925845,0.0393681282684127,0.15069979429244995,8.999551200538559,,0.1813793544529303,0.8675247671835348,0.8603508375376588,0.34625465068953337,0.5502879078694818,0.597665207421305,0.5098701760626,0.49012982393739996,2.2957795605162192,11.478897802581097,2867,3125,2498,0.3968,0.2734187349879904,0.670735960934775,,,,
first_onset,STEP_MULTITASK,44,sunrise_sunset_transition,12,7134,2742,0.3843566021867115,,,,,19136,55308,55308,129752,13,8,early_stopping,True,78.83747299999959,6.0492270076925845,0.0393681282684127,0.15069979429244995,8.999551200538559,,0.1813793544529303,0.918480894577901,0.8200364352309959,0.26482658904267103,0.6163317037841752,0.6120100683207479,0.6207148067104303,0.37928519328956967,2.461809635722679,12.309048178613395,1702,1660,1082,0.49216867469879516,0.2735674676524954,0.6539365452408931,,,,
onset_lead,STEP_MULTITASK,44,full_timeline,1,930,930,0.05344520429860353,,,,,19136,55308,55308,129752,13,8,early_stopping,True,78.83747299999959,6.0492270076925845,0.0393681282684127,0.15069979429244995,8.999551200538559,,0.1813793544529303,,,,,,,,,,,499,431,,,,0.9924731182795699,,,
onset_lead,STEP_MULTITASK,44,full_timeline,2,930,930,0.05344520429860353,,,,,19136,55308,55308,129752,13,8,early_stopping,True,78.83747299999959,6.0492270076925845,0.0393681282684127,0.15069979429244995,8.999551200538559,,0.1813793544529303,,,,,,,,,,,499,431,,,,0.4881720430107527,,,
onset_lead,STEP_MULTITASK,44,full_timeline,3,771,771,0.044307798402390665,,,,,19136,55308,55308,129752,13,8,early_stopping,True,78.83747299999959,6.0492270076925845,0.0393681282684127,0.15069979429244995,8.999551200538559,,0.1813793544529303,,,,,,,,,,,416,355,,,,0.39040207522697795,,,
onset_lead,STEP_MULTITASK,44,full_timeline,4,633,633,0.03637721970001724,,,,,19136,55308,55308,129752,13,8,early_stopping,True,78.83747299999959,6.0492270076925845,0.0393681282684127,0.15069979429244995,8.999551200538559,,0.1813793544529303,,,,,,,,,,,348,285,,,,0.358609794628752,,,
onset_lead,STEP_MULTITASK,44,full_timeline,5,511,511,0.02936612838342624,,,,,19136,55308,55308,129752,13,8,early_stopping,True,78.83747299999959,6.0492270076925845,0.0393681282684127,0.15069979429244995,8.999551200538559,,0.1813793544529303,,,,,,,,,,,280,231,,,,0.36007827788649704,,,
onset_lead,STEP_MULTITASK,44,full_timeline,6,426,426,0.0244813516464571,,,,,19136,55308,55308,129752,13,8,early_stopping,True,78.83747299999959,6.0492270076925845,0.0393681282684127,0.15069979429244995,8.999551200538559,,0.1813793544529303,,,,,,,,,,,238,188,,,,0.37089201877934275,,,
onset_lead,STEP_MULTITASK,44,full_timeline,7,345,345,0.019826446755933567,,,,,19136,55308,55308,129752,13,8,early_stopping,True,78.83747299999959,6.0492270076925845,0.0393681282684127,0.15069979429244995,8.999551200538559,,0.1813793544529303,,,,,,,,,,,198,147,,,,0.39420289855072466,,,
onset_lead,STEP_MULTITASK,44,full_timeline,8,283,283,0.016263433136026666,,,,,19136,55308,55308,129752,13,8,early_stopping,True,78.83747299999959,6.0492270076925845,0.0393681282684127,0.15069979429244995,8.999551200538559,,0.1813793544529303,,,,,,,,,,,167,116,,,,0.42402826855123676,,,
onset_lead,STEP_MULTITASK,44,full_timeline,9,242,242,0.013907246709959197,,,,,19136,55308,55308,129752,13,8,early_stopping,True,78.83747299999959,6.0492270076925845,0.0393681282684127,0.15069979429244995,8.999551200538559,,0.1813793544529303,,,,,,,,,,,144,98,,,,0.4628099173553719,,,
onset_lead,STEP_MULTITASK,44,full_timeline,10,210,210,0.012068271938394345,,,,,19136,55308,55308,129752,13,8,early_stopping,True,78.83747299999959,6.0492270076925845,0.0393681282684127,0.15069979429244995,8.999551200538559,,0.1813793544529303,,,,,,,,,,,125,85,,,,0.4666666666666667,,,
onset_lead,STEP_MULTITASK,44,full_timeline,11,182,182,0.010459169013275099,,,,,19136,55308,55308,129752,13,8,early_stopping,True,78.83747299999959,6.0492270076925845,0.0393681282684127,0.15069979429244995,8.999551200538559,,0.1813793544529303,,,,,,,,,,,111,71,,,,0.4835164835164835,,,
onset_lead,STEP_MULTITASK,44,full_timeline,12,160,160,0.009194873857824262,,,,,19136,55308,55308,129752,13,8,early_stopping,True,78.83747299999959,6.0492270076925845,0.0393681282684127,0.15069979429244995,8.999551200538559,,0.1813793544529303,,,,,,,,,,,100,60,,,,0.4125,,,
reliability,STEP_MULTITASK,44,full_timeline,12,7520,,,,,,,19136,55308,55308,129752,13,8,early_stopping,True,78.83747299999959,6.0492270076925845,0.0393681282684127,0.15069979429244995,8.999551200538559,,0.1813793544529303,,,,,,,,,,,,,,,,,"[0.0,0.1)",0.0034007651265710592,0.0
reliability,STEP_MULTITASK,44,full_timeline,12,216,,,,,,,19136,55308,55308,129752,13,8,early_stopping,True,78.83747299999959,6.0492270076925845,0.0393681282684127,0.15069979429244995,8.999551200538559,,0.1813793544529303,,,,,,,,,,,,,,,,,"[0.1,0.2)",0.1494426727294922,0.0
reliability,STEP_MULTITASK,44,full_timeline,12,134,,,,,,,19136,55308,55308,129752,13,8,early_stopping,True,78.83747299999959,6.0492270076925845,0.0393681282684127,0.15069979429244995,8.999551200538559,,0.1813793544529303,,,,,,,,,,,,,,,,,"[0.2,0.3)",0.25256699323654175,0.0
reliability,STEP_MULTITASK,44,full_timeline,12,130,,,,,,,19136,55308,55308,129752,13,8,early_stopping,True,78.83747299999959,6.0492270076925845,0.0393681282684127,0.15069979429244995,8.999551200538559,,0.1813793544529303,,,,,,,,,,,,,,,,,"[0.3,0.4)",0.34870511293411255,0.0
reliability,STEP_MULTITASK,44,full_timeline,12,120,,,,,,,19136,55308,55308,129752,13,8,early_stopping,True,78.83747299999959,6.0492270076925845,0.0393681282684127,0.15069979429244995,8.999551200538559,,0.1813793544529303,,,,,,,,,,,,,,,,,"[0.4,0.5)",0.45074743032455444,0.0
reliability,STEP_MULTITASK,44,full_timeline,12,119,,,,,,,19136,55308,55308,129752,13,8,early_stopping,True,78.83747299999959,6.0492270076925845,0.0393681282684127,0.15069979429244995,8.999551200538559,,0.1813793544529303,,,,,,,,,,,,,,,,,"[0.5,0.6)",0.5520704388618469,0.01680672268907563
reliability,STEP_MULTITASK,44,full_timeline,12,130,,,,,,,19136,55308,55308,129752,13,8,early_stopping,True,78.83747299999959,6.0492270076925845,0.0393681282684127,0.15069979429244995,8.999551200538559,,0.1813793544529303,,,,,,,,,,,,,,,,,"[0.6,0.7)",0.6470237374305725,0.015384615384615385
reliability,STEP_MULTITASK,44,full_timeline,12,154,,,,,,,19136,55308,55308,129752,13,8,early_stopping,True,78.83747299999959,6.0492270076925845,0.0393681282684127,0.15069979429244995,8.999551200538559,,0.1813793544529303,,,,,,,,,,,,,,,,,"[0.7,0.8)",0.7485553026199341,0.045454545454545456
reliability,STEP_MULTITASK,44,full_timeline,12,215,,,,,,,19136,55308,55308,129752,13,8,early_stopping,True,78.83747299999959,6.0492270076925845,0.0393681282684127,0.15069979429244995,8.999551200538559,,0.1813793544529303,,,,,,,,,,,,,,,,,"[0.8,0.9)",0.8527414798736572,0.06046511627906977
reliability,STEP_MULTITASK,44,full_timeline,12,3601,,,,,,,19136,55308,55308,129752,13,8,early_stopping,True,78.83747299999959,6.0492270076925845,0.0393681282684127,0.15069979429244995,8.999551200538559,,0.1813793544529303,,,,,,,,,,,,,,,,,"[0.9,1.0]",0.9918703436851501,0.3218550402665926
power,ONSET_HAZARD,42,full_timeline,3,,,,,0.43425899744033813,0.23951812088489532,0.13193482160568237,19136,55308,165924,240368,12,7,early_stopping,True,79.22479500000009,6.585066641666951,0.0383743635424209,0.15069979429244995,8.999551200538559,C:\Users\Zhujiangkun-Yohkoh\Desktop\光伏项目_最新\PVforecast16\GFNODE_experiments\asoc_joint_trajectory_onset_screen\results\ONSET_HAZARD\42\test_predictions.npz,0.2532298272455354,,,,,,,,,,,,,,,,,,,
power,ONSET_HAZARD,42,full_timeline,6,,,,,0.46297305822372437,0.24929070472717285,0.13345389068126678,19136,55308,165924,240368,12,7,early_stopping,True,79.22479500000009,6.585066641666951,0.0383743635424209,0.15069979429244995,8.999551200538559,C:\Users\Zhujiangkun-Yohkoh\Desktop\光伏项目_最新\PVforecast16\GFNODE_experiments\asoc_joint_trajectory_onset_screen\results\ONSET_HAZARD\42\test_predictions.npz,0.2532298272455354,,,,,,,,,,,,,,,,,,,
power,ONSET_HAZARD,42,full_timeline,12,,,,,0.4997936189174652,0.2682317793369293,0.13479498028755188,19136,55308,165924,240368,12,7,early_stopping,True,79.22479500000009,6.585066641666951,0.0383743635424209,0.15069979429244995,8.999551200538559,C:\Users\Zhujiangkun-Yohkoh\Desktop\光伏项目_最新\PVforecast16\GFNODE_experiments\asoc_joint_trajectory_onset_screen\results\ONSET_HAZARD\42\test_predictions.npz,0.2532298272455354,,,,,,,,,,,,,,,,,,,
power,ONSET_HAZARD,42,daylight,12,,,,,0.6928223967552185,0.470746785402298,0.13479498028755188,19136,55308,165924,240368,12,7,early_stopping,True,79.22479500000009,6.585066641666951,0.0383743635424209,0.15069979429244995,8.999551200538559,C:\Users\Zhujiangkun-Yohkoh\Desktop\光伏项目_最新\PVforecast16\GFNODE_experiments\asoc_joint_trajectory_onset_screen\results\ONSET_HAZARD\42\test_predictions.npz,0.2532298272455354,,,,,,,,,,,,,,,,,,,
power,ONSET_HAZARD,42,ramp_step,12,,,,,0.9632716774940491,0.7262595295906067,0.13479498028755188,19136,55308,165924,240368,12,7,early_stopping,True,79.22479500000009,6.585066641666951,0.0383743635424209,0.15069979429244995,8.999551200538559,C:\Users\Zhujiangkun-Yohkoh\Desktop\光伏项目_最新\PVforecast16\GFNODE_experiments\asoc_joint_trajectory_onset_screen\results\ONSET_HAZARD\42\test_predictions.npz,0.2532298272455354,,,,,,,,,,,,,,,,,,,
power,ONSET_HAZARD,42,onset_near,12,,,,,0.8150768876075745,0.5876081585884094,0.13479498028755188,19136,55308,165924,240368,12,7,early_stopping,True,79.22479500000009,6.585066641666951,0.0383743635424209,0.15069979429244995,8.999551200538559,C:\Users\Zhujiangkun-Yohkoh\Desktop\光伏项目_最新\PVforecast16\GFNODE_experiments\asoc_joint_trajectory_onset_screen\results\ONSET_HAZARD\42\test_predictions.npz,0.2532298272455354,,,,,,,,,,,,,,,,,,,
first_onset,ONSET_HAZARD,42,full_timeline,12,17401,5623,0.3231423481409114,,,,,19136,55308,165924,240368,12,7,early_stopping,True,79.22479500000009,6.585066641666951,0.0383743635424209,0.15069979429244995,8.999551200538559,,0.2532298272455354,0.9658038221895511,0.8857599722402826,0.0703168658982277,0.830918777455837,0.8756895193065406,0.7905032900586876,0.20949670994131248,2.7921259842519683,13.96062992125984,4445,3125,2498,0.4768,0.533226581265012,0.6348706411698538,,,,
first_onset,ONSET_HAZARD,42,daylight,12,9655,5623,0.5823925427239772,,,,,19136,55308,165924,240368,12,7,early_stopping,True,79.22479500000009,6.585066641666951,0.0383743635424209,0.15069979429244995,8.999551200538559,,0.2532298272455354,0.9002379417443663,0.8858187002688145,0.12664229870809693,0.830918777455837,0.8756895193065406,0.7905032900586876,0.20949670994131248,2.7921259842519683,13.96062992125984,4445,3125,2498,0.4768,0.533226581265012,0.6348706411698538,,,,
first_onset,ONSET_HAZARD,42,sunrise_sunset_transition,12,7134,2742,0.3843566021867115,,,,,19136,55308,165924,240368,12,7,early_stopping,True,79.22479500000009,6.585066641666951,0.0383743635424209,0.15069979429244995,8.999551200538559,,0.2532298272455354,0.930690905419176,0.8335078999875638,0.10956086129361771,0.7588948519181077,0.8339886413280909,0.6962071480671043,0.3037928519328957,2.71765322158198,13.5882661079099,1909,1660,1082,0.4114457831325301,0.6081330868761553,0.7024620220010477,,,,
onset_lead,ONSET_HAZARD,42,full_timeline,1,930,930,0.05344520429860353,,,,,19136,55308,165924,240368,12,7,early_stopping,True,79.22479500000009,6.585066641666951,0.0383743635424209,0.15069979429244995,8.999551200538559,,0.2532298272455354,,,,,,,,,,,499,431,,,,0.8365591397849462,,,
onset_lead,ONSET_HAZARD,42,full_timeline,2,930,930,0.05344520429860353,,,,,19136,55308,165924,240368,12,7,early_stopping,True,79.22479500000009,6.585066641666951,0.0383743635424209,0.15069979429244995,8.999551200538559,,0.2532298272455354,,,,,,,,,,,499,431,,,,0.8419354838709677,,,
onset_lead,ONSET_HAZARD,42,full_timeline,3,771,771,0.044307798402390665,,,,,19136,55308,165924,240368,12,7,early_stopping,True,79.22479500000009,6.585066641666951,0.0383743635424209,0.15069979429244995,8.999551200538559,,0.2532298272455354,,,,,,,,,,,416,355,,,,0.833981841763943,,,
onset_lead,ONSET_HAZARD,42,full_timeline,4,633,633,0.03637721970001724,,,,,19136,55308,165924,240368,12,7,early_stopping,True,79.22479500000009,6.585066641666951,0.0383743635424209,0.15069979429244995,8.999551200538559,,0.2532298272455354,,,,,,,,,,,348,285,,,,0.8278041074249605,,,
onset_lead,ONSET_HAZARD,42,full_timeline,5,511,511,0.02936612838342624,,,,,19136,55308,165924,240368,12,7,early_stopping,True,79.22479500000009,6.585066641666951,0.0383743635424209,0.15069979429244995,8.999551200538559,,0.2532298272455354,,,,,,,,,,,280,231,,,,0.8082191780821918,,,
onset_lead,ONSET_HAZARD,42,full_timeline,6,426,426,0.0244813516464571,,,,,19136,55308,165924,240368,12,7,early_stopping,True,79.22479500000009,6.585066641666951,0.0383743635424209,0.15069979429244995,8.999551200538559,,0.2532298272455354,,,,,,,,,,,238,188,,,,0.8051643192488263,,,
onset_lead,ONSET_HAZARD,42,full_timeline,7,345,345,0.019826446755933567,,,,,19136,55308,165924,240368,12,7,early_stopping,True,79.22479500000009,6.585066641666951,0.0383743635424209,0.15069979429244995,8.999551200538559,,0.2532298272455354,,,,,,,,,,,198,147,,,,0.7536231884057971,,,
onset_lead,ONSET_HAZARD,42,full_timeline,8,283,283,0.016263433136026666,,,,,19136,55308,165924,240368,12,7,early_stopping,True,79.22479500000009,6.585066641666951,0.0383743635424209,0.15069979429244995,8.999551200538559,,0.2532298272455354,,,,,,,,,,,167,116,,,,0.7102473498233216,,,
onset_lead,ONSET_HAZARD,42,full_timeline,9,242,242,0.013907246709959197,,,,,19136,55308,165924,240368,12,7,early_stopping,True,79.22479500000009,6.585066641666951,0.0383743635424209,0.15069979429244995,8.999551200538559,,0.2532298272455354,,,,,,,,,,,144,98,,,,0.6900826446280992,,,
onset_lead,ONSET_HAZARD,42,full_timeline,10,210,210,0.012068271938394345,,,,,19136,55308,165924,240368,12,7,early_stopping,True,79.22479500000009,6.585066641666951,0.0383743635424209,0.15069979429244995,8.999551200538559,,0.2532298272455354,,,,,,,,,,,125,85,,,,0.638095238095238,,,
onset_lead,ONSET_HAZARD,42,full_timeline,11,182,182,0.010459169013275099,,,,,19136,55308,165924,240368,12,7,early_stopping,True,79.22479500000009,6.585066641666951,0.0383743635424209,0.15069979429244995,8.999551200538559,,0.2532298272455354,,,,,,,,,,,111,71,,,,0.6043956043956044,,,
onset_lead,ONSET_HAZARD,42,full_timeline,12,160,160,0.009194873857824262,,,,,19136,55308,165924,240368,12,7,early_stopping,True,79.22479500000009,6.585066641666951,0.0383743635424209,0.15069979429244995,8.999551200538559,,0.2532298272455354,,,,,,,,,,,100,60,,,,0.55625,,,
reliability,ONSET_HAZARD,42,full_timeline,12,9136,,,,,,,19136,55308,165924,240368,12,7,early_stopping,True,79.22479500000009,6.585066641666951,0.0383743635424209,0.15069979429244995,8.999551200538559,,0.2532298272455354,,,,,,,,,,,,,,,,,"[0.0,0.1)",0.009973563153579336,0.0016418563922942207
reliability,ONSET_HAZARD,42,full_timeline,12,1375,,,,,,,19136,55308,165924,240368,12,7,early_stopping,True,79.22479500000009,6.585066641666951,0.0383743635424209,0.15069979429244995,8.999551200538559,,0.2532298272455354,,,,,,,,,,,,,,,,,"[0.1,0.2)",0.138995120677898,0.10472727272727272
reliability,ONSET_HAZARD,42,full_timeline,12,717,,,,,,,19136,55308,165924,240368,12,7,early_stopping,True,79.22479500000009,6.585066641666951,0.0383743635424209,0.15069979429244995,8.999551200538559,,0.2532298272455354,,,,,,,,,,,,,,,,,"[0.2,0.3)",0.24836613765841173,0.37656903765690375
reliability,ONSET_HAZARD,42,full_timeline,12,561,,,,,,,19136,55308,165924,240368,12,7,early_stopping,True,79.22479500000009,6.585066641666951,0.0383743635424209,0.15069979429244995,8.999551200538559,,0.2532298272455354,,,,,,,,,,,,,,,,,"[0.3,0.4)",0.35110606014528684,0.6238859180035651
reliability,ONSET_HAZARD,42,full_timeline,12,536,,,,,,,19136,55308,165924,240368,12,7,early_stopping,True,79.22479500000009,6.585066641666951,0.0383743635424209,0.15069979429244995,8.999551200538559,,0.2532298272455354,,,,,,,,,,,,,,,,,"[0.4,0.5)",0.4454849057645047,0.7444029850746269
reliability,ONSET_HAZARD,42,full_timeline,12,411,,,,,,,19136,55308,165924,240368,12,7,early_stopping,True,79.22479500000009,6.585066641666951,0.0383743635424209,0.15069979429244995,8.999551200538559,,0.2532298272455354,,,,,,,,,,,,,,,,,"[0.5,0.6)",0.5512232440015544,0.7858880778588808
reliability,ONSET_HAZARD,42,full_timeline,12,521,,,,,,,19136,55308,165924,240368,12,7,early_stopping,True,79.22479500000009,6.585066641666951,0.0383743635424209,0.15069979429244995,8.999551200538559,,0.2532298272455354,,,,,,,,,,,,,,,,,"[0.6,0.7)",0.654597619073934,0.7696737044145874
reliability,ONSET_HAZARD,42,full_timeline,12,603,,,,,,,19136,55308,165924,240368,12,7,early_stopping,True,79.22479500000009,6.585066641666951,0.0383743635424209,0.15069979429244995,8.999551200538559,,0.2532298272455354,,,,,,,,,,,,,,,,,"[0.7,0.8)",0.753241211680532,0.8507462686567164
reliability,ONSET_HAZARD,42,full_timeline,12,1037,,,,,,,19136,55308,165924,240368,12,7,early_stopping,True,79.22479500000009,6.585066641666951,0.0383743635424209,0.15069979429244995,8.999551200538559,,0.2532298272455354,,,,,,,,,,,,,,,,,"[0.8,0.9)",0.859637002688745,0.8794599807135969
reliability,ONSET_HAZARD,42,full_timeline,12,2504,,,,,,,19136,55308,165924,240368,12,7,early_stopping,True,79.22479500000009,6.585066641666951,0.0383743635424209,0.15069979429244995,8.999551200538559,,0.2532298272455354,,,,,,,,,,,,,,,,,"[0.9,1.0]",0.9378606779456544,0.9169329073482428
power,ONSET_HAZARD,43,full_timeline,3,,,,,0.43678733706474304,0.23261119425296783,0.146186962723732,19136,55308,165924,240368,11,6,early_stopping,True,72.23801789999925,6.549951154545355,0.0395132808459847,0.15069979429244995,8.999551200538559,C:\Users\Zhujiangkun-Yohkoh\Desktop\光伏项目_最新\PVforecast16\GFNODE_experiments\asoc_joint_trajectory_onset_screen\results\ONSET_HAZARD\43\test_predictions.npz,0.2529595089300225,,,,,,,,,,,,,,,,,,,
power,ONSET_HAZARD,43,full_timeline,6,,,,,0.4707145392894745,0.2489531934261322,0.13971109688282013,19136,55308,165924,240368,11,6,early_stopping,True,72.23801789999925,6.549951154545355,0.0395132808459847,0.15069979429244995,8.999551200538559,C:\Users\Zhujiangkun-Yohkoh\Desktop\光伏项目_最新\PVforecast16\GFNODE_experiments\asoc_joint_trajectory_onset_screen\results\ONSET_HAZARD\43\test_predictions.npz,0.2529595089300225,,,,,,,,,,,,,,,,,,,
power,ONSET_HAZARD,43,full_timeline,12,,,,,0.5070624351501465,0.26915988326072693,0.14055511355400085,19136,55308,165924,240368,11,6,early_stopping,True,72.23801789999925,6.549951154545355,0.0395132808459847,0.15069979429244995,8.999551200538559,C:\Users\Zhujiangkun-Yohkoh\Desktop\光伏项目_最新\PVforecast16\GFNODE_experiments\asoc_joint_trajectory_onset_screen\results\ONSET_HAZARD\43\test_predictions.npz,0.2529595089300225,,,,,,,,,,,,,,,,,,,
power,ONSET_HAZARD,43,daylight,12,,,,,0.7024861574172974,0.4686098098754883,0.14055511355400085,19136,55308,165924,240368,11,6,early_stopping,True,72.23801789999925,6.549951154545355,0.0395132808459847,0.15069979429244995,8.999551200538559,C:\Users\Zhujiangkun-Yohkoh\Desktop\光伏项目_最新\PVforecast16\GFNODE_experiments\asoc_joint_trajectory_onset_screen\results\ONSET_HAZARD\43\test_predictions.npz,0.2529595089300225,,,,,,,,,,,,,,,,,,,
power,ONSET_HAZARD,43,ramp_step,12,,,,,0.9684917330741882,0.7372349500656128,0.14055511355400085,19136,55308,165924,240368,11,6,early_stopping,True,72.23801789999925,6.549951154545355,0.0395132808459847,0.15069979429244995,8.999551200538559,C:\Users\Zhujiangkun-Yohkoh\Desktop\光伏项目_最新\PVforecast16\GFNODE_experiments\asoc_joint_trajectory_onset_screen\results\ONSET_HAZARD\43\test_predictions.npz,0.2529595089300225,,,,,,,,,,,,,,,,,,,
power,ONSET_HAZARD,43,onset_near,12,,,,,0.8331360816955566,0.6066116094589233,0.14055511355400085,19136,55308,165924,240368,11,6,early_stopping,True,72.23801789999925,6.549951154545355,0.0395132808459847,0.15069979429244995,8.999551200538559,C:\Users\Zhujiangkun-Yohkoh\Desktop\光伏项目_最新\PVforecast16\GFNODE_experiments\asoc_joint_trajectory_onset_screen\results\ONSET_HAZARD\43\test_predictions.npz,0.2529595089300225,,,,,,,,,,,,,,,,,,,
first_onset,ONSET_HAZARD,43,full_timeline,12,17401,5623,0.3231423481409114,,,,,19136,55308,165924,240368,11,6,early_stopping,True,72.23801789999925,6.549951154545355,0.0395132808459847,0.15069979429244995,8.999551200538559,,0.2529595089300225,0.9609863058194357,0.8806491415114509,0.0701294305260753,0.8549363756033348,0.8439015939015939,0.8662635603770229,0.13373643962297707,2.6561281051118866,13.280640525559432,4871,3125,2498,0.64224,0.49719775820656525,0.6670088277561076,,,,
first_onset,ONSET_HAZARD,43,daylight,12,9655,5623,0.5823925427239772,,,,,19136,55308,165924,240368,11,6,early_stopping,True,72.23801789999925,6.549951154545355,0.0395132808459847,0.15069979429244995,8.999551200538559,,0.2529595089300225,0.8862545307114487,0.8807411446866681,0.12611556449666184,0.8550114095137792,0.8440478253335644,0.8662635603770229,0.13373643962297707,2.6561281051118866,13.280640525559432,4871,3125,2498,0.64224,0.49719775820656525,0.6670088277561076,,,,
first_onset,ONSET_HAZARD,43,sunrise_sunset_transition,12,7134,2742,0.3843566021867115,,,,,19136,55308,165924,240368,11,6,early_stopping,True,72.23801789999925,6.549951154545355,0.0395132808459847,0.15069979429244995,8.999551200538559,,0.2529595089300225,0.9255697814074791,0.8410322802445342,0.10477511977654072,0.8198606271777004,0.784856571047365,0.8581327498176513,0.14186725018234866,2.6039099022524437,13.019549511262218,2353,1660,1082,0.6150602409638555,0.6543438077634011,0.7348066298342542,,,,
onset_lead,ONSET_HAZARD,43,full_timeline,1,930,930,0.05344520429860353,,,,,19136,55308,165924,240368,11,6,early_stopping,True,72.23801789999925,6.549951154545355,0.0395132808459847,0.15069979429244995,8.999551200538559,,0.2529595089300225,,,,,,,,,,,499,431,,,,0.878494623655914,,,
onset_lead,ONSET_HAZARD,43,full_timeline,2,930,930,0.05344520429860353,,,,,19136,55308,165924,240368,11,6,early_stopping,True,72.23801789999925,6.549951154545355,0.0395132808459847,0.15069979429244995,8.999551200538559,,0.2529595089300225,,,,,,,,,,,499,431,,,,0.8881720430107527,,,
onset_lead,ONSET_HAZARD,43,full_timeline,3,771,771,0.044307798402390665,,,,,19136,55308,165924,240368,11,6,early_stopping,True,72.23801789999925,6.549951154545355,0.0395132808459847,0.15069979429244995,8.999551200538559,,0.2529595089300225,,,,,,,,,,,416,355,,,,0.8871595330739299,,,
onset_lead,ONSET_HAZARD,43,full_timeline,4,633,633,0.03637721970001724,,,,,19136,55308,165924,240368,11,6,early_stopping,True,72.23801789999925,6.549951154545355,0.0395132808459847,0.15069979429244995,8.999551200538559,,0.2529595089300225,,,,,,,,,,,348,285,,,,0.9004739336492891,,,
onset_lead,ONSET_HAZARD,43,full_timeline,5,511,511,0.02936612838342624,,,,,19136,55308,165924,240368,11,6,early_stopping,True,72.23801789999925,6.549951154545355,0.0395132808459847,0.15069979429244995,8.999551200538559,,0.2529595089300225,,,,,,,,,,,280,231,,,,0.8943248532289628,,,
onset_lead,ONSET_HAZARD,43,full_timeline,6,426,426,0.0244813516464571,,,,,19136,55308,165924,240368,11,6,early_stopping,True,72.23801789999925,6.549951154545355,0.0395132808459847,0.15069979429244995,8.999551200538559,,0.2529595089300225,,,,,,,,,,,238,188,,,,0.8849765258215962,,,
onset_lead,ONSET_HAZARD,43,full_timeline,7,345,345,0.019826446755933567,,,,,19136,55308,165924,240368,11,6,early_stopping,True,72.23801789999925,6.549951154545355,0.0395132808459847,0.15069979429244995,8.999551200538559,,0.2529595089300225,,,,,,,,,,,198,147,,,,0.8724637681159421,,,
onset_lead,ONSET_HAZARD,43,full_timeline,8,283,283,0.016263433136026666,,,,,19136,55308,165924,240368,11,6,early_stopping,True,72.23801789999925,6.549951154545355,0.0395132808459847,0.15069979429244995,8.999551200538559,,0.2529595089300225,,,,,,,,,,,167,116,,,,0.8621908127208481,,,
onset_lead,ONSET_HAZARD,43,full_timeline,9,242,242,0.013907246709959197,,,,,19136,55308,165924,240368,11,6,early_stopping,True,72.23801789999925,6.549951154545355,0.0395132808459847,0.15069979429244995,8.999551200538559,,0.2529595089300225,,,,,,,,,,,144,98,,,,0.8553719008264463,,,
onset_lead,ONSET_HAZARD,43,full_timeline,10,210,210,0.012068271938394345,,,,,19136,55308,165924,240368,11,6,early_stopping,True,72.23801789999925,6.549951154545355,0.0395132808459847,0.15069979429244995,8.999551200538559,,0.2529595089300225,,,,,,,,,,,125,85,,,,0.7952380952380952,,,
onset_lead,ONSET_HAZARD,43,full_timeline,11,182,182,0.010459169013275099,,,,,19136,55308,165924,240368,11,6,early_stopping,True,72.23801789999925,6.549951154545355,0.0395132808459847,0.15069979429244995,8.999551200538559,,0.2529595089300225,,,,,,,,,,,111,71,,,,0.6703296703296703,,,
onset_lead,ONSET_HAZARD,43,full_timeline,12,160,160,0.009194873857824262,,,,,19136,55308,165924,240368,11,6,early_stopping,True,72.23801789999925,6.549951154545355,0.0395132808459847,0.15069979429244995,8.999551200538559,,0.2529595089300225,,,,,,,,,,,100,60,,,,0.61875,,,
reliability,ONSET_HAZARD,43,full_timeline,12,8635,,,,,,,19136,55308,165924,240368,11,6,early_stopping,True,72.23801789999925,6.549951154545355,0.0395132808459847,0.15069979429244995,8.999551200538559,,0.2529595089300225,,,,,,,,,,,,,,,,,"[0.0,0.1)",0.008940719257316538,0.0012738853503184713
reliability,ONSET_HAZARD,43,full_timeline,12,1343,,,,,,,19136,55308,165924,240368,11,6,early_stopping,True,72.23801789999925,6.549951154545355,0.0395132808459847,0.15069979429244995,8.999551200538559,,0.2529595089300225,,,,,,,,,,,,,,,,,"[0.1,0.2)",0.14119808799316755,0.04616530156366344
reliability,ONSET_HAZARD,43,full_timeline,12,669,,,,,,,19136,55308,165924,240368,11,6,early_stopping,True,72.23801789999925,6.549951154545355,0.0395132808459847,0.15069979429244995,8.999551200538559,,0.2529595089300225,,,,,,,,,,,,,,,,,"[0.2,0.3)",0.24556946538461838,0.2929745889387145
reliability,ONSET_HAZARD,43,full_timeline,12,559,,,,,,,19136,55308,165924,240368,11,6,early_stopping,True,72.23801789999925,6.549951154545355,0.0395132808459847,0.15069979429244995,8.999551200538559,,0.2529595089300225,,,,,,,,,,,,,,,,,"[0.3,0.4)",0.3444335373558182,0.42397137745974955
reliability,ONSET_HAZARD,43,full_timeline,12,423,,,,,,,19136,55308,165924,240368,11,6,early_stopping,True,72.23801789999925,6.549951154545355,0.0395132808459847,0.15069979429244995,8.999551200538559,,0.2529595089300225,,,,,,,,,,,,,,,,,"[0.4,0.5)",0.45081395511157213,0.5815602836879432
reliability,ONSET_HAZARD,43,full_timeline,12,514,,,,,,,19136,55308,165924,240368,11,6,early_stopping,True,72.23801789999925,6.549951154545355,0.0395132808459847,0.15069979429244995,8.999551200538559,,0.2529595089300225,,,,,,,,,,,,,,,,,"[0.5,0.6)",0.5496720904076041,0.6536964980544747
reliability,ONSET_HAZARD,43,full_timeline,12,583,,,,,,,19136,55308,165924,240368,11,6,early_stopping,True,72.23801789999925,6.549951154545355,0.0395132808459847,0.15069979429244995,8.999551200538559,,0.2529595089300225,,,,,,,,,,,,,,,,,"[0.6,0.7)",0.651477114028724,0.7598627787307033
reliability,ONSET_HAZARD,43,full_timeline,12,946,,,,,,,19136,55308,165924,240368,11,6,early_stopping,True,72.23801789999925,6.549951154545355,0.0395132808459847,0.15069979429244995,8.999551200538559,,0.2529595089300225,,,,,,,,,,,,,,,,,"[0.7,0.8)",0.7563850626037479,0.8202959830866807
reliability,ONSET_HAZARD,43,full_timeline,12,2189,,,,,,,19136,55308,165924,240368,11,6,early_stopping,True,72.23801789999925,6.549951154545355,0.0395132808459847,0.15069979429244995,8.999551200538559,,0.2529595089300225,,,,,,,,,,,,,,,,,"[0.8,0.9)",0.8577804812403341,0.8761991777067154
reliability,ONSET_HAZARD,43,full_timeline,12,1540,,,,,,,19136,55308,165924,240368,11,6,early_stopping,True,72.23801789999925,6.549951154545355,0.0395132808459847,0.15069979429244995,8.999551200538559,,0.2529595089300225,,,,,,,,,,,,,,,,,"[0.9,1.0]",0.9240498629274714,0.9077922077922078
power,ONSET_HAZARD,44,full_timeline,3,,,,,0.4445500671863556,0.24997548758983612,0.1370474100112915,19136,55308,165924,240368,10,5,early_stopping,True,66.0405826999995,6.586315670000113,0.039609010976356,0.15069979429244995,8.999551200538559,C:\Users\Zhujiangkun-Yohkoh\Desktop\光伏项目_最新\PVforecast16\GFNODE_experiments\asoc_joint_trajectory_onset_screen\results\ONSET_HAZARD\44\test_predictions.npz,0.2519280776948385,,,,,,,,,,,,,,,,,,,
power,ONSET_HAZARD,44,full_timeline,6,,,,,0.4676646292209625,0.2525239884853363,0.13481250405311584,19136,55308,165924,240368,10,5,early_stopping,True,66.0405826999995,6.586315670000113,0.039609010976356,0.15069979429244995,8.999551200538559,C:\Users\Zhujiangkun-Yohkoh\Desktop\光伏项目_最新\PVforecast16\GFNODE_experiments\asoc_joint_trajectory_onset_screen\results\ONSET_HAZARD\44\test_predictions.npz,0.2519280776948385,,,,,,,,,,,,,,,,,,,
power,ONSET_HAZARD,44,full_timeline,12,,,,,0.5034641623497009,0.26716360449790955,0.13427568972110748,19136,55308,165924,240368,10,5,early_stopping,True,66.0405826999995,6.586315670000113,0.039609010976356,0.15069979429244995,8.999551200538559,C:\Users\Zhujiangkun-Yohkoh\Desktop\光伏项目_最新\PVforecast16\GFNODE_experiments\asoc_joint_trajectory_onset_screen\results\ONSET_HAZARD\44\test_predictions.npz,0.2519280776948385,,,,,,,,,,,,,,,,,,,
power,ONSET_HAZARD,44,daylight,12,,,,,0.6950696706771851,0.44330155849456787,0.13427568972110748,19136,55308,165924,240368,10,5,early_stopping,True,66.0405826999995,6.586315670000113,0.039609010976356,0.15069979429244995,8.999551200538559,C:\Users\Zhujiangkun-Yohkoh\Desktop\光伏项目_最新\PVforecast16\GFNODE_experiments\asoc_joint_trajectory_onset_screen\results\ONSET_HAZARD\44\test_predictions.npz,0.2519280776948385,,,,,,,,,,,,,,,,,,,
power,ONSET_HAZARD,44,ramp_step,12,,,,,0.9841800928115845,0.7385174036026001,0.13427568972110748,19136,55308,165924,240368,10,5,early_stopping,True,66.0405826999995,6.586315670000113,0.039609010976356,0.15069979429244995,8.999551200538559,C:\Users\Zhujiangkun-Yohkoh\Desktop\光伏项目_最新\PVforecast16\GFNODE_experiments\asoc_joint_trajectory_onset_screen\results\ONSET_HAZARD\44\test_predictions.npz,0.2519280776948385,,,,,,,,,,,,,,,,,,,
power,ONSET_HAZARD,44,onset_near,12,,,,,0.8275688290596008,0.5838265419006348,0.13427568972110748,19136,55308,165924,240368,10,5,early_stopping,True,66.0405826999995,6.586315670000113,0.039609010976356,0.15069979429244995,8.999551200538559,C:\Users\Zhujiangkun-Yohkoh\Desktop\光伏项目_最新\PVforecast16\GFNODE_experiments\asoc_joint_trajectory_onset_screen\results\ONSET_HAZARD\44\test_predictions.npz,0.2519280776948385,,,,,,,,,,,,,,,,,,,
first_onset,ONSET_HAZARD,44,full_timeline,12,17401,5623,0.3231423481409114,,,,,19136,55308,165924,240368,10,5,early_stopping,True,66.0405826999995,6.586315670000113,0.039609010976356,0.15069979429244995,8.999551200538559,,0.2519280776948385,0.9575642630709744,0.8683622624531435,0.07590574620013874,0.8361501512186443,0.8364477665064958,0.8358527476436066,0.16414725235639338,2.967021276595745,14.835106382978724,4700,3125,2498,0.54464,0.5068054443554844,0.6314893617021277,,,,
first_onset,ONSET_HAZARD,44,daylight,12,9655,5623,0.5823925427239772,,,,,19136,55308,165924,240368,10,5,early_stopping,True,66.0405826999995,6.586315670000113,0.039609010976356,0.15069979429244995,8.999551200538559,,0.2519280776948385,0.8760691632157042,0.8683722928035928,0.13670407084873715,0.8361501512186443,0.8364477665064958,0.8358527476436066,0.16414725235639338,2.967021276595745,14.835106382978724,4700,3125,2498,0.54464,0.5068054443554844,0.6314893617021277,,,,
first_onset,ONSET_HAZARD,44,sunrise_sunset_transition,12,7134,2742,0.3843566021867115,,,,,19136,55308,165924,240368,10,5,early_stopping,True,66.0405826999995,6.586315670000113,0.039609010976356,0.15069979429244995,8.999551200538559,,0.2519280776948385,0.9077647974767464,0.7996978839937783,0.12083715501136216,0.7565765098184513,0.7688253012048193,0.7447118891320205,0.2552881108679796,2.7722820763956904,13.861410381978452,2042,1660,1082,0.4674698795180723,0.588724584103512,0.6919686581782566,,,,
onset_lead,ONSET_HAZARD,44,full_timeline,1,930,930,0.05344520429860353,,,,,19136,55308,165924,240368,10,5,early_stopping,True,66.0405826999995,6.586315670000113,0.039609010976356,0.15069979429244995,8.999551200538559,,0.2519280776948385,,,,,,,,,,,499,431,,,,0.8946236559139785,,,
onset_lead,ONSET_HAZARD,44,full_timeline,2,930,930,0.05344520429860353,,,,,19136,55308,165924,240368,10,5,early_stopping,True,66.0405826999995,6.586315670000113,0.039609010976356,0.15069979429244995,8.999551200538559,,0.2519280776948385,,,,,,,,,,,499,431,,,,0.896774193548387,,,
onset_lead,ONSET_HAZARD,44,full_timeline,3,771,771,0.044307798402390665,,,,,19136,55308,165924,240368,10,5,early_stopping,True,66.0405826999995,6.586315670000113,0.039609010976356,0.15069979429244995,8.999551200538559,,0.2519280776948385,,,,,,,,,,,416,355,,,,0.8832684824902723,,,
onset_lead,ONSET_HAZARD,44,full_timeline,4,633,633,0.03637721970001724,,,,,19136,55308,165924,240368,10,5,early_stopping,True,66.0405826999995,6.586315670000113,0.039609010976356,0.15069979429244995,8.999551200538559,,0.2519280776948385,,,,,,,,,,,348,285,,,,0.8736176935229067,,,
onset_lead,ONSET_HAZARD,44,full_timeline,5,511,511,0.02936612838342624,,,,,19136,55308,165924,240368,10,5,early_stopping,True,66.0405826999995,6.586315670000113,0.039609010976356,0.15069979429244995,8.999551200538559,,0.2519280776948385,,,,,,,,,,,280,231,,,,0.8414872798434442,,,
onset_lead,ONSET_HAZARD,44,full_timeline,6,426,426,0.0244813516464571,,,,,19136,55308,165924,240368,10,5,early_stopping,True,66.0405826999995,6.586315670000113,0.039609010976356,0.15069979429244995,8.999551200538559,,0.2519280776948385,,,,,,,,,,,238,188,,,,0.8215962441314554,,,
onset_lead,ONSET_HAZARD,44,full_timeline,7,345,345,0.019826446755933567,,,,,19136,55308,165924,240368,10,5,early_stopping,True,66.0405826999995,6.586315670000113,0.039609010976356,0.15069979429244995,8.999551200538559,,0.2519280776948385,,,,,,,,,,,198,147,,,,0.7971014492753623,,,
onset_lead,ONSET_HAZARD,44,full_timeline,8,283,283,0.016263433136026666,,,,,19136,55308,165924,240368,10,5,early_stopping,True,66.0405826999995,6.586315670000113,0.039609010976356,0.15069979429244995,8.999551200538559,,0.2519280776948385,,,,,,,,,,,167,116,,,,0.7632508833922261,,,
onset_lead,ONSET_HAZARD,44,full_timeline,9,242,242,0.013907246709959197,,,,,19136,55308,165924,240368,10,5,early_stopping,True,66.0405826999995,6.586315670000113,0.039609010976356,0.15069979429244995,8.999551200538559,,0.2519280776948385,,,,,,,,,,,144,98,,,,0.7231404958677686,,,
onset_lead,ONSET_HAZARD,44,full_timeline,10,210,210,0.012068271938394345,,,,,19136,55308,165924,240368,10,5,early_stopping,True,66.0405826999995,6.586315670000113,0.039609010976356,0.15069979429244995,8.999551200538559,,0.2519280776948385,,,,,,,,,,,125,85,,,,0.6904761904761905,,,
onset_lead,ONSET_HAZARD,44,full_timeline,11,182,182,0.010459169013275099,,,,,19136,55308,165924,240368,10,5,early_stopping,True,66.0405826999995,6.586315670000113,0.039609010976356,0.15069979429244995,8.999551200538559,,0.2519280776948385,,,,,,,,,,,111,71,,,,0.6373626373626373,,,
onset_lead,ONSET_HAZARD,44,full_timeline,12,160,160,0.009194873857824262,,,,,19136,55308,165924,240368,10,5,early_stopping,True,66.0405826999995,6.586315670000113,0.039609010976356,0.15069979429244995,8.999551200538559,,0.2519280776948385,,,,,,,,,,,100,60,,,,0.58125,,,
reliability,ONSET_HAZARD,44,full_timeline,12,8229,,,,,,,19136,55308,165924,240368,10,5,early_stopping,True,66.0405826999995,6.586315670000113,0.039609010976356,0.15069979429244995,8.999551200538559,,0.2519280776948385,,,,,,,,,,,,,,,,,"[0.0,0.1)",0.004626496204976228,0.00012152144853566654
reliability,ONSET_HAZARD,44,full_timeline,12,735,,,,,,,19136,55308,165924,240368,10,5,early_stopping,True,66.0405826999995,6.586315670000113,0.039609010976356,0.15069979429244995,8.999551200538559,,0.2519280776948385,,,,,,,,,,,,,,,,,"[0.1,0.2)",0.1564490730186099,0.04217687074829932
reliability,ONSET_HAZARD,44,full_timeline,12,1240,,,,,,,19136,55308,165924,240368,10,5,early_stopping,True,66.0405826999995,6.586315670000113,0.039609010976356,0.15069979429244995,8.999551200538559,,0.2519280776948385,,,,,,,,,,,,,,,,,"[0.2,0.3)",0.25160429657453287,0.13306451612903225
reliability,ONSET_HAZARD,44,full_timeline,12,920,,,,,,,19136,55308,165924,240368,10,5,early_stopping,True,66.0405826999995,6.586315670000113,0.039609010976356,0.15069979429244995,8.999551200538559,,0.2519280776948385,,,,,,,,,,,,,,,,,"[0.3,0.4)",0.3491599658035826,0.4
reliability,ONSET_HAZARD,44,full_timeline,12,658,,,,,,,19136,55308,165924,240368,10,5,early_stopping,True,66.0405826999995,6.586315670000113,0.039609010976356,0.15069979429244995,8.999551200538559,,0.2519280776948385,,,,,,,,,,,,,,,,,"[0.4,0.5)",0.44904482871000034,0.5440729483282675
reliability,ONSET_HAZARD,44,full_timeline,12,441,,,,,,,19136,55308,165924,240368,10,5,early_stopping,True,66.0405826999995,6.586315670000113,0.039609010976356,0.15069979429244995,8.999551200538559,,0.2519280776948385,,,,,,,,,,,,,,,,,"[0.5,0.6)",0.5485440312217797,0.6190476190476191
reliability,ONSET_HAZARD,44,full_timeline,12,575,,,,,,,19136,55308,165924,240368,10,5,early_stopping,True,66.0405826999995,6.586315670000113,0.039609010976356,0.15069979429244995,8.999551200538559,,0.2519280776948385,,,,,,,,,,,,,,,,,"[0.6,0.7)",0.652645087429078,0.7060869565217391
reliability,ONSET_HAZARD,44,full_timeline,12,766,,,,,,,19136,55308,165924,240368,10,5,early_stopping,True,66.0405826999995,6.586315670000113,0.039609010976356,0.15069979429244995,8.999551200538559,,0.2519280776948385,,,,,,,,,,,,,,,,,"[0.7,0.8)",0.7536121182470878,0.7715404699738904
reliability,ONSET_HAZARD,44,full_timeline,12,1701,,,,,,,19136,55308,165924,240368,10,5,early_stopping,True,66.0405826999995,6.586315670000113,0.039609010976356,0.15069979429244995,8.999551200538559,,0.2519280776948385,,,,,,,,,,,,,,,,,"[0.8,0.9)",0.8549797731162634,0.8859494415049971
reliability,ONSET_HAZARD,44,full_timeline,12,2136,,,,,,,19136,55308,165924,240368,10,5,early_stopping,True,66.0405826999995,6.586315670000113,0.039609010976356,0.15069979429244995,8.999551200538559,,0.2519280776948385,,,,,,,,,,,,,,,,,"[0.9,1.0]",0.9421818204989333,0.9002808988764045
