site,h,analysis,scope,origins_horizon_specific,points_horizon_specific,origins_common_H144,points_common_H144,origin_change,point_change
Hanwha,12,primary,full,6625,79500,4521,54252,-2104,-25248
Hanwha,12,primary,power-active,3225,36421,1323,14558,-1902,-21863
Hanwha,12,primary,low-power,3810,43079,3413,39694,-397,-3385
Hanwha,12,daily_matched,full,6625,79392,4521,54151,-2104,-25241
Hanwha,12,daily_matched,power-active,3225,36421,1323,14558,-1902,-21863
Hanwha,12,daily_matched,low-power,3810,42971,3413,39593,-397,-3378
Hanwha,48,primary,full,6049,290352,4521,217008,-1528,-73344
Hanwha,48,primary,power-active,3522,132649,2113,67179,-1409,-65470
Hanwha,48,primary,low-power,4098,157703,3737,149829,-361,-7874
Hanwha,48,daily_matched,full,6049,289920,4521,216583,-1528,-73337
Hanwha,48,daily_matched,power-active,3522,132649,2113,67179,-1409,-65470
Hanwha,48,daily_matched,low-power,4098,157271,3737,149404,-361,-7867
Hanwha,96,primary,full,5281,506976,4521,434016,-760,-72960
Hanwha,96,primary,power-active,3881,228420,3169,163334,-712,-65086
Hanwha,96,primary,low-power,4482,278556,4191,270682,-291,-7874
Hanwha,96,daily_matched,full,5281,506112,4521,433159,-760,-72953
Hanwha,96,daily_matched,power-active,3881,228420,3169,163334,-712,-65086
Hanwha,96,daily_matched,low-power,4482,277692,4191,269825,-291,-7867
Hanwha,144,primary,full,4521,651024,4521,651024,0,0
Hanwha,144,primary,power-active,4225,287368,4225,287368,0,0
Hanwha,144,primary,low-power,4521,363656,4521,363656,0,0
Hanwha,144,daily_matched,full,4521,649735,4521,649735,0,0
Hanwha,144,daily_matched,power-active,4225,287368,4225,287368,0,0
Hanwha,144,daily_matched,low-power,4521,362367,4521,362367,0,0
Qcells,12,primary,full,6463,77556,2996,35952,-3467,-41604
Qcells,12,primary,power-active,3173,36504,25,42,-3148,-36462
Qcells,12,primary,low-power,3594,41052,2996,35910,-598,-5142
Qcells,12,daily_matched,full,6463,77530,2996,35943,-3467,-41587
Qcells,12,daily_matched,power-active,3173,36504,25,42,-3148,-36462
Qcells,12,daily_matched,low-power,3594,41026,2996,35901,-598,-5125
Qcells,48,primary,full,5491,263568,2996,143808,-2495,-119760
Qcells,48,primary,power-active,3071,123447,784,15021,-2287,-108426
Qcells,48,primary,low-power,3486,140121,2996,128787,-490,-11334
Qcells,48,daily_matched,full,5491,263470,2996,143727,-2495,-119743
Qcells,48,daily_matched,power-active,3071,123447,784,15021,-2287,-108426
Qcells,48,daily_matched,low-power,3486,140023,2996,128706,-490,-11317
Qcells,96,primary,full,4227,405792,2996,287616,-1231,-118176
Qcells,96,primary,power-active,2927,184959,1792,77349,-1135,-107610
Qcells,96,primary,low-power,3374,220833,2996,210267,-378,-10566
Qcells,96,daily_matched,full,4227,405598,2996,287439,-1231,-118159
Qcells,96,daily_matched,power-active,2927,184959,1792,77349,-1135,-107610
Qcells,96,daily_matched,low-power,3374,220639,2996,210090,-378,-10549
Qcells,144,primary,full,2996,431424,2996,431424,0,0
Qcells,144,primary,power-active,2800,187950,2800,187950,0,0
Qcells,144,primary,low-power,2996,243474,2996,243474,0,0
Qcells,144,daily_matched,full,2996,431150,2996,431150,0,0
Qcells,144,daily_matched,power-active,2800,187950,2800,187950,0,0
Qcells,144,daily_matched,low-power,2996,243200,2996,243200,0,0
Sanyo,12,primary,full,6589,79068,4160,49920,-2429,-29148
Sanyo,12,primary,power-active,3201,36190,838,9137,-2363,-27053
Sanyo,12,primary,low-power,3802,42878,3466,40783,-336,-2095
Sanyo,12,daily_matched,full,6589,79005,4160,49860,-2429,-29145
Sanyo,12,daily_matched,power-active,3201,36190,838,9137,-2363,-27053
Sanyo,12,daily_matched,low-power,3802,42815,3466,40723,-336,-2092
Sanyo,48,primary,full,5905,283440,4160,199680,-1745,-83760
Sanyo,48,primary,power-active,3389,129528,1661,48051,-1728,-81477
Sanyo,48,primary,low-power,3982,153912,3682,151629,-300,-2283
Sanyo,48,daily_matched,full,5905,283197,4160,199440,-1745,-83757
Sanyo,48,daily_matched,power-active,3389,129528,1661,48051,-1728,-81477
Sanyo,48,daily_matched,low-power,3982,153669,3682,151389,-300,-2280
Sanyo,96,primary,full,5024,482304,4160,399360,-864,-82944
Sanyo,96,primary,power-active,3629,215712,2765,134235,-864,-81477
Sanyo,96,primary,low-power,4253,266592,3970,265125,-283,-1467
Sanyo,96,daily_matched,full,5024,481821,4160,398880,-864,-82941
Sanyo,96,daily_matched,power-active,3629,215712,2765,134235,-864,-81477
Sanyo,96,daily_matched,low-power,4253,266109,3970,264645,-283,-1464
Sanyo,144,primary,full,4160,599040,4160,599040,0,0
Sanyo,144,primary,power-active,3869,259345,3869,259345,0,0
Sanyo,144,primary,low-power,4160,339695,4160,339695,0,0
Sanyo,144,daily_matched,full,4160,598317,4160,598317,0,0
Sanyo,144,daily_matched,power-active,3869,259345,3869,259345,0,0
Sanyo,144,daily_matched,low-power,4160,338972,4160,338972,0,0
NIST_GROUND,12,primary,full,25219,302628,21885,262620,-3334,-40008
NIST_GROUND,12,primary,power-active,10161,109258,8716,93701,-1445,-15557
NIST_GROUND,12,primary,low-power,17232,193370,15042,168919,-2190,-24451
NIST_GROUND,12,daily_matched,full,25219,300173,21885,260249,-3334,-39924
NIST_GROUND,12,daily_matched,power-active,10158,108291,8713,92794,-1445,-15497
NIST_GROUND,12,daily_matched,low-power,17227,191882,15038,167455,-2189,-24427
NIST_GROUND,48,primary,full,24240,1163520,21885,1050480,-2355,-113040
NIST_GROUND,48,primary,power-active,12577,413664,11242,369075,-1335,-44589
NIST_GROUND,48,primary,low-power,19604,749856,17742,681405,-1862,-68451
NIST_GROUND,48,daily_matched,full,24240,1154170,21885,1041445,-2355,-112725
NIST_GROUND,48,daily_matched,power-active,12574,410266,11239,365900,-1335,-44366
NIST_GROUND,48,daily_matched,low-power,19599,743904,17738,675545,-1861,-68359
NIST_GROUND,96,primary,full,23037,2211552,21885,2100960,-1152,-110592
NIST_GROUND,96,primary,power-active,15700,775182,14873,732543,-827,-42639
NIST_GROUND,96,primary,low-power,22114,1436370,20988,1368417,-1126,-67953
NIST_GROUND,96,daily_matched,full,23037,2194678,21885,2084401,-1152,-110277
NIST_GROUND,96,daily_matched,power-active,15697,769372,14870,726956,-827,-42416
NIST_GROUND,96,daily_matched,low-power,22114,1425306,20988,1357445,-1126,-67861
NIST_GROUND,144,primary,full,21885,3151440,21885,3151440,0,0
NIST_GROUND,144,primary,power-active,18602,1106213,18602,1106213,0,0
NIST_GROUND,144,primary,low-power,21885,2045227,21885,2045227,0,0
NIST_GROUND,144,daily_matched,full,21885,3128676,21885,3128676,0,0
NIST_GROUND,144,daily_matched,power-active,18599,1098178,18599,1098178,0,0
NIST_GROUND,144,daily_matched,low-power,21885,2030498,21885,2030498,0,0
YULARA_COMBINED,12,primary,full,26412,316944,26280,315360,-132,-1584
YULARA_COMBINED,12,primary,power-active,14784,164664,14698,163698,-86,-966
YULARA_COMBINED,12,primary,low-power,13747,152280,13690,151662,-57,-618
YULARA_COMBINED,12,daily_matched,full,26412,316944,26280,315360,-132,-1584
YULARA_COMBINED,12,daily_matched,power-active,14784,164664,14698,163698,-86,-966
YULARA_COMBINED,12,daily_matched,low-power,13747,152280,13690,151662,-57,-618
YULARA_COMBINED,48,primary,full,26376,1266048,26280,1261440,-96,-4608
YULARA_COMBINED,48,primary,power-active,18063,658095,17977,655095,-86,-3000
YULARA_COMBINED,48,primary,low-power,17055,607953,16998,606345,-57,-1608
YULARA_COMBINED,48,daily_matched,full,26376,1266048,26280,1261440,-96,-4608
YULARA_COMBINED,48,daily_matched,power-active,18063,658095,17977,655095,-86,-3000
YULARA_COMBINED,48,daily_matched,low-power,17055,607953,16998,606345,-57,-1608
YULARA_COMBINED,96,primary,full,26328,2527488,26280,2522880,-48,-4608
YULARA_COMBINED,96,primary,power-active,22393,1313250,22345,1310250,-48,-3000
YULARA_COMBINED,96,primary,low-power,21423,1214238,21375,1212630,-48,-1608
YULARA_COMBINED,96,daily_matched,full,26328,2527488,26280,2522880,-48,-4608
YULARA_COMBINED,96,daily_matched,power-active,22393,1313250,22345,1310250,-48,-3000
YULARA_COMBINED,96,daily_matched,low-power,21423,1214238,21375,1212630,-48,-1608
YULARA_COMBINED,144,primary,full,26280,3784320,26280,3784320,0,0
YULARA_COMBINED,144,primary,power-active,26192,1963842,26192,1963842,0,0
YULARA_COMBINED,144,primary,low-power,25653,1820478,25653,1820478,0,0
YULARA_COMBINED,144,daily_matched,full,26280,3784320,26280,3784320,0,0
YULARA_COMBINED,144,daily_matched,power-active,26192,1963842,26192,1963842,0,0
YULARA_COMBINED,144,daily_matched,low-power,25653,1820478,25653,1820478,0,0
