model,seed,split,horizon_steps,horizon_hours,scope,rmse_kw,mae_kw,train_range_nrmse,r2,valid_target_count,window_count,parameter_count,trainable_parameter_count,inference_seconds,inference_ms_per_sample,actual_epochs,best_epoch,best_validation_mse,training_seconds,mean_epoch_seconds,stop_reason,peak_gpu_memory_mb,numerically_finite
HISTORY_ONLY,42,validation,12,1.0,regular_full_timeline,15.704449653625488,2.0684235095977783,2.5969782130437866,-77.14124221364347,713088,59424,683856,683856,4.091341700001067,0.06884998822026565,10,5,2.1767980711956314,105.85790730000008,10.561525889999576,early_stopping,97.19775390625,True
HISTORY_ONLY,42,validation,12,1.0,daylight,23.151594161987305,4.058999061584473,3.828480905857955,-156.70985614385663,303546,59424,683856,683856,4.091341700001067,0.06884998822026565,10,5,2.1767980711956314,105.85790730000008,10.561525889999576,early_stopping,97.19775390625,True
HISTORY_ONLY,42,validation,12,1.0,high_change_daylight,31.33385467529297,7.383434772491455,5.181546613677761,-431.0209626267414,93058,59424,683856,683856,4.091341700001067,0.06884998822026565,10,5,2.1767980711956314,105.85790730000008,10.561525889999576,early_stopping,97.19775390625,True
HISTORY_ONLY,42,validation,48,4.0,regular_full_timeline,13.782666206359863,2.013274669647217,2.279181037541693,-59.54710339750561,2852352,59424,683856,683856,4.091341700001067,0.06884998822026565,10,5,2.1767980711956314,105.85790730000008,10.561525889999576,early_stopping,97.19775390625,True
HISTORY_ONLY,42,validation,48,4.0,daylight,18.496639251708984,3.285879373550415,3.058710761005843,-102.35265697654744,1289950,59424,683856,683856,4.091341700001067,0.06884998822026565,10,5,2.1767980711956314,105.85790730000008,10.561525889999576,early_stopping,97.19775390625,True
HISTORY_ONLY,42,validation,48,4.0,high_change_daylight,25.12583351135254,5.432152271270752,4.154952491345934,-278.5277501445556,384504,59424,683856,683856,4.091341700001067,0.06884998822026565,10,5,2.1767980711956314,105.85790730000008,10.561525889999576,early_stopping,97.19775390625,True
HISTORY_ONLY,42,validation,96,8.0,regular_full_timeline,10.34626579284668,1.6801018714904785,1.710918080098408,-29.211670824600812,5704704,59424,683856,683856,4.091341700001067,0.06884998822026565,10,5,2.1767980711956314,105.85790730000008,10.561525889999576,early_stopping,97.19775390625,True
HISTORY_ONLY,42,validation,96,8.0,daylight,12.878591537475586,2.5104029178619385,2.129678045087881,-48.38596476033534,2819151,59424,683856,683856,4.091341700001067,0.06884998822026565,10,5,2.1767980711956314,105.85790730000008,10.561525889999576,early_stopping,97.19775390625,True
HISTORY_ONLY,42,validation,96,8.0,high_change_daylight,17.775951385498047,3.5501506328582764,2.939533666091043,-138.89983703156943,800759,59424,683856,683856,4.091341700001067,0.06884998822026565,10,5,2.1767980711956314,105.85790730000008,10.561525889999576,early_stopping,97.19775390625,True
HISTORY_ONLY,42,validation,144,12.0,regular_full_timeline,8.938526153564453,1.5955713987350464,1.4781261482900827,-19.8351211230205,8557056,59424,683856,683856,4.091341700001067,0.06884998822026565,10,5,2.1767980711956314,105.85790730000008,10.561525889999576,early_stopping,97.19775390625,True
HISTORY_ONLY,42,validation,144,12.0,daylight,10.370702743530273,2.2002179622650146,1.714959114959115,-30.840523310735747,4411647,59424,683856,683856,4.091341700001067,0.06884998822026565,10,5,2.1767980711956314,105.85790730000008,10.561525889999576,early_stopping,97.19775390625,True
HISTORY_ONLY,42,validation,144,12.0,high_change_daylight,14.470427513122559,2.8217790126800537,2.3929132070115675,-91.63006951474928,1216715,59424,683856,683856,4.091341700001067,0.06884998822026565,10,5,2.1767980711956314,105.85790730000008,10.561525889999576,early_stopping,97.19775390625,True
HISTORY_ONLY,43,validation,12,1.0,regular_full_timeline,11.8566312789917,1.7318451404571533,1.9606808128119604,-43.54074564631619,713088,59424,683856,683856,4.390315000000555,0.07388117595585211,8,3,0.9539867726108658,84.74573919999966,10.570591337499764,early_stopping,99.81005859375,True
HISTORY_ONLY,43,validation,12,1.0,daylight,17.73818016052246,3.392545700073242,2.9332875988613694,-91.57959173188857,303546,59424,683856,683856,4.390315000000555,0.07388117595585211,8,3,0.9539867726108658,84.74573919999966,10.570591337499764,early_stopping,99.81005859375,True
HISTORY_ONLY,43,validation,12,1.0,high_change_daylight,24.417509078979492,6.168264865875244,4.037819885033,-261.34931756279764,93058,59424,683856,683856,4.390315000000555,0.07388117595585211,8,3,0.9539867726108658,84.74573919999966,10.570591337499764,early_stopping,99.81005859375,True
HISTORY_ONLY,43,validation,48,4.0,regular_full_timeline,9.202861785888672,1.4907954931259155,1.5218382103628005,-25.994335479262794,2852352,59424,683856,683856,4.390315000000555,0.07388117595585211,8,3,0.9539867726108658,84.74573919999966,10.570591337499764,early_stopping,99.81005859375,True
HISTORY_ONLY,43,validation,48,4.0,daylight,12.70903205871582,2.4697320461273193,2.101638713441992,-47.79338308796176,1289950,59424,683856,683856,4.390315000000555,0.07388117595585211,8,3,0.9539867726108658,84.74573919999966,10.570591337499764,early_stopping,99.81005859375,True
HISTORY_ONLY,43,validation,48,4.0,high_change_daylight,17.56536865234375,4.0331034660339355,2.9047104929072143,-135.61503755567207,384504,59424,683856,683856,4.390315000000555,0.07388117595585211,8,3,0.9539867726108658,84.74573919999966,10.570591337499764,early_stopping,99.81005859375,True
HISTORY_ONLY,43,validation,96,8.0,regular_full_timeline,6.8127665519714355,1.2720184326171875,1.1265983015163343,-12.099492686848041,5704704,59424,683856,683856,4.390315000000555,0.07388117595585211,8,3,0.9539867726108658,84.74573919999966,10.570591337499764,early_stopping,99.81005859375,True
HISTORY_ONLY,43,validation,96,8.0,daylight,8.785399436950684,1.9411646127700806,1.4528042328042328,-21.982106821672577,2819151,59424,683856,683856,4.390315000000555,0.07388117595585211,8,3,0.9539867726108658,84.74573919999966,10.570591337499764,early_stopping,99.81005859375,True
HISTORY_ONLY,43,validation,96,8.0,high_change_daylight,12.339958190917969,2.677093505859375,2.040606533721288,-66.41846339706933,800759,59424,683856,683856,4.390315000000555,0.07388117595585211,8,3,0.9539867726108658,84.74573919999966,10.570591337499764,early_stopping,99.81005859375,True
HISTORY_ONLY,43,validation,144,12.0,regular_full_timeline,5.917139053344727,1.2757797241210938,0.9784921817708703,-8.130356862707334,8557056,59424,683856,683856,4.390315000000555,0.07388117595585211,8,3,0.9539867726108658,84.74573919999966,10.570591337499764,early_stopping,99.81005859375,True
HISTORY_ONLY,43,validation,144,12.0,daylight,7.125827312469482,1.8148460388183594,1.178367831318651,-14.032609012948086,4411647,59424,683856,683856,4.390315000000555,0.07388117595585211,8,3,0.9539867726108658,84.74573919999966,10.570591337499764,early_stopping,99.81005859375,True
HISTORY_ONLY,43,validation,144,12.0,high_change_daylight,10.072173118591309,2.2375805377960205,1.665592537395816,-43.87822329906649,1216715,59424,683856,683856,4.390315000000555,0.07388117595585211,8,3,0.9539867726108658,84.74573919999966,10.570591337499764,early_stopping,99.81005859375,True
HISTORY_ONLY,44,validation,12,1.0,regular_full_timeline,4.553354263305664,0.9339374303817749,0.7529688769033032,-5.568977027318534,713088,59424,683856,683856,4.1250001000007614,0.06941639909802036,12,7,0.44995019327681274,129.30722790000073,10.750480583333834,early_stopping,100.23193359375,True
HISTORY_ONLY,44,validation,12,1.0,daylight,6.356607437133789,1.5628020763397217,1.0511652039520891,-10.889068673054727,303546,59424,683856,683856,4.1250001000007614,0.06941639909802036,12,7,0.44995019327681274,129.30722790000073,10.750480583333834,early_stopping,100.23193359375,True
HISTORY_ONLY,44,validation,12,1.0,high_change_daylight,8.723089218139648,2.5627217292785645,1.442500256270748,-32.48249143236267,93058,59424,683856,683856,4.1250001000007614,0.06941639909802036,12,7,0.44995019327681274,129.30722790000073,10.750480583333834,early_stopping,100.23193359375,True
HISTORY_ONLY,44,validation,48,4.0,regular_full_timeline,5.102019309997559,1.136182427406311,0.843699287961583,-7.296807834944456,2852352,59424,683856,683856,4.1250001000007614,0.06941639909802036,12,7,0.44995019327681274,129.30722790000073,10.750480583333834,early_stopping,100.23193359375,True
HISTORY_ONLY,44,validation,48,4.0,daylight,6.391173362731934,1.7687503099441528,1.056881224422208,-11.339490387611404,1289950,59424,683856,683856,4.1250001000007614,0.06941639909802036,12,7,0.44995019327681274,129.30722790000073,10.750480583333834,early_stopping,100.23193359375,True
HISTORY_ONLY,44,validation,48,4.0,high_change_daylight,8.575810432434082,2.5118916034698486,1.4181453883093227,-31.563739419586703,384504,59424,683856,683856,4.1250001000007614,0.06941639909802036,12,7,0.44995019327681274,129.30722790000073,10.750480583333834,early_stopping,100.23193359375,True
HISTORY_ONLY,44,validation,96,8.0,regular_full_timeline,4.272117614746094,1.2355321645736694,0.7064619654783589,-4.151026861148417,5704704,59424,683856,683856,4.1250001000007614,0.06941639909802036,12,7,0.44995019327681274,129.30722790000073,10.750480583333834,early_stopping,100.23193359375,True
HISTORY_ONLY,44,validation,96,8.0,daylight,5.04959774017334,1.9108394384384155,0.8350305553584242,-6.592422105368334,2819151,59424,683856,683856,4.1250001000007614,0.06941639909802036,12,7,0.44995019327681274,129.30722790000073,10.750480583333834,early_stopping,100.23193359375,True
HISTORY_ONLY,44,validation,96,8.0,high_change_daylight,6.580692768096924,2.2262191772460938,1.0882212444507526,-18.17320406439672,800759,59424,683856,683856,4.1250001000007614,0.06941639909802036,12,7,0.44995019327681274,129.30722790000073,10.750480583333834,early_stopping,100.23193359375,True
HISTORY_ONLY,44,validation,144,12.0,regular_full_timeline,4.063412189483643,1.3119617700576782,0.67194923473612,-3.305721971266234,8557056,59424,683856,683856,4.1250001000007614,0.06941639909802036,12,7,0.44995019327681274,129.30722790000073,10.750480583333834,early_stopping,100.23193359375,True
HISTORY_ONLY,44,validation,144,12.0,daylight,4.345043659210205,1.94400954246521,0.7185214360624197,-4.589231162886426,4411647,59424,683856,683856,4.1250001000007614,0.06941639909802036,12,7,0.44995019327681274,129.30722790000073,10.750480583333834,early_stopping,100.23193359375,True
HISTORY_ONLY,44,validation,144,12.0,high_change_daylight,5.499922275543213,2.0494840145111084,0.909498813269305,-12.38142726020193,1216715,59424,683856,683856,4.1250001000007614,0.06941639909802036,12,7,0.44995019327681274,129.30722790000073,10.750480583333834,early_stopping,100.23193359375,True
RAW_NWP,42,validation,12,1.0,regular_full_timeline,20.43070411682129,3.0544607639312744,3.3785388624732886,-131.2517822061745,713088,59424,683937,683937,4.170593300001201,0.07018365138666534,6,1,6.558660764323124,67.1782850999989,11.17328495000038,early_stopping,102.51904296875,True
RAW_NWP,42,validation,12,1.0,daylight,25.928865432739258,4.869872093200684,4.287746473320244,-196.8172329302447,303546,59424,683937,683937,4.170593300001201,0.07018365138666534,6,1,6.558660764323124,67.1782850999989,11.17328495000038,early_stopping,102.51904296875,True
RAW_NWP,42,validation,12,1.0,high_change_daylight,33.37996292114258,7.908428192138672,5.519902853673345,-489.28539975596505,93058,59424,683937,683937,4.170593300001201,0.07018365138666534,6,1,6.558660764323124,67.1782850999989,11.17328495000038,early_stopping,102.51904296875,True
RAW_NWP,42,validation,48,4.0,regular_full_timeline,19.232986450195312,2.817185401916504,3.1804773732642584,-116.90176461464677,2852352,59424,683937,683937,4.170593300001201,0.07018365138666534,6,1,6.558660764323124,67.1782850999989,11.17328495000038,early_stopping,102.51904296875,True
RAW_NWP,42,validation,48,4.0,daylight,19.220134735107422,3.40456223487854,3.178352139663615,-110.5960683250476,1289950,59424,683937,683937,4.170593300001201,0.07018365138666534,6,1,6.558660764323124,67.1782850999989,11.17328495000038,early_stopping,102.51904296875,True
RAW_NWP,42,validation,48,4.0,high_change_daylight,23.234291076660156,4.949765205383301,3.842156143795488,-238.0247400625839,384504,59424,683937,683937,4.170593300001201,0.07018365138666534,6,1,6.558660764323124,67.1782850999989,11.17328495000038,early_stopping,102.51904296875,True
RAW_NWP,42,validation,96,8.0,regular_full_timeline,15.54748821258545,2.281541347503662,2.571022165448395,-67.2225489025201,5704704,59424,683937,683937,4.170593300001201,0.07018365138666534,6,1,6.558660764323124,67.1782850999989,11.17328495000038,early_stopping,102.51904296875,True
RAW_NWP,42,validation,96,8.0,daylight,13.601006507873535,2.271575927734375,2.2491407438948423,-54.081890362905895,2819151,59424,683937,683937,4.170593300001201,0.07018365138666534,6,1,6.558660764323124,67.1782850999989,11.17328495000038,early_stopping,102.51904296875,True
RAW_NWP,42,validation,96,8.0,high_change_daylight,16.467397689819336,3.1007182598114014,2.7231436929797583,-119.06084818225925,800759,59424,683937,683937,4.170593300001201,0.07018365138666534,6,1,6.558660764323124,67.1782850999989,11.17328495000038,early_stopping,102.51904296875,True
RAW_NWP,42,validation,144,12.0,regular_full_timeline,15.515881538391113,2.295646905899048,2.5657955038282907,-61.77938821132736,8557056,59424,683937,683937,4.170593300001201,0.07018365138666534,6,1,6.558660764323124,67.1782850999989,11.17328495000038,early_stopping,102.51904296875,True
RAW_NWP,42,validation,144,12.0,daylight,11.0885648727417,1.838761329650879,1.8336689297345035,-35.40109922741232,4411647,59424,683937,683937,4.170593300001201,0.07018365138666534,6,1,6.558660764323124,67.1782850999989,11.17328495000038,early_stopping,102.51904296875,True
RAW_NWP,42,validation,144,12.0,high_change_daylight,13.458379745483398,2.4203577041625977,2.225555161292866,-79.12626128303513,1216715,59424,683937,683937,4.170593300001201,0.07018365138666534,6,1,6.558660764323124,67.1782850999989,11.17328495000038,early_stopping,102.51904296875,True
RAW_NWP,43,validation,12,1.0,regular_full_timeline,10.212608337402344,1.6627477407455444,1.6888157137337465,-32.04519069256169,713088,59424,683937,683937,4.29502230000071,0.07227756966883263,6,1,0.735804529674751,67.80453159999888,11.276951583332751,early_stopping,102.09912109375,True
RAW_NWP,43,validation,12,1.0,daylight,14.390237808227539,2.8974380493164062,2.3796525757181497,-59.9302534100495,303546,59424,683937,683937,4.29502230000071,0.07227756966883263,6,1,0.735804529674751,67.80453159999888,11.276951583332751,early_stopping,102.09912109375,True
RAW_NWP,43,validation,12,1.0,high_change_daylight,19.439058303833008,4.907524585723877,3.2145546014398474,-165.27527633100837,93058,59424,683937,683937,4.29502230000071,0.07227756966883263,6,1,0.735804529674751,67.80453159999888,11.276951583332751,early_stopping,102.09912109375,True
RAW_NWP,43,validation,48,4.0,regular_full_timeline,6.879060745239258,1.2527410984039307,1.137561091003714,-14.082909935774088,2852352,59424,683937,683937,4.29502230000071,0.07227756966883263,6,1,0.735804529674751,67.80453159999888,11.276951583332751,early_stopping,102.09912109375,True
RAW_NWP,43,validation,48,4.0,daylight,8.811014175415039,1.8235608339309692,1.457040033433476,-22.452424463802096,1289950,59424,683937,683937,4.29502230000071,0.07227756966883263,6,1,0.735804529674751,67.80453159999888,11.276951583332751,early_stopping,102.09912109375,True
RAW_NWP,43,validation,48,4.0,high_change_daylight,12.01783275604248,2.8308870792388916,1.9873380171740826,-62.94936861186158,384504,59424,683937,683937,4.29502230000071,0.07227756966883263,6,1,0.735804529674751,67.80453159999888,11.276951583332751,early_stopping,102.09912109375,True
RAW_NWP,43,validation,96,8.0,regular_full_timeline,5.787112236022949,1.137784481048584,0.9569901986295429,-8.452164528529055,5704704,59424,683937,683937,4.29502230000071,0.07227756966883263,6,1,0.735804529674751,67.80453159999888,11.276951583332751,early_stopping,102.09912109375,True
RAW_NWP,43,validation,96,8.0,daylight,6.066076278686523,1.3525503873825073,1.0031212988590037,-9.956769717826235,2819151,59424,683937,683937,4.29502230000071,0.07227756966883263,6,1,0.735804529674751,67.80453159999888,11.276951583332751,early_stopping,102.09912109375,True
RAW_NWP,43,validation,96,8.0,high_change_daylight,8.403995513916016,1.9102907180786133,1.3897330841593136,-30.26965594171287,800759,59424,683937,683937,4.29502230000071,0.07227756966883263,6,1,0.735804529674751,67.80453159999888,11.276951583332751,early_stopping,102.09912109375,True
RAW_NWP,43,validation,144,12.0,regular_full_timeline,5.196661949157715,1.083228349685669,0.8593499396778085,-6.042277832232728,8557056,59424,683937,683937,4.29502230000071,0.07227756966883263,6,1,0.735804529674751,67.80453159999888,11.276951583332751,early_stopping,102.09912109375,True
RAW_NWP,43,validation,144,12.0,daylight,4.920897006988525,1.2089179754257202,0.8137478611249103,-6.168896462352481,4411647,59424,683937,683937,4.29502230000071,0.07227756966883263,6,1,0.735804529674751,67.80453159999888,11.276951583332751,early_stopping,102.09912109375,True
RAW_NWP,43,validation,144,12.0,high_change_daylight,6.869692802429199,1.6162546873092651,1.1360119540447409,-19.876798064007232,1216715,59424,683937,683937,4.29502230000071,0.07227756966883263,6,1,0.735804529674751,67.80453159999888,11.276951583332751,early_stopping,102.09912109375,True
RAW_NWP,44,validation,12,1.0,regular_full_timeline,14.500011444091797,2.209559202194214,2.397805376166032,-65.61492994361855,713088,59424,683937,683937,4.055083800001739,0.06823983239098241,6,1,1.0987318839604043,64.72649850000016,10.765440516666786,early_stopping,101.81787109375,True
RAW_NWP,44,validation,12,1.0,daylight,21.644271850585938,4.124704360961914,3.579221410041082,-136.84247336699661,303546,59424,683937,683937,4.055083800001739,0.06823983239098241,6,1,1.0987318839604043,64.72649850000016,10.765440516666786,early_stopping,101.81787109375,True
RAW_NWP,44,validation,12,1.0,high_change_daylight,29.978551864624023,7.309267520904541,4.957425937753807,-394.45629716264085,93058,59424,683937,683937,4.055083800001739,0.06823983239098241,6,1,1.0987318839604043,64.72649850000016,10.765440516666786,early_stopping,101.81787109375,True
RAW_NWP,44,validation,48,4.0,regular_full_timeline,10.37906265258789,1.7214891910552979,1.716341557653033,-33.33548283859848,2852352,59424,683937,683937,4.055083800001739,0.06823983239098241,6,1,1.0987318839604043,64.72649850000016,10.765440516666786,early_stopping,101.81787109375,True
RAW_NWP,44,validation,48,4.0,daylight,14.277703285217285,2.7288641929626465,2.361043219076006,-60.58184683994254,1289950,59424,683937,683937,4.055083800001739,0.06823983239098241,6,1,1.0987318839604043,64.72649850000016,10.765440516666786,early_stopping,101.81787109375,True
RAW_NWP,44,validation,48,4.0,high_change_daylight,20.07094955444336,4.494814872741699,3.319047776752695,-177.36916618937283,384504,59424,683937,683937,4.055083800001739,0.06823983239098241,6,1,1.0987318839604043,64.72649850000016,10.765440516666786,early_stopping,101.81787109375,True
RAW_NWP,44,validation,96,8.0,regular_full_timeline,7.516392707824707,1.329404354095459,1.242953973773646,-14.94506757661323,5704704,59424,683937,683937,4.055083800001739,0.06823983239098241,6,1,1.0987318839604043,64.72649850000016,10.765440516666786,early_stopping,101.81787109375,True
RAW_NWP,44,validation,96,8.0,daylight,9.766324043273926,1.9560638666152954,1.615015573376229,-27.400701573978644,2819151,59424,683937,683937,4.055083800001739,0.06823983239098241,6,1,1.0987318839604043,64.72649850000016,10.765440516666786,early_stopping,101.81787109375,True
RAW_NWP,44,validation,96,8.0,high_change_daylight,13.981302261352539,2.806915760040283,2.312028639241754,-85.5459445188561,800759,59424,683937,683937,4.055083800001739,0.06823983239098241,6,1,1.0987318839604043,64.72649850000016,10.765440516666786,early_stopping,101.81787109375,True
RAW_NWP,44,validation,144,12.0,regular_full_timeline,6.3504815101623535,1.243222951889038,1.050152185398087,-9.51665267064049,8557056,59424,683937,683937,4.055083800001739,0.06823983239098241,6,1,1.0987318839604043,64.72649850000016,10.765440516666786,early_stopping,101.81787109375,True
RAW_NWP,44,validation,144,12.0,daylight,7.878947734832764,1.7190672159194946,1.3029081604491441,-17.378083792770763,4411647,59424,683937,683937,4.055083800001739,0.06823983239098241,6,1,1.0987318839604043,64.72649850000016,10.765440516666786,early_stopping,101.81787109375,True
RAW_NWP,44,validation,144,12.0,high_change_daylight,11.381556510925293,2.247776985168457,1.8821197139229926,-56.30501357336425,1216715,59424,683937,683937,4.055083800001739,0.06823983239098241,6,1,1.0987318839604043,64.72649850000016,10.765440516666786,early_stopping,101.81787109375,True
AGE_LEAD_RELIABILITY,42,validation,12,1.0,regular_full_timeline,21.45496368408203,3.077216863632202,3.5479163216868135,-144.84463209875008,713088,59424,683978,683978,4.087992699998722,0.06879363051963384,6,1,4.20834357616024,66.76373439999952,11.103928216666342,early_stopping,106.38623046875,True
AGE_LEAD_RELIABILITY,42,validation,12,1.0,daylight,29.8620662689209,5.354280948638916,4.938163208982881,-261.3836640411501,303546,59424,683978,683978,4.087992699998722,0.06879363051963384,6,1,4.20834357616024,66.76373439999952,11.103928216666342,early_stopping,106.38623046875,True
AGE_LEAD_RELIABILITY,42,validation,12,1.0,high_change_daylight,40.0704231262207,9.27455997467041,6.626275873488988,-705.5209577135333,93058,59424,683978,683978,4.087992699998722,0.06879363051963384,6,1,4.20834357616024,66.76373439999952,11.103928216666342,early_stopping,106.38623046875,True
AGE_LEAD_RELIABILITY,42,validation,48,4.0,regular_full_timeline,17.42957305908203,2.5888946056365967,2.8822545517627485,-95.82786302345862,2852352,59424,683978,683978,4.087992699998722,0.06879363051963384,6,1,4.20834357616024,66.76373439999952,11.103928216666342,early_stopping,106.38623046875,True
AGE_LEAD_RELIABILITY,42,validation,48,4.0,daylight,19.831188201904297,3.4295871257781982,3.2793994590715903,-117.80465709317266,1289950,59424,683978,683978,4.087992699998722,0.06879363051963384,6,1,4.20834357616024,66.76373439999952,11.103928216666342,early_stopping,106.38623046875,True
AGE_LEAD_RELIABILITY,42,validation,48,4.0,high_change_daylight,25.828161239624023,5.331467151641846,4.271093448142628,-294.3731083797924,384504,59424,683978,683978,4.087992699998722,0.06879363051963384,6,1,4.20834357616024,66.76373439999952,11.103928216666342,early_stopping,106.38623046875,True
AGE_LEAD_RELIABILITY,42,validation,96,8.0,regular_full_timeline,13.18493938446045,1.9443925619125366,2.180337488862079,-48.064089707284936,5704704,59424,683978,683978,4.087992699998722,0.06879363051963384,6,1,4.20834357616024,66.76373439999952,11.103928216666342,early_stopping,106.38623046875,True
AGE_LEAD_RELIABILITY,42,validation,96,8.0,daylight,13.764360427856445,2.2849786281585693,2.276153888612905,-55.412956093323785,2819151,59424,683978,683978,4.087992699998722,0.06879363051963384,6,1,4.20834357616024,66.76373439999952,11.103928216666342,early_stopping,106.38623046875,True
AGE_LEAD_RELIABILITY,42,validation,96,8.0,high_change_daylight,18.114370346069336,3.285752296447754,2.9954965738572294,-144.27738940884896,800759,59424,683978,683978,4.087992699998722,0.06879363051963384,6,1,4.20834357616024,66.76373439999952,11.103928216666342,early_stopping,106.38623046875,True
AGE_LEAD_RELIABILITY,42,validation,144,12.0,regular_full_timeline,12.42859935760498,1.8847968578338623,2.055264747395895,-39.28177663756249,8557056,59424,683978,683978,4.087992699998722,0.06879363051963384,6,1,4.20834357616024,66.76373439999952,11.103928216666342,early_stopping,106.38623046875,True
AGE_LEAD_RELIABILITY,42,validation,144,12.0,daylight,11.139245986938477,1.863972783088684,1.8420498505744407,-35.73460339091968,4411647,59424,683978,683978,4.087992699998722,0.06879363051963384,6,1,4.20834357616024,66.76373439999952,11.103928216666342,early_stopping,106.38623046875,True
AGE_LEAD_RELIABILITY,42,validation,144,12.0,high_change_daylight,14.752058029174805,2.5479209423065186,2.4394852506327918,-95.27079466125853,1216715,59424,683978,683978,4.087992699998722,0.06879363051963384,6,1,4.20834357616024,66.76373439999952,11.103928216666342,early_stopping,106.38623046875,True
AGE_LEAD_RELIABILITY,43,validation,12,1.0,regular_full_timeline,5.341855049133301,0.9537304639816284,0.8833599066385952,-8.041055001185212,713088,59424,683978,683978,3.992258199999924,0.06718258952611611,12,7,0.4868705981239165,133.50177210000038,11.09950788333299,early_stopping,107.51318359375,True
AGE_LEAD_RELIABILITY,43,validation,12,1.0,daylight,7.9054856300354,1.8046687841415405,1.3072966195917015,-17.388833488870734,303546,59424,683978,683978,3.992258199999924,0.06718258952611611,12,7,0.4868705981239165,133.50177210000038,11.09950788333299,early_stopping,107.51318359375,True
AGE_LEAD_RELIABILITY,43,validation,12,1.0,high_change_daylight,10.685318946838379,3.100552797317505,1.76698586173996,-49.24029872304616,93058,59424,683978,683978,3.992258199999924,0.06718258952611611,12,7,0.4868705981239165,133.50177210000038,11.09950788333299,early_stopping,107.51318359375,True
AGE_LEAD_RELIABILITY,43,validation,48,4.0,regular_full_timeline,5.544022560119629,1.0835168361663818,0.9167914902341132,-8.796633291004753,2852352,59424,683978,683978,3.992258199999924,0.06718258952611611,12,7,0.4868705981239165,133.50177210000038,11.09950788333299,early_stopping,107.51318359375,True
AGE_LEAD_RELIABILITY,43,validation,48,4.0,daylight,7.142007350921631,1.7175698280334473,1.1810434556336196,-14.4090764160977,1289950,59424,683978,683978,3.992258199999924,0.06718258952611611,12,7,0.4868705981239165,133.50177210000038,11.09950788333299,early_stopping,107.51318359375,True
AGE_LEAD_RELIABILITY,43,validation,48,4.0,high_change_daylight,9.515600204467773,2.624403476715088,1.5735544358495177,-39.091869575925564,384504,59424,683978,683978,3.992258199999924,0.06718258952611611,12,7,0.4868705981239165,133.50177210000038,11.09950788333299,early_stopping,107.51318359375,True
AGE_LEAD_RELIABILITY,43,validation,96,8.0,regular_full_timeline,4.429812431335449,1.0638614892959595,0.7325392882769932,-4.53832078960807,5704704,59424,683978,683978,3.992258199999924,0.06718258952611611,12,7,0.4868705981239165,133.50177210000038,11.09950788333299,early_stopping,107.51318359375,True
AGE_LEAD_RELIABILITY,43,validation,96,8.0,daylight,5.075159072875977,1.5543240308761597,0.8392575245034262,-6.669483707712434,2819151,59424,683978,683978,3.992258199999924,0.06718258952611611,12,7,0.4868705981239165,133.50177210000038,11.09950788333299,early_stopping,107.51318359375,True
AGE_LEAD_RELIABILITY,43,validation,96,8.0,high_change_daylight,6.7889604568481445,1.970300316810608,1.1226615885632278,-19.40600730109627,800759,59424,683978,683978,3.992258199999924,0.06718258952611611,12,7,0.4868705981239165,133.50177210000038,11.09950788333299,early_stopping,107.51318359375,True
AGE_LEAD_RELIABILITY,43,validation,144,12.0,regular_full_timeline,4.227050304412842,1.1179856061935425,0.6990093755667526,-3.6594969792841336,8557056,59424,683978,683978,3.992258199999924,0.06718258952611611,12,7,0.4868705981239165,133.50177210000038,11.09950788333299,early_stopping,107.51318359375,True
AGE_LEAD_RELIABILITY,43,validation,144,12.0,daylight,4.192598342895508,1.5088070631027222,0.6933122008531845,-4.203916133546561,4411647,59424,683978,683978,3.992258199999924,0.06718258952611611,12,7,0.4868705981239165,133.50177210000038,11.09950788333299,early_stopping,107.51318359375,True
AGE_LEAD_RELIABILITY,43,validation,144,12.0,high_change_daylight,5.591881275177002,1.7365586757659912,0.9247056829024042,-12.832643591068793,1216715,59424,683978,683978,3.992258199999924,0.06718258952611611,12,7,0.4868705981239165,133.50177210000038,11.09950788333299,early_stopping,107.51318359375,True
AGE_LEAD_RELIABILITY,44,validation,12,1.0,regular_full_timeline,5.529995441436768,0.9660313725471497,0.9144718851276228,-8.689121572131448,713088,59424,683978,683978,4.15068230000179,0.06984858474693373,14,9,0.43099938934097315,158.6663802999974,11.306593928571342,early_stopping,105.26318359375,True
AGE_LEAD_RELIABILITY,44,validation,12,1.0,daylight,8.1663818359375,1.8000669479370117,1.3504399183087707,-18.622593481775226,303546,59424,683978,683978,4.15068230000179,0.06984858474693373,14,9,0.43099938934097315,158.6663802999974,11.306593928571342,early_stopping,105.26318359375,True
AGE_LEAD_RELIABILITY,44,validation,12,1.0,high_change_daylight,10.93852424621582,3.1089680194854736,1.8088573478737413,-51.649550330644125,93058,59424,683978,683978,4.15068230000179,0.06984858474693373,14,9,0.43099938934097315,158.6663802999974,11.306593928571342,early_stopping,105.26318359375,True
AGE_LEAD_RELIABILITY,44,validation,48,4.0,regular_full_timeline,4.333067893981934,0.9504412412643433,0.7165410545738414,-4.9843621145339005,2852352,59424,683978,683978,4.15068230000179,0.06984858474693373,14,9,0.43099938934097315,158.6663802999974,11.306593928571342,early_stopping,105.26318359375,True
AGE_LEAD_RELIABILITY,44,validation,48,4.0,daylight,5.4029035568237305,1.4518747329711914,0.8934552393568786,-7.818412077407764,1289950,59424,683978,683978,4.15068230000179,0.06984858474693373,14,9,0.43099938934097315,158.6663802999974,11.306593928571342,early_stopping,105.26318359375,True
AGE_LEAD_RELIABILITY,44,validation,48,4.0,high_change_daylight,7.112096309661865,2.0692577362060547,1.1760971936381772,-21.39645506583776,384504,59424,683978,683978,4.15068230000179,0.06984858474693373,14,9,0.43099938934097315,158.6663802999974,11.306593928571342,early_stopping,105.26318359375,True
AGE_LEAD_RELIABILITY,44,validation,96,8.0,regular_full_timeline,3.6758298873901367,1.020082712173462,0.6078563937580331,-2.813451719265284,5704704,59424,683978,683978,4.15068230000179,0.06984858474693373,14,9,0.43099938934097315,158.6663802999974,11.306593928571342,early_stopping,105.26318359375,True
AGE_LEAD_RELIABILITY,44,validation,96,8.0,daylight,3.977994680404663,1.4836490154266357,0.6578241036437757,-3.7118905720345916,2819151,59424,683978,683978,4.15068230000179,0.06984858474693373,14,9,0.43099938934097315,158.6663802999974,11.306593928571342,early_stopping,105.26318359375,True
AGE_LEAD_RELIABILITY,44,validation,96,8.0,high_change_daylight,5.152604579925537,1.7326958179473877,0.8520643594414086,-10.754527246414073,800759,59424,683978,683978,4.15068230000179,0.06984858474693373,14,9,0.43099938934097315,158.6663802999974,11.306593928571342,early_stopping,105.26318359375,True
AGE_LEAD_RELIABILITY,44,validation,144,12.0,regular_full_timeline,3.9772539138793945,1.1279758214950562,0.6577016062261964,-3.1250653530515384,8557056,59424,683978,683978,4.15068230000179,0.06984858474693373,14,9,0.43099938934097315,158.6663802999974,11.306593928571342,early_stopping,105.26318359375,True
AGE_LEAD_RELIABILITY,44,validation,144,12.0,daylight,3.638094663619995,1.5191913843154907,0.6016162798949685,-2.91842697016771,4411647,59424,683978,683978,4.15068230000179,0.06984858474693373,14,9,0.43099938934097315,158.6663802999974,11.306593928571342,early_stopping,105.26318359375,True
AGE_LEAD_RELIABILITY,44,validation,144,12.0,high_change_daylight,4.5453877449035645,1.6295469999313354,0.7516514875531269,-8.13968339784764,1216715,59424,683978,683978,4.15068230000179,0.06984858474693373,14,9,0.43099938934097315,158.6663802999974,11.306593928571342,early_stopping,105.26318359375,True

