evaluated_targets,rmse,mae,r2,nrmse,horizon,scope,prefix_source,dataset,model,seed,checkpoint,prediction_file,parameter_count,actual_epochs,best_epoch,best_validation_mse,training_seconds,numerically_finite
50124,0.23781733214855194,0.16425468027591705,0.9766176342964172,0.03925760175746214,12,regular_full_timeline,same_H144_prediction,Sanyo,GFNODE,42,results\Sanyo\GFNODE\seed_42\validation_best.pt,results\Sanyo\GFNODE\seed_42\test_H144_predictions_and_labels.npz,98738,9,4,0.018520705898602805,568.6724670999974,True
9219,0.4047378897666931,0.3147330582141876,0.9377914071083069,0.06681194658550539,12,predefined_daylight,same_H144_prediction,Sanyo,GFNODE,42,results\Sanyo\GFNODE\seed_42\validation_best.pt,results\Sanyo\GFNODE\seed_42\test_H144_predictions_and_labels.npz,98738,9,4,0.018520705898602805,568.6724670999974,True
200496,0.6491800546646118,0.2983139455318451,0.8334009647369385,0.1071631399808637,48,regular_full_timeline,same_H144_prediction,Sanyo,GFNODE,42,results\Sanyo\GFNODE\seed_42\validation_best.pt,results\Sanyo\GFNODE\seed_42\test_H144_predictions_and_labels.npz,98738,9,4,0.018520705898602805,568.6724670999974,True
49254,1.2606605291366577,0.7851703763008118,0.46610045433044434,0.20810303671762784,48,predefined_daylight,same_H144_prediction,Sanyo,GFNODE,42,results\Sanyo\GFNODE\seed_42\validation_best.pt,results\Sanyo\GFNODE\seed_42\test_H144_predictions_and_labels.npz,98738,9,4,0.018520705898602805,568.6724670999974,True
400992,0.9555510878562927,0.4927177429199219,0.7397068738937378,0.15773721674137645,96,regular_full_timeline,same_H144_prediction,Sanyo,GFNODE,42,results\Sanyo\GFNODE\seed_42\validation_best.pt,results\Sanyo\GFNODE\seed_42\test_H144_predictions_and_labels.npz,98738,9,4,0.018520705898602805,568.6724670999974,True
136926,1.5980921983718872,1.1621053218841553,0.09089738130569458,0.26380443565064493,96,predefined_daylight,same_H144_prediction,Sanyo,GFNODE,42,results\Sanyo\GFNODE\seed_42\validation_best.pt,results\Sanyo\GFNODE\seed_42\test_H144_predictions_and_labels.npz,98738,9,4,0.018520705898602805,568.6724670999974,True
601488,0.9460110068321228,0.5359656810760498,0.78924560546875,0.15616239165105528,144,regular_full_timeline,same_H144_prediction,Sanyo,GFNODE,42,results\Sanyo\GFNODE\seed_42\validation_best.pt,results\Sanyo\GFNODE\seed_42\test_H144_predictions_and_labels.npz,98738,9,4,0.018520705898602805,568.6724670999974,True
263547,1.3797255754470825,1.0298123359680176,0.2816230058670044,0.22775765200180195,144,predefined_daylight,same_H144_prediction,Sanyo,GFNODE,42,results\Sanyo\GFNODE\seed_42\validation_best.pt,results\Sanyo\GFNODE\seed_42\test_H144_predictions_and_labels.npz,98738,9,4,0.018520705898602805,568.6724670999974,True
50124,0.17081183195114136,0.12147291004657745,0.9879375100135803,0.0281966953948158,12,regular_full_timeline,same_H144_prediction,Sanyo,GFNODE,43,results\Sanyo\GFNODE\seed_43\validation_best.pt,results\Sanyo\GFNODE\seed_43\test_H144_predictions_and_labels.npz,98738,16,11,0.016967369647075733,1054.1001824999985,True
9219,0.31428074836730957,0.254188597202301,0.9624907374382019,0.051879769855185186,12,predefined_daylight,same_H144_prediction,Sanyo,GFNODE,43,results\Sanyo\GFNODE\seed_43\validation_best.pt,results\Sanyo\GFNODE\seed_43\test_H144_predictions_and_labels.npz,98738,16,11,0.016967369647075733,1054.1001824999985,True
200496,0.5881671905517578,0.25824296474456787,0.8632448315620422,0.09709146564247524,48,regular_full_timeline,same_H144_prediction,Sanyo,GFNODE,43,results\Sanyo\GFNODE\seed_43\validation_best.pt,results\Sanyo\GFNODE\seed_43\test_H144_predictions_and_labels.npz,98738,16,11,0.016967369647075733,1054.1001824999985,True
49254,1.1587042808532715,0.7894121408462524,0.5489668846130371,0.19127264948035985,48,predefined_daylight,same_H144_prediction,Sanyo,GFNODE,43,results\Sanyo\GFNODE\seed_43\validation_best.pt,results\Sanyo\GFNODE\seed_43\test_H144_predictions_and_labels.npz,98738,16,11,0.016967369647075733,1054.1001824999985,True
400992,0.9154835939407349,0.45939114689826965,0.7610780000686646,0.15112309107885338,96,regular_full_timeline,same_H144_prediction,Sanyo,GFNODE,43,results\Sanyo\GFNODE\seed_43\validation_best.pt,results\Sanyo\GFNODE\seed_43\test_H144_predictions_and_labels.npz,98738,16,11,0.016967369647075733,1054.1001824999985,True
136926,1.5442357063293457,1.1471363306045532,0.15113931894302368,0.2549140965926853,96,predefined_daylight,same_H144_prediction,Sanyo,GFNODE,43,results\Sanyo\GFNODE\seed_43\validation_best.pt,results\Sanyo\GFNODE\seed_43\test_H144_predictions_and_labels.npz,98738,16,11,0.016967369647075733,1054.1001824999985,True
601488,0.8793145418167114,0.47887271642684937,0.8179155588150024,0.14515249914847694,144,regular_full_timeline,same_H144_prediction,Sanyo,GFNODE,43,results\Sanyo\GFNODE\seed_43\validation_best.pt,results\Sanyo\GFNODE\seed_43\test_H144_predictions_and_labels.npz,98738,16,11,0.016967369647075733,1054.1001824999985,True
263547,1.2954696416854858,0.9517567753791809,0.3666825294494629,0.21384913716214454,144,predefined_daylight,same_H144_prediction,Sanyo,GFNODE,43,results\Sanyo\GFNODE\seed_43\validation_best.pt,results\Sanyo\GFNODE\seed_43\test_H144_predictions_and_labels.npz,98738,16,11,0.016967369647075733,1054.1001824999985,True
50124,0.26215171813964844,0.1733255386352539,0.9715876579284668,0.04327459087099781,12,regular_full_timeline,same_H144_prediction,Sanyo,GFNODE,44,results\Sanyo\GFNODE\seed_44\validation_best.pt,results\Sanyo\GFNODE\seed_44\test_H144_predictions_and_labels.npz,98738,9,4,0.019867780494193236,624.1349688999981,True
9219,0.5084620714187622,0.43409276008605957,0.901820719242096,0.08393417472223366,12,predefined_daylight,same_H144_prediction,Sanyo,GFNODE,44,results\Sanyo\GFNODE\seed_44\validation_best.pt,results\Sanyo\GFNODE\seed_44\test_H144_predictions_and_labels.npz,98738,9,4,0.019867780494193236,624.1349688999981,True
200496,0.6801412105560303,0.3382759094238281,0.8171309232711792,0.11227404050672098,48,regular_full_timeline,same_H144_prediction,Sanyo,GFNODE,44,results\Sanyo\GFNODE\seed_44\validation_best.pt,results\Sanyo\GFNODE\seed_44\test_H144_predictions_and_labels.npz,98738,9,4,0.019867780494193236,624.1349688999981,True
49254,1.3275810480117798,0.9301371574401855,0.4079132676124573,0.21914991482221122,48,predefined_daylight,same_H144_prediction,Sanyo,GFNODE,44,results\Sanyo\GFNODE\seed_44\validation_best.pt,results\Sanyo\GFNODE\seed_44\test_H144_predictions_and_labels.npz,98738,9,4,0.019867780494193236,624.1349688999981,True
400992,1.090670108795166,0.5714417099952698,0.6608890891075134,0.1800419355184043,96,regular_full_timeline,same_H144_prediction,Sanyo,GFNODE,44,results\Sanyo\GFNODE\seed_44\validation_best.pt,results\Sanyo\GFNODE\seed_44\test_H144_predictions_and_labels.npz,98738,9,4,0.019867780494193236,624.1349688999981,True
136926,1.8453364372253418,1.4047672748565674,-0.21216118335723877,0.30461818029257376,96,predefined_daylight,same_H144_prediction,Sanyo,GFNODE,44,results\Sanyo\GFNODE\seed_44\validation_best.pt,results\Sanyo\GFNODE\seed_44\test_H144_predictions_and_labels.npz,98738,9,4,0.019867780494193236,624.1349688999981,True
601488,1.0369584560394287,0.5839198231697083,0.7467747926712036,0.17117550574825321,144,regular_full_timeline,same_H144_prediction,Sanyo,GFNODE,44,results\Sanyo\GFNODE\seed_44\validation_best.pt,results\Sanyo\GFNODE\seed_44\test_H144_predictions_and_labels.npz,98738,9,4,0.019867780494193236,624.1349688999981,True
263547,1.5280338525772095,1.1445112228393555,0.11888426542282104,0.2522395820121555,144,predefined_daylight,same_H144_prediction,Sanyo,GFNODE,44,results\Sanyo\GFNODE\seed_44\validation_best.pt,results\Sanyo\GFNODE\seed_44\test_H144_predictions_and_labels.npz,98738,9,4,0.019867780494193236,624.1349688999981,True
50124,0.11158989369869232,0.05860383063554764,0.99485182762146,0.01842065743233707,12,regular_full_timeline,same_H144_prediction,Sanyo,Discrete,42,results\Sanyo\Discrete\seed_42\validation_best.pt,results\Sanyo\Discrete\seed_42\test_H144_predictions_and_labels.npz,98802,14,9,0.01698268544860184,540.0971083000004,True
9219,0.23298069834709167,0.15600813925266266,0.9793869256973267,0.03845919635147683,12,predefined_daylight,same_H144_prediction,Sanyo,Discrete,42,results\Sanyo\Discrete\seed_42\validation_best.pt,results\Sanyo\Discrete\seed_42\test_H144_predictions_and_labels.npz,98802,14,9,0.01698268544860184,540.0971083000004,True
200496,0.5680811405181885,0.21923762559890747,0.8724257946014404,0.0937757689017273,48,regular_full_timeline,same_H144_prediction,Sanyo,Discrete,42,results\Sanyo\Discrete\seed_42\validation_best.pt,results\Sanyo\Discrete\seed_42\test_H144_predictions_and_labels.npz,98802,14,9,0.01698268544860184,540.0971083000004,True
49254,1.1332296133041382,0.7218820452690125,0.568581223487854,0.18706742884100408,48,predefined_daylight,same_H144_prediction,Sanyo,Discrete,42,results\Sanyo\Discrete\seed_42\validation_best.pt,results\Sanyo\Discrete\seed_42\test_H144_predictions_and_labels.npz,98802,14,9,0.01698268544860184,540.0971083000004,True
400992,0.8814753890037537,0.4064173996448517,0.778499186038971,0.14550920014062602,96,regular_full_timeline,same_H144_prediction,Sanyo,Discrete,42,results\Sanyo\Discrete\seed_42\validation_best.pt,results\Sanyo\Discrete\seed_42\test_H144_predictions_and_labels.npz,98802,14,9,0.01698268544860184,540.0971083000004,True
136926,1.498582124710083,1.0701756477355957,0.20058858394622803,0.24737784971858753,96,predefined_daylight,same_H144_prediction,Sanyo,Discrete,42,results\Sanyo\Discrete\seed_42\validation_best.pt,results\Sanyo\Discrete\seed_42\test_H144_predictions_and_labels.npz,98802,14,9,0.01698268544860184,540.0971083000004,True
601488,0.8720543384552002,0.45527270436286926,0.8209099769592285,0.14395402395884543,144,regular_full_timeline,same_H144_prediction,Sanyo,Discrete,42,results\Sanyo\Discrete\seed_42\validation_best.pt,results\Sanyo\Discrete\seed_42\test_H144_predictions_and_labels.npz,98802,14,9,0.01698268544860184,540.0971083000004,True
263547,1.295788288116455,0.9558733701705933,0.3663709759712219,0.2139017375953233,144,predefined_daylight,same_H144_prediction,Sanyo,Discrete,42,results\Sanyo\Discrete\seed_42\validation_best.pt,results\Sanyo\Discrete\seed_42\test_H144_predictions_and_labels.npz,98802,14,9,0.01698268544860184,540.0971083000004,True
50124,0.1879166215658188,0.13188515603542328,0.9854006767272949,0.031020261754641645,12,regular_full_timeline,same_H144_prediction,Sanyo,Discrete,43,results\Sanyo\Discrete\seed_43\validation_best.pt,results\Sanyo\Discrete\seed_43\test_H144_predictions_and_labels.npz,98802,12,7,0.01644974046697219,460.05798270000014,True
9219,0.3582236170768738,0.286519855260849,0.9512683749198914,0.059133621474389046,12,predefined_daylight,same_H144_prediction,Sanyo,Discrete,43,results\Sanyo\Discrete\seed_43\validation_best.pt,results\Sanyo\Discrete\seed_43\test_H144_predictions_and_labels.npz,98802,12,7,0.01644974046697219,460.05798270000014,True
200496,0.6236792206764221,0.2803352177143097,0.8462324738502502,0.10295359992696144,48,regular_full_timeline,same_H144_prediction,Sanyo,Discrete,43,results\Sanyo\Discrete\seed_43\validation_best.pt,results\Sanyo\Discrete\seed_43\test_H144_predictions_and_labels.npz,98802,12,7,0.01644974046697219,460.05798270000014,True
49254,1.2388066053390503,0.8839889764785767,0.48445063829421997,0.20449550891663268,48,predefined_daylight,same_H144_prediction,Sanyo,Discrete,43,results\Sanyo\Discrete\seed_43\validation_best.pt,results\Sanyo\Discrete\seed_43\test_H144_predictions_and_labels.npz,98802,12,7,0.01644974046697219,460.05798270000014,True
400992,0.8970956206321716,0.4508565664291382,0.7705793976783752,0.14808770367982435,96,regular_full_timeline,same_H144_prediction,Sanyo,Discrete,43,results\Sanyo\Discrete\seed_43\validation_best.pt,results\Sanyo\Discrete\seed_43\test_H144_predictions_and_labels.npz,98802,12,7,0.01644974046697219,460.05798270000014,True
136926,1.5161014795303345,1.1514300107955933,0.18178820610046387,0.25026985026525705,96,predefined_daylight,same_H144_prediction,Sanyo,Discrete,43,results\Sanyo\Discrete\seed_43\validation_best.pt,results\Sanyo\Discrete\seed_43\test_H144_predictions_and_labels.npz,98802,12,7,0.01644974046697219,460.05798270000014,True
601488,0.8593759536743164,0.46560603380203247,0.8260795474052429,0.14186114462091348,144,regular_full_timeline,same_H144_prediction,Sanyo,Discrete,43,results\Sanyo\Discrete\seed_43\validation_best.pt,results\Sanyo\Discrete\seed_43\test_H144_predictions_and_labels.npz,98802,12,7,0.01644974046697219,460.05798270000014,True
263547,1.2688829898834229,0.9483965635299683,0.39241063594818115,0.2094603561633831,144,predefined_daylight,same_H144_prediction,Sanyo,Discrete,43,results\Sanyo\Discrete\seed_43\validation_best.pt,results\Sanyo\Discrete\seed_43\test_H144_predictions_and_labels.npz,98802,12,7,0.01644974046697219,460.05798270000014,True
50124,0.13892880082130432,0.0759287029504776,0.992020308971405,0.022933616679703187,12,regular_full_timeline,same_H144_prediction,Sanyo,Discrete,44,results\Sanyo\Discrete\seed_44\validation_best.pt,results\Sanyo\Discrete\seed_44\test_H144_predictions_and_labels.npz,98802,24,19,0.017340793755526343,843.4447523000017,True
9219,0.29958903789520264,0.23323075473308563,0.9659156799316406,0.04945454157750172,12,predefined_daylight,same_H144_prediction,Sanyo,Discrete,44,results\Sanyo\Discrete\seed_44\validation_best.pt,results\Sanyo\Discrete\seed_44\test_H144_predictions_and_labels.npz,98802,24,19,0.017340793755526343,843.4447523000017,True
200496,0.5853375792503357,0.2420198619365692,0.8645575046539307,0.09662436867945719,48,regular_full_timeline,same_H144_prediction,Sanyo,Discrete,44,results\Sanyo\Discrete\seed_44\validation_best.pt,results\Sanyo\Discrete\seed_44\test_H144_predictions_and_labels.npz,98802,24,19,0.017340793755526343,843.4447523000017,True
49254,1.1671528816223145,0.8148069381713867,0.542365550994873,0.1926672989005783,48,predefined_daylight,same_H144_prediction,Sanyo,Discrete,44,results\Sanyo\Discrete\seed_44\validation_best.pt,results\Sanyo\Discrete\seed_44\test_H144_predictions_and_labels.npz,98802,24,19,0.017340793755526343,843.4447523000017,True
400992,0.8997817039489746,0.43089017271995544,0.7692034840583801,0.14853110781772186,96,regular_full_timeline,same_H144_prediction,Sanyo,Discrete,44,results\Sanyo\Discrete\seed_44\validation_best.pt,results\Sanyo\Discrete\seed_44\test_H144_predictions_and_labels.npz,98802,24,19,0.017340793755526343,843.4447523000017,True
136926,1.5268151760101318,1.1502741575241089,0.17018336057662964,0.2520384094613189,96,predefined_daylight,same_H144_prediction,Sanyo,Discrete,44,results\Sanyo\Discrete\seed_44\validation_best.pt,results\Sanyo\Discrete\seed_44\test_H144_predictions_and_labels.npz,98802,24,19,0.017340793755526343,843.4447523000017,True
601488,0.8844037652015686,0.4640660285949707,0.8158017992973328,0.14599260067973407,144,regular_full_timeline,same_H144_prediction,Sanyo,Discrete,44,results\Sanyo\Discrete\seed_44\validation_best.pt,results\Sanyo\Discrete\seed_44\test_H144_predictions_and_labels.npz,98802,24,19,0.017340793755526343,843.4447523000017,True
263547,1.3153785467147827,0.9829270243644714,0.3470672369003296,0.21713559176158923,144,predefined_daylight,same_H144_prediction,Sanyo,Discrete,44,results\Sanyo\Discrete\seed_44\validation_best.pt,results\Sanyo\Discrete\seed_44\test_H144_predictions_and_labels.npz,98802,24,19,0.017340793755526343,843.4447523000017,True
36228,0.10193193703889847,0.07665667682886124,-660.2431640625,0.0168849971578406,12,regular_full_timeline,same_H144_prediction,Qcells,GFNODE,42,results\Qcells\GFNODE\seed_42\validation_best.pt,results\Qcells\GFNODE\seed_42\test_H144_predictions_and_labels.npz,98738,13,8,0.016339994152076542,578.2563506000006,True
36,0.19264155626296997,0.1617404818534851,-22.689613342285156,0.031911020475760686,12,predefined_daylight,same_H144_prediction,Qcells,GFNODE,42,results\Qcells\GFNODE\seed_42\validation_best.pt,results\Qcells\GFNODE\seed_42\test_H144_predictions_and_labels.npz,98738,13,8,0.016339994152076542,578.2563506000006,True
144912,0.5420486927032471,0.22052398324012756,0.18782323598861694,0.08979021591842053,48,regular_full_timeline,same_H144_prediction,Qcells,GFNODE,42,results\Qcells\GFNODE\seed_42\validation_best.pt,results\Qcells\GFNODE\seed_42\test_H144_predictions_and_labels.npz,98738,13,8,0.016339994152076542,578.2563506000006,True
14871,1.6411911249160767,1.3437708616256714,-1.2196311950683594,0.2718628555945731,48,predefined_daylight,same_H144_prediction,Qcells,GFNODE,42,results\Qcells\GFNODE\seed_42\validation_best.pt,results\Qcells\GFNODE\seed_42\test_H144_predictions_and_labels.npz,98738,13,8,0.016339994152076542,578.2563506000006,True
289824,0.9108873009681702,0.4550146162509918,0.6507095098495483,0.15088822929060328,96,regular_full_timeline,same_H144_prediction,Qcells,GFNODE,42,results\Qcells\GFNODE\seed_42\validation_best.pt,results\Qcells\GFNODE\seed_42\test_H144_predictions_and_labels.npz,98738,13,8,0.016339994152076542,578.2563506000006,True
77007,1.7255717515945435,1.395447850227356,-0.14647042751312256,0.2858404830490481,96,predefined_daylight,same_H144_prediction,Qcells,GFNODE,42,results\Qcells\GFNODE\seed_42\validation_best.pt,results\Qcells\GFNODE\seed_42\test_H144_predictions_and_labels.npz,98738,13,8,0.016339994152076542,578.2563506000006,True
434736,0.8658429384231567,0.4842800199985504,0.7998261451721191,0.14342664310237016,144,regular_full_timeline,same_H144_prediction,Qcells,GFNODE,42,results\Qcells\GFNODE\seed_42\validation_best.pt,results\Qcells\GFNODE\seed_42\test_H144_predictions_and_labels.npz,98738,13,8,0.016339994152076542,578.2563506000006,True
187271,1.2912967205047607,0.9729166030883789,0.30374962091445923,0.21390294434737642,144,predefined_daylight,same_H144_prediction,Qcells,GFNODE,42,results\Qcells\GFNODE\seed_42\validation_best.pt,results\Qcells\GFNODE\seed_42\test_H144_predictions_and_labels.npz,98738,13,8,0.016339994152076542,578.2563506000006,True
36228,0.1600160002708435,0.12089942395687103,-1628.5491943359375,0.026506606155744367,12,regular_full_timeline,same_H144_prediction,Qcells,GFNODE,43,results\Qcells\GFNODE\seed_43\validation_best.pt,results\Qcells\GFNODE\seed_43\test_H144_predictions_and_labels.npz,98738,9,4,0.016078853281214833,412.5763900999991,True
36,0.18216121196746826,0.1608072966337204,-20.182138442993164,0.03017495434395347,12,predefined_daylight,same_H144_prediction,Qcells,GFNODE,43,results\Qcells\GFNODE\seed_43\validation_best.pt,results\Qcells\GFNODE\seed_43\test_H144_predictions_and_labels.npz,98738,9,4,0.016078853281214833,412.5763900999991,True
144912,0.4938541054725647,0.24330607056617737,0.32582706212997437,0.08180679588292342,48,regular_full_timeline,same_H144_prediction,Qcells,GFNODE,43,results\Qcells\GFNODE\seed_43\validation_best.pt,results\Qcells\GFNODE\seed_43\test_H144_predictions_and_labels.npz,98738,9,4,0.016078853281214833,412.5763900999991,True
14871,1.4151078462600708,1.130509853363037,-0.6502190828323364,0.23441222306038345,48,predefined_daylight,same_H144_prediction,Qcells,GFNODE,43,results\Qcells\GFNODE\seed_43\validation_best.pt,results\Qcells\GFNODE\seed_43\test_H144_predictions_and_labels.npz,98738,9,4,0.016078853281214833,412.5763900999991,True
289824,0.8347693681716919,0.46037745475769043,0.7066470384597778,0.13827931479073688,96,regular_full_timeline,same_H144_prediction,Qcells,GFNODE,43,results\Qcells\GFNODE\seed_43\validation_best.pt,results\Qcells\GFNODE\seed_43\test_H144_predictions_and_labels.npz,98738,9,4,0.016078853281214833,412.5763900999991,True
77007,1.5192419290542603,1.2322484254837036,0.1113092303276062,0.2516620050530796,96,predefined_daylight,same_H144_prediction,Qcells,GFNODE,43,results\Qcells\GFNODE\seed_43\validation_best.pt,results\Qcells\GFNODE\seed_43\test_H144_predictions_and_labels.npz,98738,9,4,0.016078853281214833,412.5763900999991,True
434736,0.8238890767097473,0.49659907817840576,0.8187547922134399,0.1364769975215055,144,regular_full_timeline,same_H144_prediction,Qcells,GFNODE,43,results\Qcells\GFNODE\seed_43\validation_best.pt,results\Qcells\GFNODE\seed_43\test_H144_predictions_and_labels.npz,98738,9,4,0.016078853281214833,412.5763900999991,True
187271,1.1968984603881836,0.9256797432899475,0.4018254280090332,0.1982658986865523,144,predefined_daylight,same_H144_prediction,Qcells,GFNODE,43,results\Qcells\GFNODE\seed_43\validation_best.pt,results\Qcells\GFNODE\seed_43\test_H144_predictions_and_labels.npz,98738,9,4,0.016078853281214833,412.5763900999991,True
36228,0.14512602984905243,0.10591457039117813,-1339.3902587890625,0.02404008667661067,12,regular_full_timeline,same_H144_prediction,Qcells,GFNODE,44,results\Qcells\GFNODE\seed_44\validation_best.pt,results\Qcells\GFNODE\seed_44\test_H144_predictions_and_labels.npz,98738,10,5,0.015888142865151167,483.87497679999797,True
36,0.18563319742679596,0.1674918234348297,-20.997295379638672,0.030750087774317307,12,predefined_daylight,same_H144_prediction,Qcells,GFNODE,44,results\Qcells\GFNODE\seed_44\validation_best.pt,results\Qcells\GFNODE\seed_44\test_H144_predictions_and_labels.npz,98738,10,5,0.015888142865151167,483.87497679999797,True
144912,0.5073118805885315,0.22039225697517395,0.28858327865600586,0.08403607260604938,48,regular_full_timeline,same_H144_prediction,Qcells,GFNODE,44,results\Qcells\GFNODE\seed_44\validation_best.pt,results\Qcells\GFNODE\seed_44\test_H144_predictions_and_labels.npz,98738,10,5,0.015888142865151167,483.87497679999797,True
14871,1.5115541219711304,1.217606544494629,-0.8828247785568237,0.2503885219375852,48,predefined_daylight,same_H144_prediction,Qcells,GFNODE,44,results\Qcells\GFNODE\seed_44\validation_best.pt,results\Qcells\GFNODE\seed_44\test_H144_predictions_and_labels.npz,98738,10,5,0.015888142865151167,483.87497679999797,True
289824,0.837749183177948,0.4396917521953583,0.7045490145683289,0.138772920321772,96,regular_full_timeline,same_H144_prediction,Qcells,GFNODE,44,results\Qcells\GFNODE\seed_44\validation_best.pt,results\Qcells\GFNODE\seed_44\test_H144_predictions_and_labels.npz,98738,10,5,0.015888142865151167,483.87497679999797,True
77007,1.5635321140289307,1.2580076456069946,0.058738112449645996,0.2589986619355262,96,predefined_daylight,same_H144_prediction,Qcells,GFNODE,44,results\Qcells\GFNODE\seed_44\validation_best.pt,results\Qcells\GFNODE\seed_44\test_H144_predictions_and_labels.npz,98738,10,5,0.015888142865151167,483.87497679999797,True
434736,0.8024424910545349,0.4547506868839264,0.82806795835495,0.1329243765436911,144,regular_full_timeline,same_H144_prediction,Qcells,GFNODE,44,results\Qcells\GFNODE\seed_44\validation_best.pt,results\Qcells\GFNODE\seed_44\test_H144_predictions_and_labels.npz,98738,10,5,0.015888142865151167,483.87497679999797,True
187271,1.1829107999801636,0.8712557554244995,0.41572487354278564,0.19594884661145903,144,predefined_daylight,same_H144_prediction,Qcells,GFNODE,44,results\Qcells\GFNODE\seed_44\validation_best.pt,results\Qcells\GFNODE\seed_44\test_H144_predictions_and_labels.npz,98738,10,5,0.015888142865151167,483.87497679999797,True
36228,0.06996534019708633,0.05778538063168526,-310.5347900390625,0.011589739238687582,12,regular_full_timeline,same_H144_prediction,Qcells,Discrete,42,results\Qcells\Discrete\seed_42\validation_best.pt,results\Qcells\Discrete\seed_42\test_H144_predictions_and_labels.npz,98802,20,15,0.015835328493267298,492.4898659999999,True
36,0.1491435319185257,0.13580524921417236,-13.199295997619629,0.024705584782457397,12,predefined_daylight,same_H144_prediction,Qcells,Discrete,42,results\Qcells\Discrete\seed_42\validation_best.pt,results\Qcells\Discrete\seed_42\test_H144_predictions_and_labels.npz,98802,20,15,0.015835328493267298,492.4898659999999,True
144912,0.5187119841575623,0.2031196504831314,0.2562507390975952,0.08592449660694633,48,regular_full_timeline,same_H144_prediction,Qcells,Discrete,42,results\Qcells\Discrete\seed_42\validation_best.pt,results\Qcells\Discrete\seed_42\test_H144_predictions_and_labels.npz,98802,20,15,0.015835328493267298,492.4898659999999,True
14871,1.5772918462753296,1.2701530456542969,-1.050154447555542,0.2612779577737327,48,predefined_daylight,same_H144_prediction,Qcells,Discrete,42,results\Qcells\Discrete\seed_42\validation_best.pt,results\Qcells\Discrete\seed_42\test_H144_predictions_and_labels.npz,98802,20,15,0.015835328493267298,492.4898659999999,True
289824,0.8904521465301514,0.42391762137413025,0.6662059426307678,0.14750315161397376,96,regular_full_timeline,same_H144_prediction,Qcells,Discrete,42,results\Qcells\Discrete\seed_42\validation_best.pt,results\Qcells\Discrete\seed_42\test_H144_predictions_and_labels.npz,98802,20,15,0.015835328493267298,492.4898659999999,True
77007,1.6950732469558716,1.339849829673767,-0.10630214214324951,0.2807884141970077,96,predefined_daylight,same_H144_prediction,Qcells,Discrete,42,results\Qcells\Discrete\seed_42\validation_best.pt,results\Qcells\Discrete\seed_42\test_H144_predictions_and_labels.npz,98802,20,15,0.015835328493267298,492.4898659999999,True
434736,0.867561399936676,0.4659443497657776,0.7990307807922363,0.14371130577645,144,regular_full_timeline,same_H144_prediction,Qcells,Discrete,42,results\Qcells\Discrete\seed_42\validation_best.pt,results\Qcells\Discrete\seed_42\test_H144_predictions_and_labels.npz,98802,20,15,0.015835328493267298,492.4898659999999,True
187271,1.2997400760650635,0.9655981659889221,0.2946147322654724,0.21530158385899428,144,predefined_daylight,same_H144_prediction,Qcells,Discrete,42,results\Qcells\Discrete\seed_42\validation_best.pt,results\Qcells\Discrete\seed_42\test_H144_predictions_and_labels.npz,98802,20,15,0.015835328493267298,492.4898659999999,True
36228,0.09120932221412659,0.06624698638916016,-528.4428100585938,0.015108798979915255,12,regular_full_timeline,same_H144_prediction,Qcells,Discrete,43,results\Qcells\Discrete\seed_43\validation_best.pt,results\Qcells\Discrete\seed_43\test_H144_predictions_and_labels.npz,98802,13,8,0.015431974199600518,293.6060551999981,True
36,0.1394977867603302,0.12328223139047623,-11.422030448913574,0.023107769766745164,12,predefined_daylight,same_H144_prediction,Qcells,Discrete,43,results\Qcells\Discrete\seed_43\validation_best.pt,results\Qcells\Discrete\seed_43\test_H144_predictions_and_labels.npz,98802,13,8,0.015431974199600518,293.6060551999981,True
144912,0.5062791109085083,0.19246402382850647,0.29147690534591675,0.08386499459440283,48,regular_full_timeline,same_H144_prediction,Qcells,Discrete,43,results\Qcells\Discrete\seed_43\validation_best.pt,results\Qcells\Discrete\seed_43\test_H144_predictions_and_labels.npz,98802,13,8,0.015431974199600518,293.6060551999981,True
14871,1.537693738937378,1.2327656745910645,-0.9485079050064087,0.2547185422531385,48,predefined_daylight,same_H144_prediction,Qcells,Discrete,43,results\Qcells\Discrete\seed_43\validation_best.pt,results\Qcells\Discrete\seed_43\test_H144_predictions_and_labels.npz,98802,13,8,0.015431974199600518,293.6060551999981,True
289824,0.8915721774101257,0.4257477819919586,0.6653656959533691,0.14768868441924013,96,regular_full_timeline,same_H144_prediction,Qcells,Discrete,43,results\Qcells\Discrete\seed_43\validation_best.pt,results\Qcells\Discrete\seed_43\test_H144_predictions_and_labels.npz,98802,13,8,0.015431974199600518,293.6060551999981,True
77007,1.7000609636306763,1.355084776878357,-0.11282229423522949,0.2816146280836922,96,predefined_daylight,same_H144_prediction,Qcells,Discrete,43,results\Qcells\Discrete\seed_43\validation_best.pt,results\Qcells\Discrete\seed_43\test_H144_predictions_and_labels.npz,98802,13,8,0.015431974199600518,293.6060551999981,True
434736,0.8870413303375244,0.4937773644924164,0.7899044752120972,0.14693815085570852,144,regular_full_timeline,same_H144_prediction,Qcells,Discrete,43,results\Qcells\Discrete\seed_43\validation_best.pt,results\Qcells\Discrete\seed_43\test_H144_predictions_and_labels.npz,98802,13,8,0.015431974199600518,293.6060551999981,True
187271,1.3305933475494385,1.0333787202835083,0.26072829961776733,0.22041241974083328,144,predefined_daylight,same_H144_prediction,Qcells,Discrete,43,results\Qcells\Discrete\seed_43\validation_best.pt,results\Qcells\Discrete\seed_43\test_H144_predictions_and_labels.npz,98802,13,8,0.015431974199600518,293.6060551999981,True
36228,0.11168753355741501,0.09337087720632553,-792.8711547851562,0.018501009020985427,12,regular_full_timeline,same_H144_prediction,Qcells,Discrete,44,results\Qcells\Discrete\seed_44\validation_best.pt,results\Qcells\Discrete\seed_44\test_H144_predictions_and_labels.npz,98802,10,5,0.016693859826773405,253.15191929999855,True
36,0.19194640219211578,0.18142487108707428,-22.518951416015625,0.03179586839632797,12,predefined_daylight,same_H144_prediction,Qcells,Discrete,44,results\Qcells\Discrete\seed_44\validation_best.pt,results\Qcells\Discrete\seed_44\test_H144_predictions_and_labels.npz,98802,10,5,0.016693859826773405,253.15191929999855,True
144912,0.5151435732841492,0.20728231966495514,0.26644861698150635,0.08533339033342781,48,regular_full_timeline,same_H144_prediction,Qcells,Discrete,44,results\Qcells\Discrete\seed_44\validation_best.pt,results\Qcells\Discrete\seed_44\test_H144_predictions_and_labels.npz,98802,10,5,0.016693859826773405,253.15191929999855,True
14871,1.56017005443573,1.2510170936584473,-1.0058865547180176,0.25844173769446105,48,predefined_daylight,same_H144_prediction,Qcells,Discrete,44,results\Qcells\Discrete\seed_44\validation_best.pt,results\Qcells\Discrete\seed_44\test_H144_predictions_and_labels.npz,98802,10,5,0.016693859826773405,253.15191929999855,True
289824,0.8987546563148499,0.44385212659835815,0.6599524021148682,0.148878460061846,96,regular_full_timeline,same_H144_prediction,Qcells,Discrete,44,results\Qcells\Discrete\seed_44\validation_best.pt,results\Qcells\Discrete\seed_44\test_H144_predictions_and_labels.npz,98802,10,5,0.016693859826773405,253.15191929999855,True
77007,1.7104418277740479,1.3554401397705078,-0.12645387649536133,0.28333421535583314,96,predefined_daylight,same_H144_prediction,Qcells,Discrete,44,results\Qcells\Discrete\seed_44\validation_best.pt,results\Qcells\Discrete\seed_44\test_H144_predictions_and_labels.npz,98802,10,5,0.016693859826773405,253.15191929999855,True
434736,0.9015195369720459,0.5175552368164062,0.7829902172088623,0.14933646177744872,144,regular_full_timeline,same_H144_prediction,Qcells,Discrete,44,results\Qcells\Discrete\seed_44\validation_best.pt,results\Qcells\Discrete\seed_44\test_H144_predictions_and_labels.npz,98802,10,5,0.016693859826773405,253.15191929999855,True
187271,1.349449634552002,1.0494316816329956,0.239626944065094,0.2235359584637775,144,predefined_daylight,same_H144_prediction,Qcells,Discrete,44,results\Qcells\Discrete\seed_44\validation_best.pt,results\Qcells\Discrete\seed_44\test_H144_predictions_and_labels.npz,98802,10,5,0.016693859826773405,253.15191929999855,True
