"route_id","route_name","scientific_question","dataset","input_information","comparator","number_of_runs","primary_metrics","main_result","seed_consistency","protocol_status","final_status","failure_reason","reusable_assets","prohibited_claims","report_path","commit_sha"
"R00","Original submitted GFNODE","Does the original GFNODE provide valid continuous-time multi-horizon PV superiority?","2018 Alice Springs Sanyo/Hanwha/Qcells; filtered arrays","Eight PV/weather variables after legacy global preprocessing","Six reported baselines and ablations","Multiple single-seed runs; exact complete count CANNOT_VERIFY","R²/RMSE/MAE/MAPE; reported ablations/season/latency","Stage 0 found leakage, test selection, split/window overlap, broken physical horizon semantics and irreproducible Tables 9–13","Single seed; no SD/CI","DATA_PROTOCOL_FAIL; IMPLEMENTATION_CONSISTENCY_FAIL; PROVENANCE_FAIL","REJECT_FOR_SUBMISSION","Global fit before split; Test used for tuning; t unused; nonuniform rows called 5-min; tables/figures mismatch","Historical code only; manuscript background and DKASC context after factual rewrite","All original performance numbers; error-accumulation suppression; arbitrary resolution; seasonal transfer; deployment readiness","docs/asoc_stage0_audit/STAGE0_AUDIT_REPORT.md","ceace6a3a5efe8ebb44c83895ab0259192d582a0"
"R01","Clean time-conditioned GFNODE","Does a corrected time-conditioned ODE decoder beat a parameter-matched discrete decoder under a leakage-free protocol?","Sanyo and Qcells; fixed 2018 date splits","Regular 5-min timeline; train-only KNN/IF/scalers; lookback72; H144","Parameter-matched Discrete Trajectory Decoder","12 total: 2 models × 2 datasets × 3 seeds","H12/H48/H96/H144 RMSE/MAE/R²/nRMSE","GFNODE won Qcells H144 by 6.17% but lost Sanyo H144 by 9.42%; predeclared route decision FAIL","Qcells 3/3 wins; Sanyo 0/3 wins","CLEAN_PROTOCOL_VERIFIED","PERFORMANCE_FAIL_ODE_ROUTE","No cross-dataset stable ODE advantage; cannot attribute robust benefit to continuous dynamics","Clean protocol; time-conditioned implementation; per-seed predictions; parameter-matched control","ODE-centered superiority; stable long-horizon advantage; arbitrary-resolution operation","GFNODE_experiments/asoc_clean_decision/DECISION_EXPERIMENT_REPORT.md","11ccc6f2edf7f83ee2472f665266c81391b80311"
"R02","Discrete Candidate viability","Can the parameter-matched discrete candidate compete with iTransformer, PatchTST and ModernTCN?","Sanyo/Hanwha/Qcells; clean 2018 protocol","Same features, lookback72, H144 direct trajectory","iTransformer; PatchTST; ModernTCN","36 matrix runs; 6 discrete runs reused and 30 new","Four horizons RMSE/MAE/R²/nRMSE; rankings","Average RMSE rank 2.667; H144 top-two on 1 dataset; >5% behind best in 8/12 combinations; FAIL","Three seeds reported","CLEAN_PROTOCOL; compact report with complete CSV provenance","PERFORMANCE_FAIL_NEW_ALGORITHM","Insufficient competitiveness for ASOC method claim","Fair benchmark framework; baseline configs; per-seed metrics; ModernTCN control","Discrete Candidate as superior new algorithm","GFNODE_experiments/asoc_discrete_viability/ASOC_DISCRETE_VIABILITY_REPORT.md","9f3548d99ecf434dfbe3c5b67c336d1e1118418f"
"R03","Independent ModernTCN / TRAJECTORY_ONLY","What is the strongest reliable deterministic trajectory baseline?","Sanyo/Hanwha/Qcells 2018 clean benchmark; Site17 Sanyo 2022 multirate protocol","Causal regular inputs; direct H144 or H12 depending experiment","Other clean baselines and later candidates","9 clean viability ModernTCN runs; 3 Site17 MEAN_ONLY runs","RMSE/MAE/R²/nRMSE; trajectory diagnostics","Reliable and generally strongest/stable control; Site17 H12 Test RMSE 0.48665±0.00447 kW","Stable three-seed artifacts","CLEAN_PROTOCOL_VERIFIED; RECOMPUTABLE","RETAIN_AS_BASELINE_NOT_INNOVATION","ModernTCN is published prior art; result supports engineering baseline, not an original algorithm","Checkpoints; predictions; clean protocol; metric and artifact code","ModernTCN as project-original method or ASOC algorithmic novelty","GFNODE_experiments/asoc_multirate_information_screen/REPORT.md","265cd6183ff374850786df8f30844b8dec043044"
"R04","Cross-technology feasibility","Are three Alice Springs arrays synchronizable for joint modeling?","Sanyo/Hanwha/Qcells 2018","Shared weather; technology-private performance ratio; synchronized timestamps","Formulations A/B/C; smoke prototype","0 neural trainings; one smoke forward/backward","Timestamp intersections; feature equality; output/loss shape","SYNCHRONIZED_MULTI_OUTPUT technically feasible at same site; not evidence of cross-site/generalization","Not applicable","MEASUREMENT_AND_SMOKE_ONLY","EXPLORATORY_FEASIBLE_TASK","Shared weather may create apparent gain; capacity/unit metadata initially unknown","Timestamp/feature compatibility measurements; shared-weather finding","Geographical, climate or zero-shot technology generalization","GFNODE_experiments/asoc_cross_technology_feasibility/CROSS_TECH_FEASIBILITY_REPORT.md","a5d3586ad5c7ea739aef6a756c8e4989b0f9bae4"
"R05","Shared–Private cross-technology screen","Do joint early fusion or shared-private ModernTCN beat independent models?","Co-located Sanyo/Hanwha/Qcells","One shared weather copy plus private array features/masks","Independent ModernTCN; Joint Early-Fusion","6 new joint runs; 9 independent runs reused","12 technology×horizon nRMSE combinations; parameters","Both joint models lost to Independent ModernTCN in 12/12; Shared–Private macro nRMSE error +16.33%; 55.257M parameters","Failure across all 12 combinations","IMPLEMENTATION_SMOKE_PASS; END_TO_END_PROVENANCE_PARTIAL","FAIL_CURRENT_IMPLEMENTATION / NO_GO_FOR_SUBMISSION","Performance failure plus severe fusion parameter inflation; models not strictly capacity/backbone/budget matched, so universal sharing hypothesis not disproved","Same-site synchronized data organization; per-head masks; negative result","Current joint models as beneficial; broad cross-technology hypothesis universally false","GFNODE_experiments/asoc_cross_technology_screen/REPORT.md","413a53d62615ca13bb767bb8d27819bc626d0be4"
"R06","Dataset lineage audit","Are authoritative untouched raw data and original missingness recoverable?","PVforecast16 + paper workspace + origin/master","Read-only scan of 404 data/result files","Content-derived lineage criteria","0","Timestamp ranges; missingness; source references; processing level","TIMESTAMPS_AVAILABLE_BUT_MISSINGNESS_LOST for old 2018 project CSVs; usable for regular-grid forecasting but not observation-controlled irregular claims","Not applicable","READ_ONLY_AUDIT","DATA_LINEAGE_LIMITATION","Old 2018 files are best available source layer, not provably untouched downloads","Lineage inventory; code path trace; regular-grid caution","Untouched raw provenance or genuine observation-process missingness for old data","GFNODE_experiments/asoc_data_lineage_audit/DATASET_LINEAGE_AUDIT_REPORT.md","a28aa6652dd08d7af15cc517403a37ad0c7b9ea9"
"R07","Initial multirate data audit","Can downloaded high-resolution irradiance support 2021–2023 multirate work?","Four DKASC PV exports + damaged high-resolution file","Raw timestamps and MB channels","Calendar completeness expectations","0","Structural damage; coverage; causal descriptive correlations","High-resolution file covered fewer than two days then jumped ~446 days; re-download required; PV exports remained usable after explicit malformed handling","Not applicable","READ_ONLY_AUDIT","DATA_DOWNLOAD_FAIL_FOR_MULTIRATE","High-resolution source corrupted/incomplete","Robust parser; file inventory; causal feature definitions","2021–2023 continuous multirate results from damaged file","GFNODE_experiments/asoc_multirate_data_audit/MULTIRATE_DATA_AUDIT_REPORT.md","8db0c635ef865cd50a639d61ff7cb7c0f15d1276"
"R08","2022 multirate re-download validation","Is re-downloaded 2022 second-level irradiance structurally usable and time aligned?","2022 Site17 PV + complete UTC second-level MB0/1/2","Independent MB channels; UTC authoritative; ACST mapping","UTC+09:00/+09:30/Local candidates","0","Monthly coverage; alignment lag; valid windows","Structurally intact full UTC seconds; strict aligned task classified 2022_PARTIAL_PERIOD_USABLE; recommended UTC+09:30, do not use Local field directly","Not applicable","READ_ONLY_VALIDATION","RETAIN_DATA_RESOURCE_WITH_MASKS","PV/high-frequency common completeness is segmented; not a universal full-year complete panel","Authoritative 2022 irradiance; ACST mapping; channel masks; usable window counts","Silent Local-time use or uninterrupted strict full-year common coverage","GFNODE_experiments/asoc_multirate_redownload_validation/REDOWNLOAD_VALIDATION_REPORT.md","15c04eac30a0b09ab72bbff8c1ca47447a759153"
"R09","High-frequency irradiance information screen","Do past second-level irradiance dynamics add stable point-forecast information beyond 5-min means?","Site17 Sanyo 2022","MEAN_ONLY 14 inputs versus +15 per-channel dynamics inputs","Same ModernTCN","6: 2 conditions × 3 seeds","H3/H6/H12 RMSE; daylight/ramp; difference MAE","HF_DYNAMICS lost H12 in all seeds; paired mean H12 change −1.401%","0/3 H12 wins","CLEAN_CAUSAL_PROTOCOL_VERIFIED","PERFORMANCE_FAIL; EXPLORATORY_INFORMATION_FINDING","Past volatility flags difficult regimes but does not reveal future cloud direction","MEAN_ONLY artifacts; causal multirate protocol; masks; negative result","Stable accuracy gain from past HF dynamics; basis for NODE","GFNODE_experiments/asoc_multirate_information_screen/REPORT.md","265cd6183ff374850786df8f30844b8dec043044"
"R10","Ramp-aware NCQ","Can predicted ramp risk improve probabilistic interval quality by width modulation?","Site17 Sanyo 2022","MEAN_ONLY history; q10/q50/q90; predicted ramp probability","STANDARD_NCQ","6: 2 models × 3 seeds","Pinball; coverage; width; Winkler; ramp AUROC/AUPRC","Ramp signal strong (H12 AUROC .9345) but RAMP_AWARE worsened pinball and Winkler overall and on ramps","Only seed42 improved both full-Test proper scores","CLEAN_CAUSAL_PROTOCOL_VERIFIED","PROBABILISTIC_QUALITY_FAIL; EXPLORATORY_RAMP_SIGNAL","Wider intervals traded sharpness for modest coverage; no calibration benefit","Noncrossing NCQ implementation; probability metrics; ramp risk artifacts","Improved probabilistic quality; calibrated operational intervals","GFNODE_experiments/asoc_ramp_probabilistic_screen/REPORT.md","dd218c77df05cc3cbacba802f8309c6d28a9ff16"
"R11","Ramp signal challenge","Is the learned ramp score stronger than simple causal risk baselines and does it predict onset?","Site17 Sanyo 2022","Existing ramp probabilities and origin-or-earlier simple scores","Last-change; recent-max; irradiance-change; time-of-day","0 new neural trainings","AUROC/AUPRC by full/daylight/transition; onset diagnostics","Ramp-step signal exceeds simple baselines; onset much weaker (AUPRC .149); full AUROC modestly inflated by nighttime negatives","Three existing seeds for head; deterministic baselines","READ_ONLY_REANALYSIS; CAUSAL_BASELINES","EXPLORATORY_ONLY","Signal mainly recognizes ramp regimes/steps, not precise new-onset timing","Event definitions; simple baselines; scope diagnostics","Probabilistic interval rescue; precise onset or operational event forecast","GFNODE_experiments/asoc_ramp_signal_challenge/REPORT.md","3ea2409aa2dc2aea79cf641d87878c45e42a6623"
"R12","Joint trajectory + onset hazard","Can first-event hazard improve onset detection while preserving power trajectory?","Site17 Sanyo 2022","MEAN_ONLY history; shared ModernTCN","TRAJECTORY_ONLY; STEP_MULTITASK","6 new: STEP 3 + HAZARD 3; trajectory 3 reused","Power RMSE; onset AUROC/AUPRC/Brier/miss/time","Hazard improved event discrimination and miss rate across seeds/daylight, but H12 power RMSE +3.45%, H3 +7.59%, and onset-time MAE worsened","Event gains 3/3; power degradation persistent","CLEAN_CAUSAL_PROTOCOL_VERIFIED","JOINT_VALUE_FAIL; EXPLORATORY_EVENT_FINDING","Shared multitask objective damages best trajectory; exact onset time not improved","First-event likelihood; event labels; diagnostic event result","Valuable joint forecast preserving power; accurate onset timing","GFNODE_experiments/asoc_joint_trajectory_onset_screen/REPORT.md","94ef5ad185e0a8841a5d71d9e864236682508e4c"
"R13","Power-anchored hazard gradients","Does asymmetric conflict projection restore trajectory while retaining hazard value?","Site17 Sanyo 2022","Same joint hazard model; gradient merge only","Standard Hazard; STEP; TRAJECTORY_ONLY","3 new; other artifacts reused","Gradient conflict; power RMSE; event AUPRC/AUROC","Conflict real in ~39.8% batches; only tiny recovery; H12 still +3.16% and H3 +7.04% vs trajectory; timing still worse","Insufficient recovery across seeds","CLEAN_PROTOCOL; GRADIENT_TESTS_PASS","PERFORMANCE_FAIL; JOINT_ROUTE_TERMINATED","Gradient conflict is not the full cause; added training cost without adequate power recovery","Measured gradient-conflict evidence; reusable evaluation","Conflict projection solves joint objective or enables final method","GFNODE_experiments/asoc_power_anchored_gradient_screen/REPORT.md","5405b00f4383cf2582d3756ac49799474a8e931d"
"R14","Frozen trajectory hazard","Can a frozen best trajectory representation support a useful independent first-onset head with identical power?","Site17 Sanyo 2022","Frozen MEAN_ONLY backbone/power head; trained hazard head","STEP; Standard Hazard; Power-Anchored; Trajectory","3 new; comparison artifacts reused","Exact power equality; event AUROC/AUPRC/miss/time","Power output exactly identical, but event AUROC fell below STEP full/daylight; AUPRC only marginally above STEP and below Standard","Mixed; not clear event advantage","CLEAN_PROTOCOL; 24/24 TESTS PASS","EVENT_ROUTE_FAIL; TRAJECTORY_RETAINED","Useful signal depends partly on representation reshaping; two-stage value insufficient","Frozen-parameter tests; exact deterministic artifacts","Publishable two-stage event method; precise onset time","GFNODE_experiments/asoc_frozen_trajectory_hazard_screen/REPORT.md","5fccaf82f8c45b66827d8cf1d9c41a13f1e4ca29"
"R15","ALICD","Can fixed level–increment reconciliation reduce high-change trajectory smoothing without hurting overall RMSE?","Site17 Sanyo 2022","Same MEAN_ONLY input/backbone; delta head + H3/H6/H12 anchors + fixed projection","TRAJECTORY_ONLY","3 new; 3 baseline artifacts reused","Validation high-change RMSE; H3/H6/H12; TV/change amplitude; projection diagnostics","High-change Validation RMSE +0.10%; H3 +2.40%; TV ratio fell .437→.425; only seed44 H12 improved; terminate","Primary gains not consistent; high-change only 1/3","CLEAN_PROTOCOL; 25/25 TESTS PASS","PERFORMANCE_FAIL; DECODER_ITERATION_CLOSED","Exact consistency and drift correction did not reduce structural error; extra parameters/latency","Negative result; error/projection diagnostics; trustworthy baseline","ALICD improves oversmoothing or constitutes ASOC method","GFNODE_experiments/asoc_alicd_screen/REPORT.md","5f0d229585439a8c683179b54f4f2880d192668d"
