evaluated_targets,rmse,mae,r2,nrmse,horizon,scope,prefix_source,model,seed,dataset,parameters,actual_epochs,best_epoch,best_validation_loss,training_seconds
50124,0.1965262144804,0.1434352844953537,0.9840322732925416,0.0324414868894159,12,regular_full_timeline,same_H144_prediction,JointEarlyFusionModernTCN,42,Sanyo,1496832,15,15,0.0179404853999865,31.76795870000205
9219,0.233411967754364,0.1788283586502075,0.9793105721473694,0.0385303879777889,12,predefined_daylight,same_H144_prediction,JointEarlyFusionModernTCN,42,Sanyo,1496832,15,15,0.0179404853999865,31.76795870000205
200496,0.6252710223197937,0.4131267666816711,0.8454465270042419,0.103216365951741,48,regular_full_timeline,same_H144_prediction,JointEarlyFusionModernTCN,42,Sanyo,1496832,15,15,0.0179404853999865,31.76795870000205
49254,1.0336253643035889,0.756537675857544,0.641086757183075,0.1706252969522645,48,predefined_daylight,same_H144_prediction,JointEarlyFusionModernTCN,42,Sanyo,1496832,15,15,0.0179404853999865,31.76795870000205
400992,0.9197472929954528,0.6260513067245483,0.7588473558425903,0.151826919508815,96,regular_full_timeline,same_H144_prediction,JointEarlyFusionModernTCN,42,Sanyo,1496832,15,15,0.0179404853999865,31.76795870000205
136926,1.389655351638794,1.1154626607894895,0.3125779628753662,0.229396805867305,96,predefined_daylight,same_H144_prediction,JointEarlyFusionModernTCN,42,Sanyo,1496832,15,15,0.0179404853999865,31.76795870000205
601488,0.9024176001548768,0.6327709555625916,0.8082217574119568,0.1489662273381976,144,regular_full_timeline,same_H144_prediction,JointEarlyFusionModernTCN,42,Sanyo,1496832,15,15,0.0179404853999865,31.76795870000205
263547,1.221602201461792,0.9837695956230164,0.4368467926979065,0.2016554987719303,144,predefined_daylight,same_H144_prediction,JointEarlyFusionModernTCN,42,Sanyo,1496832,15,15,0.0179404853999865,31.76795870000205
54420,0.213080883026123,0.1518925130367279,0.982858419418335,0.0365561470864731,12,regular_full_timeline,same_H144_prediction,JointEarlyFusionModernTCN,42,Hanwha,1496832,15,15,0.0179404853999865,31.76795870000205
14617,0.281668871641159,0.2068108171224594,0.9651278257369996,0.0483230994501406,12,predefined_daylight,same_H144_prediction,JointEarlyFusionModernTCN,42,Hanwha,1496832,15,15,0.0179404853999865,31.76795870000205
217680,0.5866823196411133,0.3781798779964447,0.8742666244506836,0.1006511934118673,48,regular_full_timeline,same_H144_prediction,JointEarlyFusionModernTCN,42,Hanwha,1496832,15,15,0.0179404853999865,31.76795870000205
68044,0.8904201984405518,0.6076784729957581,0.6811306476593018,0.1527604507766604,48,predefined_daylight,same_H144_prediction,JointEarlyFusionModernTCN,42,Hanwha,1496832,15,15,0.0179404853999865,31.76795870000205
435360,0.8554330468177795,0.5677861571311951,0.7732592821121216,0.1467580565557673,96,regular_full_timeline,same_H144_prediction,JointEarlyFusionModernTCN,42,Hanwha,1496832,15,15,0.0179404853999865,31.76795870000205
165255,1.2387391328811646,0.9418572783470154,0.3610801696777344,0.2125180321212692,96,predefined_daylight,same_H144_prediction,JointEarlyFusionModernTCN,42,Hanwha,1496832,15,15,0.0179404853999865,31.76795870000205
653040,0.8406354784965515,0.5756751298904419,0.8049477934837341,0.1442193863738597,144,regular_full_timeline,same_H144_prediction,JointEarlyFusionModernTCN,42,Hanwha,1496832,15,15,0.0179404853999865,31.76795870000205
290271,1.1283634901046753,0.8822704553604126,0.4510800242424011,0.1935819916149668,144,predefined_daylight,same_H144_prediction,JointEarlyFusionModernTCN,42,Hanwha,1496832,15,15,0.0179404853999865,31.76795870000205
36228,0.1690234690904617,0.1308364272117614,-1817.1708984375,0.0279986908726329,12,regular_full_timeline,same_H144_prediction,JointEarlyFusionModernTCN,42,Qcells,1496832,15,15,0.0179404853999865,31.76795870000205
36,0.1566164642572403,0.1323306560516357,-14.65787410736084,0.0259434739560122,12,predefined_daylight,same_H144_prediction,JointEarlyFusionModernTCN,42,Qcells,1496832,15,15,0.0179404853999865,31.76795870000205
144912,0.5234789848327637,0.3496091663837433,0.2425177097320556,0.0867141489493862,48,regular_full_timeline,same_H144_prediction,JointEarlyFusionModernTCN,42,Qcells,1496832,15,15,0.0179404853999865,31.76795870000205
14871,1.15043842792511,0.9192809462547302,-0.0906596183776855,0.1905698071682206,48,predefined_daylight,same_H144_prediction,JointEarlyFusionModernTCN,42,Qcells,1496832,15,15,0.0179404853999865,31.76795870000205
289824,0.8525627851486206,0.5806321501731873,0.694007933139801,0.1412267893881151,96,regular_full_timeline,same_H144_prediction,JointEarlyFusionModernTCN,42,Qcells,1496832,15,15,0.0179404853999865,31.76795870000205
77007,1.401969075202942,1.176324725151062,0.2432129979133606,0.2322357892713102,96,predefined_daylight,same_H144_prediction,JointEarlyFusionModernTCN,42,Qcells,1496832,15,15,0.0179404853999865,31.76795870000205
434736,0.8547552824020386,0.6081063151359558,0.8049200773239136,0.1415899759513059,144,regular_full_timeline,same_H144_prediction,JointEarlyFusionModernTCN,42,Qcells,1496832,15,15,0.0179404853999865,31.76795870000205
187271,1.1663213968276978,0.9608725309371948,0.4319980144500732,0.1932008165708569,144,predefined_daylight,same_H144_prediction,JointEarlyFusionModernTCN,42,Qcells,1496832,15,15,0.0179404853999865,31.76795870000205
50124,0.1335204094648361,0.09101103246212,0.9926295280456544,0.0220408286221527,12,regular_full_timeline,same_H144_prediction,JointEarlyFusionModernTCN,43,Sanyo,1496832,15,15,0.0177104802569374,32.39835899999889
9219,0.2041942328214645,0.1478849649429321,0.9841660261154176,0.0337072819750087,12,predefined_daylight,same_H144_prediction,JointEarlyFusionModernTCN,43,Sanyo,1496832,15,15,0.0177104802569374,32.39835899999889
200496,0.5932322144508362,0.3582064211368561,0.8608793020248413,0.0979275724532178,48,regular_full_timeline,same_H144_prediction,JointEarlyFusionModernTCN,43,Sanyo,1496832,15,15,0.0177104802569374,32.39835899999889
49254,1.0290558338165283,0.7291173338890076,0.644253134727478,0.1698709835199384,48,predefined_daylight,same_H144_prediction,JointEarlyFusionModernTCN,43,Sanyo,1496832,15,15,0.0177104802569374,32.39835899999889
400992,0.9377172589302064,0.6020923852920532,0.749332070350647,0.1547933045064444,96,regular_full_timeline,same_H144_prediction,JointEarlyFusionModernTCN,43,Sanyo,1496832,15,15,0.0177104802569374,32.39835899999889
136926,1.4680914878845217,1.1733732223510742,0.2327877879142761,0.2423446199408621,96,predefined_daylight,same_H144_prediction,JointEarlyFusionModernTCN,43,Sanyo,1496832,15,15,0.0177104802569374,32.39835899999889
601488,0.9378678798675536,0.6414162516593933,0.7928583025932312,0.1548181681979226,144,regular_full_timeline,same_H144_prediction,JointEarlyFusionModernTCN,43,Sanyo,1496832,15,15,0.0177104802569374,32.39835899999889
263547,1.304016351699829,1.062927484512329,0.3582985401153564,0.215259981927109,144,predefined_daylight,same_H144_prediction,JointEarlyFusionModernTCN,43,Sanyo,1496832,15,15,0.0177104802569374,32.39835899999889
54420,0.1735251545906067,0.109220951795578,0.9886319041252136,0.0297699680249566,12,regular_full_timeline,same_H144_prediction,JointEarlyFusionModernTCN,43,Hanwha,1496832,15,15,0.0177104802569374,32.39835899999889
14617,0.2778219878673553,0.1943719536066055,0.9660738110542296,0.0476631282360993,12,predefined_daylight,same_H144_prediction,JointEarlyFusionModernTCN,43,Hanwha,1496832,15,15,0.0177104802569374,32.39835899999889
217680,0.56840580701828,0.339516133069992,0.8819783926010132,0.0975156756958732,48,regular_full_timeline,same_H144_prediction,JointEarlyFusionModernTCN,43,Hanwha,1496832,15,15,0.0177104802569374,32.39835899999889
68044,0.8934189081192017,0.5948924422264099,0.6789793372154236,0.1532749092795798,48,predefined_daylight,same_H144_prediction,JointEarlyFusionModernTCN,43,Hanwha,1496832,15,15,0.0177104802569374,32.39835899999889
435360,0.8738556504249573,0.552724301815033,0.7633879780769348,0.1499186376347241,96,regular_full_timeline,same_H144_prediction,JointEarlyFusionModernTCN,43,Hanwha,1496832,15,15,0.0177104802569374,32.39835899999889
165255,1.3056584596633911,0.9897679090499878,0.2901839017868042,0.2239987089329893,96,predefined_daylight,same_H144_prediction,JointEarlyFusionModernTCN,43,Hanwha,1496832,15,15,0.0177104802569374,32.39835899999889
653040,0.8709516525268555,0.5842601656913757,0.7906255722045898,0.1494204278807838,144,regular_full_timeline,same_H144_prediction,JointEarlyFusionModernTCN,43,Hanwha,1496832,15,15,0.0177104802569374,32.39835899999889
290271,1.1972014904022217,0.9453265070915222,0.3820611238479614,0.2053918359720848,144,predefined_daylight,same_H144_prediction,JointEarlyFusionModernTCN,43,Hanwha,1496832,15,15,0.0177104802569374,32.39835899999889
36228,0.1099580451846122,0.0762667879462242,-768.4752807617188,0.0182145197507172,12,regular_full_timeline,same_H144_prediction,JointEarlyFusionModernTCN,43,Qcells,1496832,15,15,0.0177104802569374,32.39835899999889
36,0.1327059715986251,0.1044710874557495,-10.241880416870115,0.0219827074650427,12,predefined_daylight,same_H144_prediction,JointEarlyFusionModernTCN,43,Qcells,1496832,15,15,0.0177104802569374,32.39835899999889
144912,0.5047436356544495,0.3092224597930908,0.2957680821418762,0.0836106435435558,48,regular_full_timeline,same_H144_prediction,JointEarlyFusionModernTCN,43,Qcells,1496832,15,15,0.0177104802569374,32.39835899999889
14871,1.186725378036499,0.9479890465736388,-0.1605476140975952,0.1965807304106946,48,predefined_daylight,same_H144_prediction,JointEarlyFusionModernTCN,43,Qcells,1496832,15,15,0.0177104802569374,32.39835899999889
289824,0.8622081279754639,0.55133056640625,0.687045156955719,0.1428245377577502,96,regular_full_timeline,same_H144_prediction,JointEarlyFusionModernTCN,43,Qcells,1496832,15,15,0.0177104802569374,32.39835899999889
77007,1.488697171211243,1.2489140033721924,0.1466846466064453,0.2466022743705412,96,predefined_daylight,same_H144_prediction,JointEarlyFusionModernTCN,43,Qcells,1496832,15,15,0.0177104802569374,32.39835899999889
434736,0.8857073187828064,0.6134023070335388,0.7905359268188477,0.1467171722108963,144,regular_full_timeline,same_H144_prediction,JointEarlyFusionModernTCN,43,Qcells,1496832,15,15,0.0177104802569374,32.39835899999889
187271,1.2498661279678345,1.0460971593856812,0.3477105498313904,0.207039978160766,144,predefined_daylight,same_H144_prediction,JointEarlyFusionModernTCN,43,Qcells,1496832,15,15,0.0177104802569374,32.39835899999889
50124,0.2033471167087555,0.1447812914848327,0.9829046726226808,0.0335674446187714,12,regular_full_timeline,same_H144_prediction,JointEarlyFusionModernTCN,44,Sanyo,1496832,15,14,0.0181204305173685,31.2252959000034
9219,0.3590462803840637,0.3029069304466247,0.951044261455536,0.0592694222934562,12,predefined_daylight,same_H144_prediction,JointEarlyFusionModernTCN,44,Sanyo,1496832,15,14,0.0181204305173685,31.2252959000034
200496,0.6112222671508789,0.4087569117546081,0.8523136377334595,0.1008972732656585,48,regular_full_timeline,same_H144_prediction,JointEarlyFusionModernTCN,44,Sanyo,1496832,15,14,0.0181204305173685,31.2252959000034
49254,0.9121159315109252,0.6592470407485962,0.7205119132995605,0.1505671755392725,48,predefined_daylight,same_H144_prediction,JointEarlyFusionModernTCN,44,Sanyo,1496832,15,14,0.0181204305173685,31.2252959000034
400992,0.9047542214393616,0.6279482841491699,0.7666454911231995,0.1493519441697489,96,regular_full_timeline,same_H144_prediction,JointEarlyFusionModernTCN,44,Sanyo,1496832,15,14,0.0181204305173685,31.2252959000034
136926,1.2949857711791992,1.0426998138427734,0.4030482769012451,0.2137692624302805,96,predefined_daylight,same_H144_prediction,JointEarlyFusionModernTCN,44,Sanyo,1496832,15,14,0.0181204305173685,31.2252959000034
601488,0.908160924911499,0.6559034585952759,0.8057729005813599,0.1499143043939036,144,regular_full_timeline,same_H144_prediction,JointEarlyFusionModernTCN,44,Sanyo,1496832,15,14,0.0181204305173685,31.2252959000034
263547,1.1833380460739136,0.9675281047821044,0.4715734720230102,0.1953390585014429,144,predefined_daylight,same_H144_prediction,JointEarlyFusionModernTCN,44,Sanyo,1496832,15,14,0.0181204305173685,31.2252959000034
54420,0.2334349900484085,0.1545170992612838,0.97942715883255,0.0400480968078813,12,regular_full_timeline,same_H144_prediction,JointEarlyFusionModernTCN,44,Hanwha,1496832,15,14,0.0181204305173685,31.2252959000034
14617,0.3975266218185425,0.3189012706279754,0.930540144443512,0.0681996500653033,12,predefined_daylight,same_H144_prediction,JointEarlyFusionModernTCN,44,Hanwha,1496832,15,14,0.0181204305173685,31.2252959000034
217680,0.5794918537139893,0.3830835521221161,0.8773297667503357,0.0994175973880513,48,regular_full_timeline,same_H144_prediction,JointEarlyFusionModernTCN,44,Hanwha,1496832,15,14,0.0181204305173685,31.2252959000034
68044,0.8208421468734741,0.5827998518943787,0.7290170192718506,0.1408236432557132,48,predefined_daylight,same_H144_prediction,JointEarlyFusionModernTCN,44,Hanwha,1496832,15,14,0.0181204305173685,31.2252959000034
435360,0.8334338068962097,0.5641751289367676,0.7847715616226196,0.1429838679052306,96,regular_full_timeline,same_H144_prediction,JointEarlyFusionModernTCN,44,Hanwha,1496832,15,14,0.0181204305173685,31.2252959000034
165255,1.1641675233840942,0.8998774886131287,0.4356901049613952,0.1997245300175834,96,predefined_daylight,same_H144_prediction,JointEarlyFusionModernTCN,44,Hanwha,1496832,15,14,0.0181204305173685,31.2252959000034
653040,0.8343889713287354,0.58807373046875,0.8078357577323914,0.1431477358740099,144,regular_full_timeline,same_H144_prediction,JointEarlyFusionModernTCN,44,Hanwha,1496832,15,14,0.0181204305173685,31.2252959000034
290271,1.0946396589279177,0.8738777041435242,0.4834011793136596,0.1877963325952142,144,predefined_daylight,same_H144_prediction,JointEarlyFusionModernTCN,44,Hanwha,1496832,15,14,0.0181204305173685,31.2252959000034
36228,0.1371504366397857,0.1011605858802795,-1196.112548828125,0.0227189318689749,12,regular_full_timeline,same_H144_prediction,JointEarlyFusionModernTCN,44,Qcells,1496832,15,14,0.0181204305173685,31.2252959000034
36,0.2251241505146026,0.1889342665672302,-31.35207748413086,0.037291753223033,12,predefined_daylight,same_H144_prediction,JointEarlyFusionModernTCN,44,Qcells,1496832,15,14,0.0181204305173685,31.2252959000034
144912,0.5592840313911438,0.3781620562076568,0.1353530883789062,0.0926452450016851,48,regular_full_timeline,same_H144_prediction,JointEarlyFusionModernTCN,44,Qcells,1496832,15,14,0.0181204305173685,31.2252959000034
14871,1.0589714050292969,0.8576295375823975,0.075874388217926,0.1754183201417102,48,predefined_daylight,same_H144_prediction,JointEarlyFusionModernTCN,44,Qcells,1496832,15,14,0.0181204305173685,31.2252959000034
289824,0.8563742637634277,0.5934646129608154,0.6912658214569092,0.1418581597657194,96,regular_full_timeline,same_H144_prediction,JointEarlyFusionModernTCN,44,Qcells,1496832,15,14,0.0181204305173685,31.2252959000034
77007,1.333453893661499,1.134031891822815,0.3153748512268066,0.2208862684125561,96,predefined_daylight,same_H144_prediction,JointEarlyFusionModernTCN,44,Qcells,1496832,15,14,0.0181204305173685,31.2252959000034
434736,0.868729829788208,0.6312581896781921,0.7984890937805176,0.143904855857959,144,regular_full_timeline,same_H144_prediction,JointEarlyFusionModernTCN,44,Qcells,1496832,15,14,0.0181204305173685,31.2252959000034
187271,1.150067925453186,0.9652127027511596,0.4477186203002929,0.1905084335362939,144,predefined_daylight,same_H144_prediction,JointEarlyFusionModernTCN,44,Qcells,1496832,15,14,0.0181204305173685,31.2252959000034
50124,0.1668172776699066,0.1105422005057334,0.9884950518608092,0.0275372959315616,12,regular_full_timeline,same_H144_prediction,SharedPrivateModernTCN,42,Sanyo,55257000,15,15,0.0185232300024766,148.67797460000293
9219,0.2912680804729461,0.2312943339347839,0.967782735824585,0.0480809628321153,12,predefined_daylight,same_H144_prediction,SharedPrivateModernTCN,42,Sanyo,55257000,15,15,0.0185232300024766,148.67797460000293
200496,0.5930522084236145,0.3653939664363861,0.860963761806488,0.0978978580296863,48,regular_full_timeline,same_H144_prediction,SharedPrivateModernTCN,42,Sanyo,55257000,15,15,0.0185232300024766,148.67797460000293
49254,0.9821096062660216,0.6827508807182312,0.6759716272354126,0.1621213536315594,48,predefined_daylight,same_H144_prediction,SharedPrivateModernTCN,42,Sanyo,55257000,15,15,0.0185232300024766,148.67797460000293
400992,0.9390323162078856,0.6298010945320129,0.7486284971237183,0.1550103870648475,96,regular_full_timeline,same_H144_prediction,SharedPrivateModernTCN,42,Sanyo,55257000,15,15,0.0185232300024766,148.67797460000293
136926,1.4253100156784058,1.1416999101638794,0.2768508791923523,0.2352824853887154,96,predefined_daylight,same_H144_prediction,SharedPrivateModernTCN,42,Sanyo,55257000,15,15,0.0185232300024766,148.67797460000293
601488,0.9281769394874572,0.6488162279129028,0.7971169352531433,0.1532184400592709,144,regular_full_timeline,same_H144_prediction,SharedPrivateModernTCN,42,Sanyo,55257000,15,15,0.0185232300024766,148.67797460000293
263547,1.2581957578659058,1.0133789777755735,0.4026024937629699,0.2076961655779332,144,predefined_daylight,same_H144_prediction,SharedPrivateModernTCN,42,Sanyo,55257000,15,15,0.0185232300024766,148.67797460000293
54420,0.2037520855665207,0.1265885382890701,0.9843264818191528,0.034955698997325,12,regular_full_timeline,same_H144_prediction,SharedPrivateModernTCN,42,Hanwha,55257000,15,15,0.0185232300024766,148.67797460000293
14617,0.34487384557724,0.2583789229393005,0.9477216005325316,0.0591665420480428,12,predefined_daylight,same_H144_prediction,SharedPrivateModernTCN,42,Hanwha,55257000,15,15,0.0185232300024766,148.67797460000293
217680,0.5867198705673218,0.3655080795288086,0.8742505311965942,0.1006576356471453,48,regular_full_timeline,same_H144_prediction,SharedPrivateModernTCN,42,Hanwha,55257000,15,15,0.0185232300024766,148.67797460000293
68044,0.8947651386260986,0.6221982836723328,0.6780111789703369,0.1535058685271833,48,predefined_daylight,same_H144_prediction,SharedPrivateModernTCN,42,Hanwha,55257000,15,15,0.0185232300024766,148.67797460000293
435360,0.8859840631484985,0.5888997316360474,0.7567744255065918,0.151999387597605,96,regular_full_timeline,same_H144_prediction,SharedPrivateModernTCN,42,Hanwha,55257000,15,15,0.0185232300024766,148.67797460000293
165255,1.2875137329101562,1.0015242099761963,0.3097754120826721,0.2208858003950901,96,predefined_daylight,same_H144_prediction,SharedPrivateModernTCN,42,Hanwha,55257000,15,15,0.0185232300024766,148.67797460000293
653040,0.8758493065834045,0.6064521074295044,0.7882642149925232,0.1502606691991377,144,regular_full_timeline,same_H144_prediction,SharedPrivateModernTCN,42,Hanwha,55257000,15,15,0.0185232300024766,148.67797460000293
290271,1.1747604608535769,0.9337309002876282,0.4050100445747375,0.2015418539122133,144,predefined_daylight,same_H144_prediction,SharedPrivateModernTCN,42,Hanwha,55257000,15,15,0.0185232300024766,148.67797460000293
36228,0.1378874331712722,0.0946369841694831,-1209.012939453125,0.0228410151404303,12,regular_full_timeline,same_H144_prediction,SharedPrivateModernTCN,42,Qcells,55257000,15,15,0.0185232300024766,148.67797460000293
36,0.2101067304611206,0.1653117537498474,-27.179798126220703,0.0348041217476851,12,predefined_daylight,same_H144_prediction,SharedPrivateModernTCN,42,Qcells,55257000,15,15,0.0185232300024766,148.67797460000293
144912,0.543035626411438,0.358252465724945,0.1848629713058471,0.0899537012140195,48,regular_full_timeline,same_H144_prediction,SharedPrivateModernTCN,42,Qcells,55257000,15,15,0.0185232300024766,148.67797460000293
14871,1.140702486038208,0.9187650680541992,-0.0722776651382446,0.1889570510893628,48,predefined_daylight,same_H144_prediction,SharedPrivateModernTCN,42,Qcells,55257000,15,15,0.0185232300024766,148.67797460000293
289824,0.8844220042228699,0.6052175760269165,0.6707115173339844,0.1465042602097913,96,regular_full_timeline,same_H144_prediction,SharedPrivateModernTCN,42,Qcells,55257000,15,15,0.0185232300024766,148.67797460000293
77007,1.4611655473709106,1.238232135772705,0.1779548525810241,0.2420416685015745,96,predefined_daylight,same_H144_prediction,SharedPrivateModernTCN,42,Qcells,55257000,15,15,0.0185232300024766,148.67797460000293
434736,0.9034797549247742,0.6480202674865723,0.7820454835891724,0.1496611713387703,144,regular_full_timeline,same_H144_prediction,SharedPrivateModernTCN,42,Qcells,55257000,15,15,0.0185232300024766,148.67797460000293
187271,1.239482283592224,1.030049204826355,0.3585038781166076,0.2053198972139797,144,predefined_daylight,same_H144_prediction,SharedPrivateModernTCN,42,Qcells,55257000,15,15,0.0185232300024766,148.67797460000293
50124,0.1645557284355163,0.1120637580752372,0.9888049364089966,0.0271639715888971,12,regular_full_timeline,same_H144_prediction,SharedPrivateModernTCN,43,Sanyo,55257000,15,15,0.0190799219238285,139.10943470000348
9219,0.2858116328716278,0.2125287503004074,0.9689785242080688,0.0471802419090111,12,predefined_daylight,same_H144_prediction,SharedPrivateModernTCN,43,Sanyo,55257000,15,15,0.0190799219238285,139.10943470000348
200496,0.6093389987945557,0.3692053854465484,0.8532222509384155,0.1005863934888692,48,regular_full_timeline,same_H144_prediction,SharedPrivateModernTCN,43,Sanyo,55257000,15,15,0.0190799219238285,139.10943470000348
49254,1.0462133884429932,0.7332491278648376,0.6322914361953735,0.1727032600431522,48,predefined_daylight,same_H144_prediction,SharedPrivateModernTCN,43,Sanyo,55257000,15,15,0.0190799219238285,139.10943470000348
400992,0.9257064461708068,0.6057959198951721,0.7557123899459839,0.1528106243551196,96,regular_full_timeline,same_H144_prediction,SharedPrivateModernTCN,43,Sanyo,55257000,15,15,0.0190799219238285,139.10943470000348
136926,1.4172031879425049,1.1150240898132324,0.2850536704063415,0.2339442540163546,96,predefined_daylight,same_H144_prediction,SharedPrivateModernTCN,43,Sanyo,55257000,15,15,0.0190799219238285,139.10943470000348
601488,0.9181059002876282,0.6269423961639404,0.8014957904815674,0.1515559672587446,144,regular_full_timeline,same_H144_prediction,SharedPrivateModernTCN,43,Sanyo,55257000,15,15,0.0190799219238285,139.10943470000348
263547,1.2549291849136353,0.9958834648132324,0.4057004451751709,0.2071569373437529,144,predefined_daylight,same_H144_prediction,SharedPrivateModernTCN,43,Sanyo,55257000,15,15,0.0190799219238285,139.10943470000348
54420,0.2005418092012405,0.135552704334259,0.9848164916038512,0.0344049441227874,12,regular_full_timeline,same_H144_prediction,SharedPrivateModernTCN,43,Hanwha,55257000,15,15,0.0190799219238285,139.10943470000348
14617,0.3155984580516815,0.2345958799123764,0.9562204480171204,0.0541440578289089,12,predefined_daylight,same_H144_prediction,SharedPrivateModernTCN,43,Hanwha,55257000,15,15,0.0190799219238285,139.10943470000348
217680,0.5955864191055298,0.3725238144397735,0.8704211711883545,0.102178780331309,48,regular_full_timeline,same_H144_prediction,SharedPrivateModernTCN,43,Hanwha,55257000,15,15,0.0190799219238285,139.10943470000348
68044,0.919187307357788,0.6338717937469482,0.6601942777633667,0.1576957347397091,48,predefined_daylight,same_H144_prediction,SharedPrivateModernTCN,43,Hanwha,55257000,15,15,0.0190799219238285,139.10943470000348
435360,0.8856632709503174,0.583649218082428,0.7569504976272583,0.1519443525019438,96,regular_full_timeline,same_H144_prediction,SharedPrivateModernTCN,43,Hanwha,55257000,15,15,0.0190799219238285,139.10943470000348
165255,1.2865779399871826,0.9825084805488586,0.3107783794403076,0.2207252558016527,96,predefined_daylight,same_H144_prediction,SharedPrivateModernTCN,43,Hanwha,55257000,15,15,0.0190799219238285,139.10943470000348
653040,0.8757071495056152,0.6032553315162659,0.7883329391479492,0.1502362807370136,144,regular_full_timeline,same_H144_prediction,SharedPrivateModernTCN,43,Hanwha,55257000,15,15,0.0190799219238285,139.10943470000348
290271,1.1732043027877808,0.918452262878418,0.4065852165222168,0.2012748795016743,144,predefined_daylight,same_H144_prediction,SharedPrivateModernTCN,43,Hanwha,55257000,15,15,0.0190799219238285,139.10943470000348
36228,0.123618334531784,0.0882283821702003,-971.5376586914062,0.0204773429001905,12,regular_full_timeline,same_H144_prediction,SharedPrivateModernTCN,43,Qcells,55257000,15,15,0.0190799219238285,139.10943470000348
36,0.1753312647342682,0.1508369892835617,-18.623510360717773,0.029043575475162,12,predefined_daylight,same_H144_prediction,SharedPrivateModernTCN,43,Qcells,55257000,15,15,0.0190799219238285,139.10943470000348
144912,0.5153380632400513,0.3203518688678741,0.2658946514129638,0.0853656075407922,48,regular_full_timeline,same_H144_prediction,SharedPrivateModernTCN,43,Qcells,55257000,15,15,0.0190799219238285,139.10943470000348
14871,1.211932897567749,0.9716272354125975,-0.2103742361068725,0.2007563490441259,48,predefined_daylight,same_H144_prediction,SharedPrivateModernTCN,43,Qcells,55257000,15,15,0.0190799219238285,139.10943470000348
289824,0.864596962928772,0.5708850622177124,0.685308575630188,0.1432202476065855,96,regular_full_timeline,same_H144_prediction,SharedPrivateModernTCN,43,Qcells,55257000,15,15,0.0190799219238285,139.10943470000348
77007,1.4530919790267944,1.218818426132202,0.1870139837265014,0.2407042841399685,96,predefined_daylight,same_H144_prediction,SharedPrivateModernTCN,43,Qcells,55257000,15,15,0.0190799219238285,139.10943470000348
434736,0.8573223352432251,0.5967323184013367,0.8037465214729309,0.1420152075439413,144,regular_full_timeline,same_H144_prediction,SharedPrivateModernTCN,43,Qcells,55257000,15,15,0.0190799219238285,139.10943470000348
187271,1.180045485496521,0.9558874368667604,0.418552041053772,0.1954742080603034,144,predefined_daylight,same_H144_prediction,SharedPrivateModernTCN,43,Qcells,55257000,15,15,0.0190799219238285,139.10943470000348
50124,0.1692136228084564,0.1190722435712814,0.9881621599197388,0.027932871654629,12,regular_full_timeline,same_H144_prediction,SharedPrivateModernTCN,44,Sanyo,55257000,15,15,0.0199687369526005,133.34404910000012
9219,0.2844072580337524,0.2141855210065841,0.9692826271057128,0.0469484152897928,12,predefined_daylight,same_H144_prediction,SharedPrivateModernTCN,44,Sanyo,55257000,15,15,0.0199687369526005,133.34404910000012
200496,0.6208261847496033,0.3781741559505462,0.8476360440254211,0.102482636153199,48,regular_full_timeline,same_H144_prediction,SharedPrivateModernTCN,44,Sanyo,55257000,15,15,0.0199687369526005,133.34404910000012
49254,1.0786492824554443,0.7673430442810059,0.609137773513794,0.1780576023792804,48,predefined_daylight,same_H144_prediction,SharedPrivateModernTCN,44,Sanyo,55257000,15,15,0.0199687369526005,133.34404910000012
400992,0.957892894744873,0.6421386003494263,0.7384294271469116,0.1581237895844665,96,regular_full_timeline,same_H144_prediction,SharedPrivateModernTCN,44,Sanyo,55257000,15,15,0.0199687369526005,133.34404910000012
136926,1.4487605094909668,1.1595759391784668,0.2528592944145202,0.2391535663515373,96,predefined_daylight,same_H144_prediction,SharedPrivateModernTCN,44,Sanyo,55257000,15,15,0.0199687369526005,133.34404910000012
601488,0.9375120401382446,0.6534959673881531,0.7930154800415039,0.1547594280957758,144,regular_full_timeline,same_H144_prediction,SharedPrivateModernTCN,44,Sanyo,55257000,15,15,0.0199687369526005,133.34404910000012
263547,1.2570844888687134,1.0026249885559082,0.4036572575569153,0.2075127232890846,144,predefined_daylight,same_H144_prediction,SharedPrivateModernTCN,44,Sanyo,55257000,15,15,0.0199687369526005,133.34404910000012
54420,0.2129205614328384,0.1535820811986923,0.9828842282295228,0.0365286423208554,12,regular_full_timeline,same_H144_prediction,SharedPrivateModernTCN,44,Hanwha,55257000,15,15,0.0199687369526005,133.34404910000012
14617,0.3210829198360443,0.2507112324237823,0.954685628414154,0.0550849718556953,12,predefined_daylight,same_H144_prediction,SharedPrivateModernTCN,44,Hanwha,55257000,15,15,0.0199687369526005,133.34404910000012
217680,0.5858042240142822,0.3710278272628784,0.8746427297592163,0.1005005473640635,48,regular_full_timeline,same_H144_prediction,SharedPrivateModernTCN,44,Hanwha,55257000,15,15,0.0199687369526005,133.34404910000012
68044,0.903596818447113,0.6289342045783997,0.6716234683990479,0.1550210311357317,48,predefined_daylight,same_H144_prediction,SharedPrivateModernTCN,44,Hanwha,55257000,15,15,0.0199687369526005,133.34404910000012
435360,0.9083478450775146,0.5982658863067627,0.7443405985832214,0.1558361170591902,96,regular_full_timeline,same_H144_prediction,SharedPrivateModernTCN,44,Hanwha,55257000,15,15,0.0199687369526005,133.34404910000012
165255,1.3332674503326416,1.0305564403533936,0.2598474621772766,0.2287353061794464,96,predefined_daylight,same_H144_prediction,SharedPrivateModernTCN,44,Hanwha,55257000,15,15,0.0199687369526005,133.34404910000012
653040,0.9043595194816588,0.6235742568969727,0.7742552757263184,0.1551518800922683,144,regular_full_timeline,same_H144_prediction,SharedPrivateModernTCN,44,Hanwha,55257000,15,15,0.0199687369526005,133.34404910000012
290271,1.224926233291626,0.9759953022003174,0.3531093001365661,0.2101482916644308,144,predefined_daylight,same_H144_prediction,SharedPrivateModernTCN,44,Hanwha,55257000,15,15,0.0199687369526005,133.34404910000012
36228,0.1676766574382782,0.1257918179035186,-1788.31103515625,0.0277755918952183,12,regular_full_timeline,same_H144_prediction,SharedPrivateModernTCN,44,Qcells,55257000,15,15,0.0199687369526005,133.34404910000012
36,0.2303361296653747,0.1935448348522186,-32.8674201965332,0.0381551161267903,12,predefined_daylight,same_H144_prediction,SharedPrivateModernTCN,44,Qcells,55257000,15,15,0.0199687369526005,133.34404910000012
144912,0.523948609828949,0.3458376228809356,0.2411580085754394,0.0867919422000218,48,regular_full_timeline,same_H144_prediction,SharedPrivateModernTCN,44,Qcells,55257000,15,15,0.0199687369526005,133.34404910000012
14871,1.158143162727356,0.9242662191390992,-0.10531747341156,0.1918460943557014,48,predefined_daylight,same_H144_prediction,SharedPrivateModernTCN,44,Qcells,55257000,15,15,0.0199687369526005,133.34404910000012
289824,0.8817718029022217,0.5906486511230469,0.6726820468902588,0.1460652550945468,96,regular_full_timeline,same_H144_prediction,SharedPrivateModernTCN,44,Qcells,55257000,15,15,0.0199687369526005,133.34404910000012
77007,1.4885265827178955,1.2492295503616333,0.1468802690505981,0.2465740164338336,96,predefined_daylight,same_H144_prediction,SharedPrivateModernTCN,44,Qcells,55257000,15,15,0.0199687369526005,133.34404910000012
434736,0.9041392207145692,0.6405677795410156,0.7817271947860718,0.1497704116643234,144,regular_full_timeline,same_H144_prediction,SharedPrivateModernTCN,44,Qcells,55257000,15,15,0.0199687369526005,133.34404910000012
187271,1.2585632801055908,1.0440692901611328,0.3386011123657226,0.2084806590051935,144,predefined_daylight,same_H144_prediction,SharedPrivateModernTCN,44,Qcells,55257000,15,15,0.0199687369526005,133.34404910000012
50124,0.1863563507795334,0.1520435810089111,0.98564213514328,0.0307627006735866,12,regular_full_timeline,same_H144_prediction,IndependentModernTCN,42,Sanyo,682896,24,19,0.017289038157711427,21.985115899999077
9219,0.2416929900646209,0.1818158477544784,0.9778164625167848,0.0398973744504051,12,predefined_daylight,same_H144_prediction,IndependentModernTCN,42,Sanyo,682896,24,19,0.017289038157711427,21.985115899999077
200496,0.5720483660697937,0.333529531955719,0.8706377148628235,0.0944306570857796,48,regular_full_timeline,same_H144_prediction,IndependentModernTCN,42,Sanyo,682896,24,19,0.017289038157711427,21.985115899999077
49254,1.0221402645111084,0.6734446883201599,0.6490185260772705,0.1687293986603929,48,predefined_daylight,same_H144_prediction,IndependentModernTCN,42,Sanyo,682896,24,19,0.017289038157711427,21.985115899999077
400992,0.7906337380409241,0.4801814258098602,0.8218008279800415,0.1305135506466627,96,regular_full_timeline,same_H144_prediction,IndependentModernTCN,42,Sanyo,682896,24,19,0.017289038157711427,21.985115899999077
136926,1.2315548658370972,0.9333741664886476,0.4600957632064819,0.2032984308952599,96,predefined_daylight,same_H144_prediction,IndependentModernTCN,42,Sanyo,682896,24,19,0.017289038157711427,21.985115899999077
601488,0.7864310145378113,0.5104381442070007,0.8543516993522644,0.129819787731692,144,regular_full_timeline,same_H144_prediction,IndependentModernTCN,42,Sanyo,682896,24,19,0.017289038157711427,21.985115899999077
263547,1.0926297903060913,0.8489676117897034,0.5494810342788696,0.1803654291663748,144,predefined_daylight,same_H144_prediction,IndependentModernTCN,42,Sanyo,682896,24,19,0.017289038157711427,21.985115899999077
50124,0.1412950158119201,0.1044787839055061,0.991746187210083,0.0233242186805536,12,regular_full_timeline,same_H144_prediction,IndependentModernTCN,43,Sanyo,682896,16,11,0.018373810065289337,15.244557900001382
9219,0.2177076935768127,0.1582577526569366,0.9820009469985962,0.0359380111481338,12,predefined_daylight,same_H144_prediction,IndependentModernTCN,43,Sanyo,682896,16,11,0.018373810065289337,15.244557900001382
200496,0.56702721118927,0.3377254903316498,0.8728986978530884,0.0936017919358712,48,regular_full_timeline,same_H144_prediction,IndependentModernTCN,43,Sanyo,682896,16,11,0.018373810065289337,15.244557900001382
49254,0.96436870098114,0.6429961323738098,0.6875723600387573,0.1591927807298346,48,predefined_daylight,same_H144_prediction,IndependentModernTCN,43,Sanyo,682896,16,11,0.018373810065289337,15.244557900001382
400992,0.8139668703079224,0.5165320634841919,0.8111276626586914,0.1343652581989105,96,regular_full_timeline,same_H144_prediction,IndependentModernTCN,43,Sanyo,682896,16,11,0.018373810065289337,15.244557900001382
136926,1.2301753759384155,0.93737131357193,0.4613046050071716,0.2030707121475067,96,predefined_daylight,same_H144_prediction,IndependentModernTCN,43,Sanyo,682896,16,11,0.018373810065289337,15.244557900001382
601488,0.8128421306610107,0.5445773601531982,0.8444046378135681,0.1341795922479036,144,regular_full_timeline,same_H144_prediction,IndependentModernTCN,43,Sanyo,682896,16,11,0.018373810065289337,15.244557900001382
263547,1.1099669933319092,0.8739281892776489,0.535070538520813,0.1832273610778416,144,predefined_daylight,same_H144_prediction,IndependentModernTCN,43,Sanyo,682896,16,11,0.018373810065289337,15.244557900001382
50124,0.1035392209887504,0.0669866427779197,0.9955678582191468,0.0170916958286085,12,regular_full_timeline,same_H144_prediction,IndependentModernTCN,44,Sanyo,682896,25,23,0.016157240575800338,24.317107099999703
9219,0.1794630736112594,0.1297421008348465,0.9877692461013794,0.0296247956797367,12,predefined_daylight,same_H144_prediction,IndependentModernTCN,44,Sanyo,682896,25,23,0.016157240575800338,24.317107099999703
200496,0.5384224057197571,0.2958959937095642,0.8853989839553833,0.088879865021098,48,regular_full_timeline,same_H144_prediction,IndependentModernTCN,44,Sanyo,682896,25,23,0.016157240575800338,24.317107099999703
49254,0.9514525532722472,0.6271032691001892,0.6958853006362915,0.1570606527708869,48,predefined_daylight,same_H144_prediction,IndependentModernTCN,44,Sanyo,682896,25,23,0.016157240575800338,24.317107099999703
400992,0.7424330711364746,0.4453047811985016,0.8428661823272705,0.122556844679593,96,regular_full_timeline,same_H144_prediction,IndependentModernTCN,44,Sanyo,682896,25,23,0.016157240575800338,24.317107099999703
136926,1.142414093017578,0.8610773086547852,0.535424530506134,0.1885835531860307,96,predefined_daylight,same_H144_prediction,IndependentModernTCN,44,Sanyo,682896,25,23,0.016157240575800338,24.317107099999703
601488,0.7481278777122498,0.4824930131435394,0.8681938052177429,0.1234969126158438,144,regular_full_timeline,same_H144_prediction,IndependentModernTCN,44,Sanyo,682896,25,23,0.016157240575800338,24.317107099999703
263547,1.0329208374023438,0.8034048676490784,0.597374677658081,0.1705089974535416,144,predefined_daylight,same_H144_prediction,IndependentModernTCN,44,Sanyo,682896,25,23,0.016157240575800338,24.317107099999703
54420,0.150999054312706,0.097677394747734,0.9913918375968932,0.0259053912344492,12,regular_full_timeline,same_H144_prediction,IndependentModernTCN,42,Hanwha,682896,25,21,0.013810670879833838,29.08539559999917
14617,0.2298868000507354,0.1534847468137741,0.9767710566520692,0.0394393694851689,12,predefined_daylight,same_H144_prediction,IndependentModernTCN,42,Hanwha,682896,25,21,0.013810670879833838,29.08539559999917
217680,0.5280011892318726,0.3010332286357879,0.8981609344482422,0.0905838612139914,48,regular_full_timeline,same_H144_prediction,IndependentModernTCN,42,Hanwha,682896,25,21,0.013810670879833838,29.08539559999917
68044,0.8387642502784729,0.5415412187576294,0.7170547246932983,0.1438983585416067,48,predefined_daylight,same_H144_prediction,IndependentModernTCN,42,Hanwha,682896,25,21,0.013810670879833838,29.08539559999917
435360,0.7439119219779968,0.439778059720993,0.8285251259803772,0.1276254971961732,96,regular_full_timeline,same_H144_prediction,IndependentModernTCN,42,Hanwha,682896,25,21,0.013810670879833838,29.08539559999917
165255,1.1184813976287842,0.8212605118751526,0.4791120886802673,0.1918866202567276,96,predefined_daylight,same_H144_prediction,IndependentModernTCN,42,Hanwha,682896,25,21,0.013810670879833838,29.08539559999917
653040,0.7382394075393677,0.4668885171413421,0.8495715856552124,0.1266523208641451,144,regular_full_timeline,same_H144_prediction,IndependentModernTCN,42,Hanwha,682896,25,21,0.013810670879833838,29.08539559999917
290271,1.0267164707183838,0.7826290726661682,0.5455228090286255,0.176143433360394,144,predefined_daylight,same_H144_prediction,IndependentModernTCN,42,Hanwha,682896,25,21,0.013810670879833838,29.08539559999917
54420,0.1666740924119949,0.096848614513874,0.9895118474960328,0.0285946000935725,12,regular_full_timeline,same_H144_prediction,IndependentModernTCN,43,Hanwha,682896,24,19,0.013965367339551449,27.606087500000285
14617,0.2908104956150055,0.2066021114587783,0.9628275036811828,0.0498914360641586,12,predefined_daylight,same_H144_prediction,IndependentModernTCN,43,Hanwha,682896,24,19,0.013965367339551449,27.606087500000285
217680,0.5514460802078247,0.2972128391265869,0.8889162540435791,0.094606065696963,48,regular_full_timeline,same_H144_prediction,IndependentModernTCN,43,Hanwha,682896,24,19,0.013965367339551449,27.606087500000285
68044,0.914633572101593,0.5813338756561279,0.6635527610778809,0.1569144961158861,48,predefined_daylight,same_H144_prediction,IndependentModernTCN,43,Hanwha,682896,24,19,0.013965367339551449,27.606087500000285
435360,0.7933812141418457,0.467164397239685,0.804961085319519,0.1361124468226381,96,regular_full_timeline,same_H144_prediction,IndependentModernTCN,43,Hanwha,682896,24,19,0.013965367339551449,27.606087500000285
165255,1.2099984884262085,0.8860228061676025,0.3903840184211731,0.207587288400226,96,predefined_daylight,same_H144_prediction,IndependentModernTCN,43,Hanwha,682896,24,19,0.013965367339551449,27.606087500000285
653040,0.7722088694572449,0.4837701320648193,0.83540940284729,0.1324801202832325,144,regular_full_timeline,same_H144_prediction,IndependentModernTCN,43,Hanwha,682896,24,19,0.013965367339551449,27.606087500000285
290271,1.0749865770339966,0.8059349060058594,0.5017846822738647,0.1844246507145426,144,predefined_daylight,same_H144_prediction,IndependentModernTCN,43,Hanwha,682896,24,19,0.013965367339551449,27.606087500000285
54420,0.164255753159523,0.1076817512512207,0.989814043045044,0.0281797099158952,12,regular_full_timeline,same_H144_prediction,IndependentModernTCN,44,Hanwha,682896,21,16,0.013995282680672757,23.639772800001083
14617,0.2605757713317871,0.188144713640213,0.9701551198959352,0.0447043680723257,12,predefined_daylight,same_H144_prediction,IndependentModernTCN,44,Hanwha,682896,21,16,0.013995282680672757,23.639772800001083
217680,0.564104437828064,0.3128809332847595,0.8837578892707825,0.0967777329834268,48,regular_full_timeline,same_H144_prediction,IndependentModernTCN,44,Hanwha,682896,21,16,0.013995282680672757,23.639772800001083
68044,0.9421480894088744,0.6305636763572693,0.643005907535553,0.1616348855164452,48,predefined_daylight,same_H144_prediction,IndependentModernTCN,44,Hanwha,682896,21,16,0.013995282680672757,23.639772800001083
435360,0.7936590909957886,0.4571522772312164,0.8048244714736938,0.1361601193636958,96,regular_full_timeline,same_H144_prediction,IndependentModernTCN,44,Hanwha,682896,21,16,0.013995282680672757,23.639772800001083
165255,1.2215557098388672,0.90406334400177,0.3786830306053161,0.2095700448064884,96,predefined_daylight,same_H144_prediction,IndependentModernTCN,44,Hanwha,682896,21,16,0.013995282680672757,23.639772800001083
653040,0.765646755695343,0.4669520556926727,0.8381948471069336,0.131354324329736,144,regular_full_timeline,same_H144_prediction,IndependentModernTCN,44,Hanwha,682896,21,16,0.013995282680672757,23.639772800001083
290271,1.0773483514785769,0.8084509968757629,0.4995930194854736,0.1848298366362217,144,predefined_daylight,same_H144_prediction,IndependentModernTCN,44,Hanwha,682896,21,16,0.013995282680672757,23.639772800001083
36228,0.0591820068657398,0.0465098321437835,-221.9051055908203,0.0098034830569537,12,regular_full_timeline,same_H144_prediction,IndependentModernTCN,42,Qcells,682896,25,25,0.012861728008526066,19.720427899999777
36,0.1146576628088951,0.1037217676639556,-7.391974449157715,0.0189930101094227,12,predefined_daylight,same_H144_prediction,IndependentModernTCN,42,Qcells,682896,25,25,0.012861728008526066,19.720427899999777
144912,0.4857719242572784,0.212465688586235,0.3477129340171814,0.0804679848015919,48,regular_full_timeline,same_H144_prediction,IndependentModernTCN,42,Qcells,682896,25,25,0.012861728008526066,19.720427899999777
14871,1.4321233034133911,1.1404860019683838,-0.6901423931121826,0.2372308288283042,48,predefined_daylight,same_H144_prediction,IndependentModernTCN,42,Qcells,682896,25,25,0.012861728008526066,19.720427899999777
289824,0.8080847263336182,0.4456745088100433,0.7251021862030029,0.1338590112560171,96,regular_full_timeline,same_H144_prediction,IndependentModernTCN,42,Qcells,682896,25,25,0.012861728008526066,19.720427899999777
77007,1.49971342086792,1.2095353603363037,0.1340090036392212,0.2484271130770996,96,predefined_daylight,same_H144_prediction,IndependentModernTCN,42,Qcells,682896,25,25,0.012861728008526066,19.720427899999777
434736,0.7843618988990784,0.480920672416687,0.8357285857200623,0.1299293314574738,144,regular_full_timeline,same_H144_prediction,IndependentModernTCN,42,Qcells,682896,25,25,0.012861728008526066,19.720427899999777
187271,1.1515583992004397,0.8911290168762207,0.4462862610816955,0.1907553300999941,144,predefined_daylight,same_H144_prediction,IndependentModernTCN,42,Qcells,682896,25,25,0.012861728008526066,19.720427899999777
36228,0.0634407624602317,0.0508560799062252,-255.1400146484375,0.0105089447424458,12,regular_full_timeline,same_H144_prediction,IndependentModernTCN,43,Qcells,682896,25,25,0.01343664173812916,18.406343199996627
36,0.2005992829799652,0.180982768535614,-24.687198638916016,0.0332292157038967,12,predefined_daylight,same_H144_prediction,IndependentModernTCN,43,Qcells,682896,25,25,0.01343664173812916,18.406343199996627
144912,0.4764720499515533,0.2074103206396103,0.3724492192268371,0.0789274631968615,48,regular_full_timeline,same_H144_prediction,IndependentModernTCN,43,Qcells,682896,25,25,0.01343664173812916,18.406343199996627
14871,1.37761127948761,1.101883888244629,-0.56392502784729,0.2282009271527998,48,predefined_daylight,same_H144_prediction,IndependentModernTCN,43,Qcells,682896,25,25,0.01343664173812916,18.406343199996627
289824,0.7609241604804993,0.4181755483150482,0.7562524676322937,0.1260468765755177,96,regular_full_timeline,same_H144_prediction,IndependentModernTCN,43,Qcells,682896,25,25,0.01343664173812916,18.406343199996627
77007,1.380334734916687,1.104092001914978,0.2663893103599548,0.2286520667908303,96,predefined_daylight,same_H144_prediction,IndependentModernTCN,43,Qcells,682896,25,25,0.01343664173812916,18.406343199996627
434736,0.7400640249252319,0.4433339238166809,0.8537595272064209,0.1225914008944419,144,regular_full_timeline,same_H144_prediction,IndependentModernTCN,43,Qcells,682896,25,25,0.01343664173812916,18.406343199996627
187271,1.0703651905059814,0.8120542764663696,0.521615207195282,0.1773056975523588,144,predefined_daylight,same_H144_prediction,IndependentModernTCN,43,Qcells,682896,25,25,0.01343664173812916,18.406343199996627
36228,0.057615865021944,0.041267029941082,-210.2636566162109,0.0095440520940046,12,regular_full_timeline,same_H144_prediction,IndependentModernTCN,44,Qcells,682896,25,25,0.012659465661272407,18.846610199998395
36,0.0827166810631752,0.0644934475421905,-3.3676133155822754,0.0137019953238476,12,predefined_daylight,same_H144_prediction,IndependentModernTCN,44,Qcells,682896,25,25,0.012659465661272407,18.846610199998395
144912,0.4677978754043579,0.216170385479927,0.3950904011726379,0.0774905885839507,48,regular_full_timeline,same_H144_prediction,IndependentModernTCN,44,Qcells,682896,25,25,0.012659465661272407,18.846610199998395
14871,1.3394697904586792,1.0605064630508425,-0.4785239696502685,0.2218828000519331,48,predefined_daylight,same_H144_prediction,IndependentModernTCN,44,Qcells,682896,25,25,0.012659465661272407,18.846610199998395
289824,0.7461246848106384,0.4177553653717041,0.7656416893005371,0.1235953475269941,96,regular_full_timeline,same_H144_prediction,IndependentModernTCN,44,Qcells,682896,25,25,0.012659465661272407,18.846610199998395
77007,1.3552621603012085,1.0967967510223389,0.2927980422973633,0.2244988017453466,96,predefined_daylight,same_H144_prediction,IndependentModernTCN,44,Qcells,682896,25,25,0.012659465661272407,18.846610199998395
434736,0.7467212677001953,0.4669739902019501,0.8511166572570801,0.1236941713175274,144,regular_full_timeline,same_H144_prediction,IndependentModernTCN,44,Qcells,682896,25,25,0.012659465661272407,18.846610199998395
187271,1.0848759412765503,0.8657704591751099,0.508556604385376,0.1797093994012276,144,predefined_daylight,same_H144_prediction,IndependentModernTCN,44,Qcells,682896,25,25,0.012659465661272407,18.846610199998395
