condition,seed,horizon,scope,mean_pinball,coverage_80,mean_width_kw,winkler_score,calibration_error,crossing_rate,q50_rmse_kw,q50_nrmse,q50_mae_kw,q50_r2,ramp_auroc,ramp_auprc,ramp_brier,ramp_precision,ramp_recall,ramp_f1,ramp_probability_abs_change_spearman,parameter_count,actual_epochs,best_epoch,best_validation_mean_pinball,training_seconds,mean_epoch_seconds,inference_seconds,inference_ms_per_sample,test_samples,ramp_threshold_kw,ramp_pos_weight
STANDARD_NCQ,42,3,full_test,0.06065591011901269,0.7800892669003697,0.6922981142997742,0.9064035415649414,0.019910733099630318,0.0,0.4145223475254099,0.06579719801990633,0.1826547384262085,0.94848640177764,nan,nan,nan,nan,nan,nan,nan,185060,22,16,0.02945923152636143,77.55223609999985,3.511191236363567,0.4556577999996989,0.026185724958318425,17401,0.15069979429244995,8.999551200538559
STANDARD_NCQ,42,3,daylight,0.1129632532818269,0.7933481976960238,1.2899419069290161,1.6953374147415161,0.0066518023039762175,0.0,0.5768429485025949,0.09156237277818967,0.33871200680732727,0.8979412235337028,nan,nan,nan,nan,nan,nan,nan,185060,22,16,0.02945923152636143,77.55223609999985,3.511191236363567,0.4556577999996989,0.026185724958318425,17401,0.15069979429244995,8.999551200538559
STANDARD_NCQ,42,3,ramp,0.20915202317509615,0.7799671592775042,2.133847951889038,3.0217154026031494,0.020032840722495893,0.0,0.8822998989281137,0.14004760300446248,0.6505690217018127,0.6220092407884102,nan,nan,nan,nan,nan,nan,nan,185060,22,16,0.02945923152636143,77.55223609999985,3.511191236363567,0.4556577999996989,0.026185724958318425,17401,0.15069979429244995,8.999551200538559
STANDARD_NCQ,42,3,non_ramp,0.029158928769348835,0.7801151667131049,0.3865360915660858,0.45773234963417053,0.019884833286895165,0.0,0.2077495153245884,0.03297611354358546,0.08340710401535034,0.986017911031432,nan,nan,nan,nan,nan,nan,nan,185060,22,16,0.02945923152636143,77.55223609999985,3.511191236363567,0.4556577999996989,0.026185724958318425,17401,0.15069979429244995,8.999551200538559
STANDARD_NCQ,42,6,full_test,0.06571452821467208,0.8233243300193476,0.7460749745368958,0.9830460548400879,0.023324330019347528,0.0,0.4502153536955158,0.07146275455484379,0.19767796993255615,0.9392317299969939,nan,nan,nan,nan,nan,nan,nan,185060,22,16,0.02945923152636143,77.55223609999985,3.511191236363567,0.4556577999996989,0.026185724958318425,17401,0.15069979429244995,8.999551200538559
STANDARD_NCQ,42,6,daylight,0.12325823172093892,0.7801999702646447,1.3948222398757935,1.8483988046646118,0.01980002973535533,0.0,0.6267083186230394,0.09947751089254595,0.3698696494102478,0.8795396494034265,nan,nan,nan,nan,nan,nan,nan,185060,22,16,0.02945923152636143,77.55223609999985,3.511191236363567,0.4556577999996989,0.026185724958318425,17401,0.15069979429244995,8.999551200538559
STANDARD_NCQ,42,6,ramp,0.22133214032790566,0.7841301133563332,2.2934815883636475,3.201324939727783,0.015869886643666842,0.0,0.9348641215748698,0.1483911304087095,0.6877278685569763,0.5757054832518216,nan,nan,nan,nan,nan,nan,nan,185060,22,16,0.02945923152636143,77.55223609999985,3.511191236363567,0.4556577999996989,0.026185724958318425,17401,0.15069979429244995,8.999551200538559
STANDARD_NCQ,42,6,non_ramp,0.03272673768939773,0.8316327122874224,0.4180559813976288,0.5128157734870911,0.03163271228742237,0.0,0.24575736503925352,0.03900910556178627,0.09379726648330688,0.9804325559979306,nan,nan,nan,nan,nan,nan,nan,185060,22,16,0.02945923152636143,77.55223609999985,3.511191236363567,0.4556577999996989,0.026185724958318425,17401,0.15069979429244995,8.999551200538559
STANDARD_NCQ,42,12,full_test,0.07294357390719138,0.760947646686972,0.7794083952903748,1.0756818056106567,0.03905235331302803,0.0,0.4970051361102587,0.07888970414448551,0.22252507507801056,0.9259010735593836,nan,nan,nan,nan,nan,nan,nan,185060,22,16,0.02945923152636143,77.55223609999985,3.511191236363567,0.4556577999996989,0.026185724958318425,17401,0.15069979429244995,8.999551200538559
STANDARD_NCQ,42,12,daylight,0.13639027492263164,0.7535422089996281,1.4585378170013428,2.015620708465576,0.04645779100037195,0.0,0.6919800484088098,0.1098381029220333,0.41521745920181274,0.8530693279208186,nan,nan,nan,nan,nan,nan,nan,185060,22,16,0.02945923152636143,77.55223609999985,3.511191236363567,0.4556577999996989,0.026185724958318425,17401,0.15069979429244995,8.999551200538559
STANDARD_NCQ,42,12,ramp,0.2356551428844203,0.7725428931645014,2.366584539413452,3.3673818111419678,0.027457106835498624,0.0,1.0032727807065802,0.1592496477312032,0.7404544949531555,0.5104762561312476,nan,nan,nan,nan,nan,nan,nan,185060,22,16,0.02945923152636143,77.55223609999985,3.511191236363567,0.4556577999996989,0.026185724958318425,17401,0.15069979429244995,8.999551200538559
STANDARD_NCQ,42,12,non_ramp,0.03849320480616673,0.758492624444367,0.44336098432540894,0.5904679894447327,0.041507375555633,0.0,0.2935962822659254,0.04660258448665482,0.1128656342625618,0.9720668672948239,nan,nan,nan,nan,nan,nan,nan,185060,22,16,0.02945923152636143,77.55223609999985,3.511191236363567,0.4556577999996989,0.026185724958318425,17401,0.15069979429244995,8.999551200538559
STANDARD_NCQ,43,3,full_test,0.05633323634957609,0.8071758328065437,0.5051612257957458,0.8298988938331604,0.007175832806543658,0.0,0.4120863776999333,0.06541053614284656,0.17201964557170868,0.9490900670518352,nan,nan,nan,nan,nan,nan,nan,185060,23,17,0.029125970018946606,77.85530830000016,3.3710159826086765,0.45686380000006466,0.026255031320042792,17401,0.15069979429244995,8.999551200538559
STANDARD_NCQ,43,3,daylight,0.10641859892125867,0.7423262727610553,0.9436308145523071,1.569454312324524,0.057673727238944705,0.0,0.5737340789032028,0.0910689014132068,0.32462069392204285,0.899038340813444,nan,nan,nan,nan,nan,nan,nan,185060,23,17,0.029125970018946606,77.85530830000016,3.3710159826086765,0.45686380000006466,0.026255031320042792,17401,0.15069979429244995,8.999551200538559
STANDARD_NCQ,43,3,ramp,0.2112010411804522,0.6722495894909688,1.6470056772232056,3.079554557800293,0.12775041050903124,0.0,0.8913961719207355,0.1414914558604342,0.6512953639030457,0.614175074579838,nan,nan,nan,nan,nan,nan,nan,185060,23,17,0.029125970018946606,77.85530830000016,3.3710159826086765,0.45686380000006466,0.026255031320042792,17401,0.15069979429244995,8.999551200538559
STANDARD_NCQ,43,3,non_ramp,0.02348477816414717,0.835794557444042,0.26296865940093994,0.35273247957229614,0.03579455744404192,0.0,0.19312441643685377,0.030654669275691077,0.07036217302083969,0.987917232621581,nan,nan,nan,nan,nan,nan,nan,185060,23,17,0.029125970018946606,77.85530830000016,3.3710159826086765,0.45686380000006466,0.026255031320042792,17401,0.15069979429244995,8.999551200538559
STANDARD_NCQ,43,6,full_test,0.06212217824870359,0.7252360975422868,0.563554048538208,0.9118645787239075,0.07476390245771325,0.0,0.45160330749707805,0.07168306468207589,0.1903601735830307,0.9388564703269487,nan,nan,nan,nan,nan,nan,nan,185060,23,17,0.029125970018946606,77.85530830000016,3.3710159826086765,0.45686380000006466,0.026255031320042792,17401,0.15069979429244995,8.999551200538559
STANDARD_NCQ,43,6,daylight,0.1169570758760122,0.746561849539102,1.0573792457580566,1.719159722328186,0.05343815046089806,0.0,0.6287843100285307,0.09980703333786202,0.35791051387786865,0.8787402734521463,nan,nan,nan,nan,nan,nan,nan,185060,23,17,0.029125970018946606,77.85530830000016,3.3710159826086765,0.45686380000006466,0.026255031320042792,17401,0.15069979429244995,8.999551200538559
STANDARD_NCQ,43,6,ramp,0.22404158488343037,0.68829746454192,1.8216062784194946,3.254190444946289,0.11170253545808007,0.0,0.9513272387693189,0.15100432361417762,0.6934113502502441,0.5606300924076821,nan,nan,nan,nan,nan,nan,nan,185060,23,17,0.029125970018946606,77.85530830000016,3.3710159826086765,0.45686380000006466,0.026255031320042792,17401,0.15069979429244995,8.999551200538559
STANDARD_NCQ,43,6,non_ramp,0.027798534571685244,0.7330663416332927,0.2968723773956299,0.4153386950492859,0.0669336583667074,0.0,0.23522577050218976,0.03733742388923647,0.08372347056865692,0.9820736935481179,nan,nan,nan,nan,nan,nan,nan,185060,23,17,0.029125970018946606,77.85530830000016,3.3710159826086765,0.45686380000006466,0.026255031320042792,17401,0.15069979429244995,8.999551200538559
STANDARD_NCQ,43,12,full_test,0.06895221556273445,0.7508380744401663,0.6026496887207031,1.0052751302719116,0.049161925559833786,0.0,0.498567944381577,0.07913776894945666,0.21265824139118195,0.9254343369125231,nan,nan,nan,nan,nan,nan,nan,185060,23,17,0.029125970018946606,77.85530830000016,3.3710159826086765,0.45686380000006466,0.026255031320042792,17401,0.15069979429244995,8.999551200538559
STANDARD_NCQ,43,12,daylight,0.13031422365370005,0.7251022685013016,1.1317251920700073,1.9025732278823853,0.0748977314986985,0.0,0.6943701669917943,0.11021748682409434,0.40137067437171936,0.8520525646549553,nan,nan,nan,nan,nan,nan,nan,185060,23,17,0.029125970018946606,77.85530830000016,3.3710159826086765,0.45686380000006466,0.026255031320042792,17401,0.15069979429244995,8.999551200538559
STANDARD_NCQ,43,12,ramp,0.24010310689518544,0.6834402236474264,1.9098999500274658,3.469109296798706,0.11655977635257364,0.0,1.0207591062275527,0.1620252549567544,0.7467967867851257,0.4932634117884488,nan,nan,nan,nan,nan,nan,nan,185060,23,17,0.029125970018946606,77.85530830000016,3.3710159826086765,0.45686380000006466,0.026255031320042792,17401,0.15069979429244995,8.999551200538559
STANDARD_NCQ,43,12,non_ramp,0.0327150173386951,0.7651079929900305,0.3258700668811798,0.483615905046463,0.03489200700996953,0.0,0.28388467531416883,0.04506105957367759,0.09956692159175873,0.9738842534834344,nan,nan,nan,nan,nan,nan,nan,185060,23,17,0.029125970018946606,77.85530830000016,3.3710159826086765,0.45686380000006466,0.026255031320042792,17401,0.15069979429244995,8.999551200538559
STANDARD_NCQ,44,3,full_test,0.06081422431001101,0.777752236461506,0.6447172164916992,0.8911919593811035,0.022247763538494003,0.0,0.4162174684396113,0.06606626483168435,0.1866469532251358,0.9480642264227876,nan,nan,nan,nan,nan,nan,nan,185060,22,16,0.029259491273188505,73.84307139999964,3.3434765272726796,0.418568999999934,0.02405430722371898,17401,0.15069979429244995,8.999551200538559
STANDARD_NCQ,44,3,daylight,0.11466933006304215,0.7366406540319583,1.2102171182632446,1.6812790632247925,0.06335934596804171,0.0,0.5794914695599014,0.09198277294601609,0.3517601490020752,0.8970018835774097,nan,nan,nan,nan,nan,nan,nan,185060,22,16,0.029259491273188505,73.84307139999964,3.3434765272726796,0.418568999999934,0.02405430722371898,17401,0.15069979429244995,8.999551200538559
STANDARD_NCQ,44,3,ramp,0.20849582782299647,0.7626710454296661,2.0604259967803955,3.0236644744873047,0.037328954570333917,0.0,0.8779095911562538,0.13935072875496093,0.6462420225143433,0.6257616175584324,nan,nan,nan,nan,nan,nan,nan,185060,22,16,0.029259491273188505,73.84307139999964,3.3434765272726796,0.418568999999934,0.02405430722371898,17401,0.15069979429244995,8.999551200538559
STANDARD_NCQ,44,3,non_ramp,0.029490005676893107,0.7809510541469304,0.3444362282752991,0.4388808012008667,0.0190489458530696,0.0,0.21565221048133637,0.03423050960021212,0.0891638696193695,0.9849339341938815,nan,nan,nan,nan,nan,nan,nan,185060,22,16,0.029259491273188505,73.84307139999964,3.3434765272726796,0.418568999999934,0.02405430722371898,17401,0.15069979429244995,8.999551200538559
STANDARD_NCQ,44,6,full_test,0.06513804706935428,0.8211213914909105,0.6724863648414612,0.9573379755020142,0.021121391490910413,0.0,0.45130049948644607,0.0716349999184835,0.1993606984615326,0.9389384374481221,nan,nan,nan,nan,nan,nan,nan,185060,22,16,0.029259491273188505,73.84307139999964,3.3434765272726796,0.418568999999934,0.02405430722371898,17401,0.15069979429244995,8.999551200538559
STANDARD_NCQ,44,6,daylight,0.12347915999006379,0.7427148379423134,1.2644630670547485,1.8122665882110596,0.057285162057686634,0.0,0.6284434114061488,0.09975292244542044,0.3784216642379761,0.8788717159959353,nan,nan,nan,nan,nan,nan,nan,185060,22,16,0.029259491273188505,73.84307139999964,3.3434765272726796,0.418568999999934,0.02405430722371898,17401,0.15069979429244995,8.999551200538559
STANDARD_NCQ,44,6,ramp,0.2220437630521675,0.7519851048682986,2.129110336303711,3.23675537109375,0.04801489513170143,0.0,0.9314400958928806,0.1478476342687112,0.6849114298820496,0.5788078160727597,nan,nan,nan,nan,nan,nan,nan,185060,22,16,0.029259491273188505,73.84307139999964,3.3434765272726796,0.418568999999934,0.02405430722371898,17401,0.15069979429244995,8.999551200538559
STANDARD_NCQ,44,6,non_ramp,0.03187720454149831,0.8357768878054443,0.36371147632598877,0.47414740920066833,0.0357768878054443,0.0,0.2508723862848755,0.039821013696011986,0.09643373638391495,0.979609552191672,nan,nan,nan,nan,nan,nan,nan,185060,22,16,0.029259491273188505,73.84307139999964,3.3434765272726796,0.418568999999934,0.02405430722371898,17401,0.15069979429244995,8.999551200538559
STANDARD_NCQ,44,12,full_test,0.0711703373159614,0.8452531463708982,0.7133744955062866,1.0358880758285522,0.04525314637089817,0.0,0.49860213499511086,0.07914319603096998,0.21984440088272095,0.9254241123877962,nan,nan,nan,nan,nan,nan,nan,185060,22,16,0.029259491273188505,73.84307139999964,3.3434765272726796,0.418568999999934,0.02405430722371898,17401,0.15069979429244995,8.999551200538559
STANDARD_NCQ,44,12,daylight,0.1350397741145281,0.7596690219412421,1.341081976890564,1.9624578952789307,0.04033097805875796,0.0,0.6944666657601283,0.11023280408890926,0.4177470803260803,0.8520114439134928,nan,nan,nan,nan,nan,nan,nan,185060,22,16,0.029259491273188505,73.84307139999964,3.3434765272726796,0.418568999999934,0.02405430722371898,17401,0.15069979429244995,8.999551200538559
STANDARD_NCQ,44,12,ramp,0.23723580949820516,0.7416543331688867,2.2078161239624023,3.4197611808776855,0.05834566683111331,0.0,0.9998138075582313,0.15870060437432243,0.7394626140594482,0.513845877966747,nan,nan,nan,nan,nan,nan,nan,185060,22,16,0.029259491273188505,73.84307139999964,3.3434765272726796,0.418568999999934,0.02405430722371898,17401,0.15069979429244995,8.999551200538559
STANDARD_NCQ,44,12,non_ramp,0.03600985765507827,0.8671877720135093,0.39696136116981506,0.5311586856842041,0.06718777201350923,0.0,0.29931992844567495,0.04751109975328174,0.10982740670442581,0.9709671397140619,nan,nan,nan,nan,nan,nan,nan,185060,22,16,0.029259491273188505,73.84307139999964,3.3434765272726796,0.418568999999934,0.02405430722371898,17401,0.15069979429244995,8.999551200538559
RAMP_AWARE_NCQ,42,3,full_test,0.060993391652265895,0.7827136371472904,0.5598505735397339,0.906402587890625,0.01728636285270968,0.0,0.4170816758771058,0.06620344061541363,0.1846798211336136,0.9478483296354503,0.9444256264288259,0.7204840600513006,0.11272464711443726,0.5438231960710238,0.9454844006568145,0.6904904664827917,0.8487519483736725,240392,29,23,0.030407015841616238,105.55607569999984,3.623954303448264,0.5116097000000082,0.029401166599621182,17401,0.15069979429244995,8.999551200538559
RAMP_AWARE_NCQ,42,3,daylight,0.11206871132324482,0.7256038647342995,1.0110607147216797,1.6652289628982544,0.07439613526570055,0.0,0.5801264168003423,0.09208355822227655,0.33936646580696106,0.8967760533047153,0.8656168566978986,0.7205550586270381,0.21857335296661712,0.543857439707827,0.9454844006568145,0.6905180684362008,0.5167153294945487,240392,29,23,0.030407015841616238,105.55607569999984,3.623954303448264,0.5116097000000082,0.029401166599621182,17401,0.15069979429244995,8.999551200538559
RAMP_AWARE_NCQ,42,3,ramp,0.21411922481686524,0.6917350848385331,1.7201951742172241,3.1459333896636963,0.10826491516146697,0.0,0.8976969444937654,0.14249157849107388,0.6555286049842834,0.6087014569217408,nan,1.0,0.04561999468259765,1.0,0.9454844006568145,0.9719783929777177,0.3395365946911401,240392,29,23,0.030407015841616238,105.55607569999984,3.623954303448264,0.5116097000000082,0.029401166599621182,17401,0.15069979429244995,8.999551200538559
RAMP_AWARE_NCQ,42,3,non_ramp,0.0285144168691644,0.8020107736602582,0.31373411417007446,0.4313836693763733,0.002010773660258147,0.0,0.19981620061822533,0.03171685724098815,0.08480976521968842,0.9870653867336789,nan,nan,0.12695797580313548,0.0,0.0,0.0,0.7726057943259352,240392,29,23,0.030407015841616238,105.55607569999984,3.623954303448264,0.5116097000000082,0.029401166599621182,17401,0.15069979429244995,8.999551200538559
RAMP_AWARE_NCQ,42,6,full_test,0.06535015069483432,0.7993506120337912,0.6020935773849487,0.9683197140693665,0.0006493879662088364,0.0,0.45178041249044737,0.0717111765857853,0.19843696057796478,0.9388085014738939,0.9391291557052656,0.6955461228272286,0.11451678056128954,0.5394890580099156,0.9355456984831061,0.6843454574587405,0.8458974624290384,240392,29,23,0.030407015841616238,105.55607569999984,3.623954303448264,0.5116097000000082,0.029401166599621182,17401,0.15069979429244995,8.999551200538559
RAMP_AWARE_NCQ,42,6,daylight,0.1207036156625675,0.732790663098424,1.0967278480529785,1.787563681602478,0.06720933690157604,0.0,0.6285124546917037,0.09976388169709582,0.36670899391174316,0.878845097962379,0.8528707461423146,0.6956483170769385,0.2220455271091534,0.5395572118876922,0.9355456984831061,0.6844002884384264,0.49408570996375173,240392,29,23,0.030407015841616238,105.55607569999984,3.623954303448264,0.5116097000000082,0.029401166599621182,17401,0.15069979429244995,8.999551200538559
RAMP_AWARE_NCQ,42,6,ramp,0.2256067572854586,0.6961831225015059,1.8487815856933594,3.29988956451416,0.10381687749849411,0.0,0.9494486714772408,0.15070613832972077,0.6936626434326172,0.5623636061905317,nan,1.0,0.05219109496723671,1.0,0.9355456984831061,0.9666996746357335,0.2964428105953625,240392,29,23,0.030407015841616238,105.55607569999984,3.623954303448264,0.5116097000000082,0.029401166599621182,17401,0.15069979429244995,8.999551200538559
RAMP_AWARE_NCQ,42,6,non_ramp,0.031378987041094805,0.8212200359858378,0.3378209173679352,0.47407397627830505,0.02122003598583777,0.0,0.23723836843358886,0.03765688387834744,0.09345913678407669,0.9817656253782929,nan,nan,0.12772856702171093,0.0,0.0,0.0,0.7729689517427799,240392,29,23,0.030407015841616238,105.55607569999984,3.623954303448264,0.5116097000000082,0.029401166599621182,17401,0.15069979429244995,8.999551200538559
RAMP_AWARE_NCQ,42,12,full_test,0.0722171872685389,0.7991063731969427,0.6722725629806519,1.0599931478500366,0.0008936268030573791,0.0,0.4980698823289577,0.07905871148078694,0.2213045209646225,0.9255832434787286,0.9325625028672428,0.6691175881577475,0.11920097907261173,0.5256709633227473,0.9254782656361344,0.6704989972399277,0.8442790566717364,240392,29,23,0.030407015841616238,105.55607569999984,3.623954303448264,0.5116097000000082,0.029401166599621182,17401,0.15069979429244995,8.999551200538559
RAMP_AWARE_NCQ,42,12,daylight,0.13367151379338207,0.7221178876905913,1.2337329387664795,1.9614357948303223,0.07788211230940878,0.0,0.6930312763893035,0.11000496450623866,0.40974193811416626,0.8526225605370863,0.8374374572046142,0.6693379942914426,0.23105700099263096,0.525924772214002,0.9254782656361344,0.6707054255097278,0.4725850124673493,240392,29,23,0.030407015841616238,105.55607569999984,3.623954303448264,0.5116097000000082,0.029401166599621182,17401,0.15069979429244995,8.999551200538559
RAMP_AWARE_NCQ,42,12,ramp,0.23967180183572978,0.7063805295181713,2.046015501022339,3.463578939437866,0.09361947048182873,0.0,1.0161809719989758,0.16129856698396441,0.7453149557113647,0.4977986761857772,nan,1.0,0.05762053228092971,1.0,0.9254782656361344,0.9612970264615034,0.2526447146104524,240392,29,23,0.030407015841616238,105.55607569999984,3.623954303448264,0.5116097000000082,0.029401166599621182,17401,0.15069979429244995,8.999551200538559
RAMP_AWARE_NCQ,42,12,non_ramp,0.036762589198029945,0.8187389018488214,0.3814146816730499,0.5510900020599365,0.01873890184882132,0.0,0.2862925815769375,0.04544326691697421,0.11035753786563873,0.9734393483387466,nan,nan,0.13223919838740644,0.0,0.0,0.0,0.7770550378625938,240392,29,23,0.030407015841616238,105.55607569999984,3.623954303448264,0.5116097000000082,0.029401166599621182,17401,0.15069979429244995,8.999551200538559
RAMP_AWARE_NCQ,43,3,full_test,0.06408612567712621,0.8298182096814359,0.6513584852218628,0.9562565684318542,0.029818209681435892,0.0,0.42011717756866346,0.06668526628074023,0.19326546788215637,0.9470864544596864,0.9479729068868779,0.7387003832644057,0.11639358928935803,0.533971644264408,0.9523809523809523,0.684285040113261,0.8702963208516853,240392,18,12,0.03234755457041488,65.0025455,3.595382300000084,0.4819351999999526,0.02769583357278045,17401,0.15069979429244995,8.999551200538559
RAMP_AWARE_NCQ,43,3,daylight,0.11873966113715777,0.7599777034559643,1.195237159729004,1.768916368484497,0.040022296544035774,0.0,0.5845749079622112,0.09278966793050972,0.3586546778678894,0.8951869156506734,0.8740123125765493,0.738726088355053,0.22555138481770498,0.5340044193469188,0.9523809523809523,0.6843119518621937,0.5239209533860467,240392,18,12,0.03234755457041488,65.0025455,3.595382300000084,0.4819351999999526,0.02769583357278045,17401,0.15069979429244995,8.999551200538559
RAMP_AWARE_NCQ,43,3,ramp,0.21003783373249485,0.7642036124794745,2.0403919219970703,3.034088611602783,0.0357963875205255,0.0,0.8850284548134415,0.14048070711324467,0.6534093022346497,0.6196677167798537,nan,1.0,0.03670108422935252,1.0,0.9523809523809523,0.975609756097561,0.3644271503641537,240392,18,12,0.03234755457041488,65.0025455,3.595382300000084,0.4819351999999526,0.02769583357278045,17401,0.15069979429244995,8.999551200538559
RAMP_AWARE_NCQ,43,3,non_ramp,0.03312882900475247,0.843735488065385,0.3567356467247009,0.5155349373817444,0.043735488065384964,0.0,0.21862555267728695,0.03470246867893444,0.09566598385572433,0.9845156182547459,nan,nan,0.13329688254010455,0.0,0.0,0.0,0.8093584991516413,240392,18,12,0.03234755457041488,65.0025455,3.595382300000084,0.4819351999999526,0.02769583357278045,17401,0.15069979429244995,8.999551200538559
RAMP_AWARE_NCQ,43,6,full_test,0.06847615000200681,0.8209394096124744,0.683742105960846,1.0184791088104248,0.020939409612474313,0.0,0.45305912591322717,0.07191414697035352,0.2071610987186432,0.9384616204308167,0.943449133830919,0.7163034320621242,0.1186519180471312,0.5283001615410405,0.9491813153715569,0.6787938124143332,0.8684130496633343,240392,18,12,0.03234755457041488,65.0025455,3.595382300000084,0.4819351999999526,0.02769583357278045,17401,0.15069979429244995,8.999551200538559
RAMP_AWARE_NCQ,43,6,daylight,0.12738462340876233,0.7433281296461492,1.2614591121673584,1.8935060501098633,0.056671870353850795,0.0,0.630564499666505,0.10008960312166745,0.3856064975261688,0.8780526910152837,0.8630487389009744,0.7163382572874262,0.22993566526555384,0.5284129016523382,0.9491813153715569,0.6788868652448936,0.5078811554995022,240392,18,12,0.03234755457041488,65.0025455,3.595382300000084,0.4819351999999526,0.02769583357278045,17401,0.15069979429244995,8.999551200538559
RAMP_AWARE_NCQ,43,6,ramp,0.22251631110791542,0.7575160177427304,2.1274337768554688,3.2274818420410156,0.04248398225726968,0.0,0.9371642783182769,0.14875623465369475,0.6896015405654907,0.5736150375012228,nan,1.0,0.039991550826189354,1.0,0.9491813153715569,0.9739281901444063,0.31760362836441797,240392,18,12,0.03234755457041488,65.0025455,3.595382300000084,0.4819351999999526,0.02769583357278045,17401,0.15069979429244995,8.999551200538559
RAMP_AWARE_NCQ,43,6,non_ramp,0.03582274722813721,0.8343838876313193,0.37770867347717285,0.5502151250839233,0.034383887631319277,0.0,0.2501941761285852,0.03971336129025162,0.10489346832036972,0.9797196519605181,nan,nan,0.13532632707634498,0.0,0.0,0.0,0.8107639440288779,240392,18,12,0.03234755457041488,65.0025455,3.595382300000084,0.4819351999999526,0.02769583357278045,17401,0.15069979429244995,8.999551200538559
RAMP_AWARE_NCQ,43,12,full_test,0.07523123728867781,0.7867268164664866,0.7139617800712585,1.1096793413162231,0.013273183533513477,0.0,0.49768783493059465,0.07899806903660232,0.22945153713226318,0.9256973630917059,0.9371891503035602,0.687977256121161,0.1200362185492525,0.5232873787592265,0.9404429096091652,0.6724215642085872,0.8649238027381498,240392,18,12,0.03234755457041488,65.0025455,3.595382300000084,0.4819351999999526,0.02769583357278045,17401,0.15069979429244995,8.999551200538559
RAMP_AWARE_NCQ,43,12,daylight,0.1402831655505939,0.7136574934920045,1.3222379684448242,2.0675299167633057,0.08634250650799558,0.0,0.6927811696664528,0.10996526502642108,0.42819297313690186,0.85272891727327,0.8478896859809937,0.6880488434458808,0.2326318180576422,0.5235109239594776,0.9404429096091652,0.672606096246202,0.49030656620429575,240392,18,12,0.03234755457041488,65.0025455,3.595382300000084,0.4819351999999526,0.02769583357278045,17401,0.15069979429244995,8.999551200538559
RAMP_AWARE_NCQ,43,12,ramp,0.23819539998331188,0.740229128980979,2.1801419258117676,3.439343214035034,0.05977087101902101,0.0,1.0030295258242865,0.15921103584512486,0.7413038015365601,0.5107135813108972,nan,1.0,0.04780716797558238,1.0,0.9404429096091652,0.9693074760942951,0.27010980136900953,240392,18,12,0.03234755457041488,65.0025455,3.595382300000084,0.4819351999999526,0.02769583357278045,17401,0.15069979429244995,8.999551200538559
RAMP_AWARE_NCQ,43,12,non_ramp,0.040727387375858966,0.7965716142659842,0.4035324156284332,0.6164276599884033,0.0034283857340158264,0.0,0.29516946113790415,0.04685229541871495,0.12107880413532257,0.9717667165482456,nan,nan,0.135329030656717,0.0,0.0,0.0,0.8108513925550287,240392,18,12,0.03234755457041488,65.0025455,3.595382300000084,0.4819351999999526,0.02769583357278045,17401,0.15069979429244995,8.999551200538559
RAMP_AWARE_NCQ,44,3,full_test,0.0634740299995377,0.7939390456487175,0.7082788348197937,0.9449349045753479,0.00606095435128251,0.0,0.4218987705456925,0.06696805881677659,0.19185715913772583,0.9466367199606899,0.9463644183516206,0.734037296462618,0.12539969992864855,0.515228127939793,0.9592775041050903,0.6703897792908236,0.8458939810079892,240392,22,16,0.031886579077420894,76.5874858000002,3.4657683999999502,0.4386389000001145,0.025207683466474028,17401,0.15069979429244995,8.999551200538559
RAMP_AWARE_NCQ,44,3,daylight,0.11409295989401894,0.817985878855444,1.291968584060669,1.6945091485977173,0.017985878855444004,0.0,0.5865248216122998,0.09309917803369838,0.3456559181213379,0.8944865179026673,0.8701318632760506,0.7340663208443762,0.24298777350897627,0.5152887216276608,0.9592775041050903,0.6704410695841782,0.5267343614509465,240392,22,16,0.031886579077420894,76.5874858000002,3.4657683999999502,0.4386389000001145,0.025207683466474028,17401,0.15069979429244995,8.999551200538559
RAMP_AWARE_NCQ,44,3,ramp,0.21172864555698134,0.7928845101258895,2.190232753753662,3.0838682651519775,0.007115489874110592,0.0,0.8919199513987881,0.1415745954601251,0.6535981893539429,0.6137215222332788,nan,1.0,0.031361447919503585,1.0,0.9592775041050903,0.9792155548105934,0.37860724629495773,240392,22,16,0.031886579077420894,76.5874858000002,3.4657683999999502,0.4386389000001145,0.025207683466474028,17401,0.15069979429244995,8.999551200538559
RAMP_AWARE_NCQ,44,3,non_ramp,0.032028271823693735,0.7941627194204514,0.39394691586494446,0.49125346541404724,0.005837280579548687,0.0,0.2168364875276572,0.03441849008375511,0.09391894191503525,0.9847680060857067,nan,nan,0.14534581844131547,0.0,0.0,0.0,0.765503318529996,240392,22,16,0.031886579077420894,76.5874858000002,3.4657683999999502,0.4386389000001145,0.025207683466474028,17401,0.15069979429244995,8.999551200538559
RAMP_AWARE_NCQ,44,6,full_test,0.06751059345697859,0.8045514625596231,0.7734518647193909,1.0101529359817505,0.004551462559623021,0.0,0.4531521295778823,0.07192890945680672,0.2030329555273056,0.9384363544793364,0.9412536201869127,0.7091628125474319,0.12990064805384166,0.507977174799115,0.955478889436504,0.6633085593719705,0.8457725326943581,240392,22,16,0.031886579077420894,76.5874858000002,3.4657683999999502,0.4386389000001145,0.025207683466474028,17401,0.15069979429244995,8.999551200538559
RAMP_AWARE_NCQ,44,6,daylight,0.12314679049936608,0.8183541480820696,1.42168390750885,1.842294454574585,0.018354148082069588,0.0,0.6303763887994109,0.10005974425387476,0.3704218864440918,0.8781254313880386,0.8577573905100906,0.7092047418256429,0.2517052764861744,0.5081103118902706,0.955478889436504,0.6634220532319391,0.5056360975685307,240392,22,16,0.031886579077420894,76.5874858000002,3.4657683999999502,0.4386389000001145,0.025207683466474028,17401,0.15069979429244995,8.999551200538559
RAMP_AWARE_NCQ,44,6,ramp,0.22366423072623917,0.8018728437654017,2.380455732345581,3.271162271499634,0.0018728437654016439,0.0,0.9416317175115745,0.1494653519859642,0.6877529621124268,0.5695402026692322,nan,1.0,0.033860889932552395,1.0,0.955478889436504,0.9772326304293035,0.326279419984271,240392,22,16,0.031886579077420894,76.5874858000002,3.4657683999999502,0.4386389000001145,0.025207683466474028,17401,0.15069979429244995,8.999551200538559
RAMP_AWARE_NCQ,44,6,non_ramp,0.034409176425532,0.8051192756399095,0.43279942870140076,0.5308645963668823,0.0051192756399094375,0.0,0.24681987811024889,0.03917775843019824,0.10028214007616043,0.9802629926211284,nan,nan,0.15025913691625808,0.0,0.0,0.0,0.7707727743422803,240392,22,16,0.031886579077420894,76.5874858000002,3.4657683999999502,0.4386389000001145,0.025207683466474028,17401,0.15069979429244995,8.999551200538559
RAMP_AWARE_NCQ,44,12,full_test,0.07416531974066713,0.8391280194624829,0.8665897250175476,1.111784815788269,0.0391280194624829,0.0,0.4968954352009298,0.0788722913017349,0.222634956240654,0.9259337785704198,0.9337460639891233,0.6786243566280148,0.1356385782440146,0.497783598629861,0.9479526393685249,0.6527819719160501,0.8448033851412865,240392,22,16,0.031886579077420894,76.5874858000002,3.4657683999999502,0.4386389000001145,0.025207683466474028,17401,0.15069979429244995,8.999551200538559
RAMP_AWARE_NCQ,44,12,daylight,0.13714028536788986,0.8101059873558943,1.6033225059509277,2.054560422897339,0.010105987355894297,0.0,0.6916750800145769,0.10978969524040903,0.4119296073913574,0.8531988081091796,0.8395629862125367,0.6786968205308268,0.26287749895254325,0.4980488156094751,0.9479526393685249,0.6530099781933523,0.47776939324692785,240392,22,16,0.031886579077420894,76.5874858000002,3.4657683999999502,0.4386389000001145,0.025207683466474028,17401,0.15069979429244995,8.999551200538559
RAMP_AWARE_NCQ,44,12,ramp,0.2404104077514428,0.8043907252096695,2.62011456489563,3.518566846847534,0.004390725209669433,0.0,1.0051609614514003,0.15954935896053973,0.7387490272521973,0.5086319093753131,nan,1.0,0.039981175295821424,1.0,0.9479526393685249,0.9732809927820691,0.27160245408167594,240392,22,16,0.031886579077420894,76.5874858000002,3.4657683999999502,0.4386389000001145,0.025207683466474028,17401,0.15069979429244995,8.999551200538559
RAMP_AWARE_NCQ,44,12,non_ramp,0.03896681062909279,0.8464828290565556,0.4953218102455139,0.6022049188613892,0.04648282905655554,0.0,0.29199959991130464,0.04634914284306423,0.11335988342761993,0.9723698607919036,nan,nan,0.15589179600551184,0.0,0.0,0.0,0.776647521099415,240392,22,16,0.031886579077420894,76.5874858000002,3.4657683999999502,0.4386389000001145,0.025207683466474028,17401,0.15069979429244995,8.999551200538559
